url;titre;chaine;vues;abonnes;ratio_vues_abonnes;duree_s;date;age_jours;score;transcript
https://www.youtube.com/watch?v=tkAOBvPL5jY;My Husband Pays Every Bill Yet I Feel Like That’s not Enough! | True Story;Tr4cyxo;968027;4280;226.17;807;2026-07-07T17:00:26.000Z;50;780;oui
https://www.youtube.com/watch?v=zpsd_XiStpA;Becoming;Lauretta Ifechukwu TV;38573;441;87.47;1383;2026-08-17;9;362;oui
https://www.youtube.com/watch?v=vxBe7CrUCdU;Modern Women Are FINALLY Realizing How Dating Has Changed;Forgotten Origins;13317;206;64.65;1505;2026-08-22T13:50:18.000Z;4;256;oui
https://www.youtube.com/watch?v=ENIQyX7N6Oo;Jordan Peterson: Love Is Not Enough;Mind Pattern Lab;1764;27;65.33;112;2026-08-21T17:25:35.000Z;5;201;oui
https://www.youtube.com/watch?v=dRevLDDin5I;Forced Into an Arranged Marriage—3 Months Later, the Cold CEO Finally Lost Control! 😱💋;PeachShine Drama;1540433;41500;37.12;6750;2026-08-05T12:58:26.000Z;21;182;oui
https://www.youtube.com/watch?v=hN5aFUAYZiQ;REVEAL YOUR LOVE STORY !! #lovelife #quiz #personalitytest #aesthetic;Cantaloupe Quizzes;628;3;209.33;471;2026-05-06T20:51:07.000Z;111;170;oui
https://www.youtube.com/watch?v=caFZhrYUGS8;Free Tinder Gold Promo Code 2026 🎁 How to Get FREE Tinder Gold / Platinum or Plus!;dmenken;6254;131;47.74;212;2026-07-30T15:10:42.000Z;27;135;oui
https://www.youtube.com/watch?v=7YU4R7szXUw&list=RD7YU4R7szXUw&start_radio=1;The Night I Stopped Believing in Love | Sad Songs 2026 | Depressing Songs That Make You Cry;Sakura Rain Reverie;9721;139;69.94;25324;2026-05-21T03:03:03.000Z;97;95;oui
https://www.youtube.com/watch?v=zQs_40_JWno&list=RDzQs_40_JWno&start_radio=1;We Loved Each Other at the Wrong Time;Uwera Pretty - Topic;4648;144;32.28;240;2026-08-01T14:41:16.000Z;25;90;non
https://www.youtube.com/watch?v=Y13-qj2HXms&list=RDY13-qj2HXms&start_radio=1;Sia & Damian Marley – We Loved Each Other at the Wrong Time (Cinematic Reggae Pop | Emotional 2026);Dream Beat Studio;82871;881;94.06;250;2026-03-31T13:50:29.000Z;148;90;oui
https://www.youtube.com/watch?v=ihhuvvlsJLQ;Are Dating Apps Designed to Keep You Single?;Dr. Economist;91;2;45.5;1041;2026-08-16;10;79;oui
https://www.youtube.com/watch?v=4Hzc-UCjBiM&list=RD4Hzc-UCjBiM&start_radio=1;Il y a des blessures que même mes parents ne connaissent pas, adorations puissantes, Euloge HOUNSOU;Gospel_music 75;945793;17500;54.05;276;2026-04-21T20:22:28.000Z;126;79;oui
https://www.youtube.com/watch?v=PqS794FlAgE&list=RDPqS794FlAgE&start_radio=1;Choisis-toi quand ça ne va pas( @Phoenixguyy );Jay Lyrixen (HVM);221920;3510;63.23;210;2026-04-16T02:34:08.000Z;132;78;oui
https://www.youtube.com/watch?v=pvl4_qAPgu8;ON NE TOMBE PAS AMOUREUX PAR HASARD ! Masterclass avec Florentine d'Aulnois Wang @lespaceducouple;ADNtv - SANTÉ;358312;6560;54.62;2441;2026-04-10T14:12:49.000Z;138;66;oui
https://www.youtube.com/watch?v=0dDCaRlKFzE;Sortida : l'appli 100% gratuite pour sortir et se faire des amis à Toulouse;SortidaToulouse;163;3;54.33;61;2026-06-29T22:49:13.000Z;57;64;oui
https://www.youtube.com/watch?v=pW_AQbTsS3w;The Psychology Of People Who Fall For Emotionally UNAVAILABLE Partners;PsychologyRelationship_;331;6;55.17;696;2026-06-08T18:13:34.000Z;79;58;oui
https://www.youtube.com/watch?v=MMlCFNOuEtw;3 Hours of Dating Psychology to Fall Asleep To;Relationship Psychology While You Sleep;48249;2050;23.54;10910;2026-06-21T20:30:39.000Z;65;53;oui
https://www.youtube.com/watch?v=hTZgWfGWtbA;La Psychologie de l'amour:5 Choses Qui Arrivent Quand Deux Personnes Sont Faites L'une Pour L'autre;Cœurs Vrais;10341;337;30.69;282;2026-06-08T18:00:32.000Z;79;51;oui
https://www.youtube.com/watch?v=Pxp91NU-MHc;He Gave Up Everything for Her… But She Chose Her First Love Instead 😳💔;Mini Short Drama;322058;14200;22.68;7334;2026-06-07T09:30:24.000Z;80;51;oui
https://www.youtube.com/watch?v=B-IK-N9dE9w;late bloomer diaries: first relationship advice i wish i had;kate 💝;220417;4100;53.76;1001;2026-03-22T04:35:36.000Z;157;50;oui
https://www.youtube.com/watch?v=9pOfk_E--hg;The 10 Best Dating Apps for Serious Relationships 2026! ❤️😊;The Relationship Shop;268;7;38.29;221;2026-06-28T21:00:02.000Z;58;49;oui
https://www.youtube.com/watch?v=N5sRMOu2O2w;J’ai rencontré un enquêteur de personnalité;Monsieur Caméléon;107;4;26.75;1622;2026-08-10T15:26:48.000Z;16;46;oui
https://www.youtube.com/watch?v=_pkSiUTYYP4&t=561s;L'EFFET BARNUM : Comment votre cerveau vous fait CROIRE aux profils de personnalité;Le Sage Curieux;319;5;63.8;880;2026-05-04T20:44:00.000Z;113;45;oui
https://www.youtube.com/watch?v=ltqdyESxfLE;Tinder vs Spiice : Lequel Vaut Vraiment le Coup ? (Comparatif Honnête 2026);MARGOT DATING;221;7;31.57;206;2026-07-12T16:06:06.000Z;45;45;oui
https://www.youtube.com/watch?v=F0NufRC80_A;Comment se séparer quand on a des enfants et 20 ans de vie commune;Karine MRG;1430;83;17.23;1058;2026-08-04T16:00:17.000Z;22;43;oui
https://www.youtube.com/watch?v=rNgRcPNESkM;OurTime Review: I Tested It;DatingNews;738;14;52.71;135;2026-05-04T12:50:59.000Z;114;43;oui
https://www.youtube.com/watch?v=kbUvsGOXGNQ;Spiice Avis : J'ai testé, je vous dis TOUT ! (Rencontre, Prix, Gratuit ?, App...);Comparatif Expert;5766;63;91.52;831;2026-02-11T14:56:13.000Z;196;39;oui
https://www.youtube.com/watch?v=DqtQTGKCyuo;LOVE AND OTHER PROBLEMS - Nigerian Movies 2026 Latest Full Movies;Blessing Obasi TV;2357843;288000;8.19;7842;2026-07-12T18:00:29.000Z;45;32;oui
https://www.youtube.com/watch?v=eucaDURZ9Fs;Voilà ce que Dit ta Personnalité si tu Aimes ne Jamais Sortir " – Thomas d’Ansembourg;Parlons d’Amour;669;54;12.39;1648;2026-08-16T16:02:20.000Z;10;31;oui
https://www.youtube.com/watch?v=rKgkpXMLcLM;💋3-Month Contract Love → After Split He Craves Her Kiss, Crosses The Whole City To Find Her！;PureBerry Drama;139187;16800;8.28;7758;2026-07-29T16:00:40.000Z;28;31;oui
https://www.youtube.com/watch?v=o-NfBSB0bWU;Does Your Crush Love You Back? 💖💗🥰💞 | Fun Personality Test Quiz;PsycheWhy;1733;107;16.2;193;2026-07-09T22:00:14.000Z;47;31;oui
https://www.youtube.com/watch?v=ZQ_qk2yO6Go;The Ex-Wife Has Found the Father and His Two Children – What Is Her Scheme?;Gia Đình Kiên Cường;28947;4490;6.45;2534;2026-08-25T12:00:07.000Z;1;29;oui
https://www.youtube.com/watch?v=h4_v64WNf6c;【FULL】She Gave Up The Mafia Throne For Him… He Regretted It 7 Years Later！#drama;Whisper of Romantic;982716;158000;6.22;7204;2026-08-01T17:00:32.000Z;25;28;oui
https://www.youtube.com/watch?v=WJaBSoYbvrY;Ce qui pousse les personnes toxiques à cesser de s’en prendre à vous;Esprit et Mental;88252;7540;11.7;208;2026-06-19T01:25:52.000Z;68;27;oui
https://www.youtube.com/watch?v=sNBhCC2Wa0s;Full video: Soldier returns home after 3 years  helps a young girl and becomes a single father.;Triệu Luca;2208;298;7.41;6939;2026-08-25T13:00:32.000Z;1;25;oui
https://www.youtube.com/watch?v=hiSA8lNcPmE&list=RDhiSA8lNcPmE&start_radio=1;We Love Each Other… But We Can't Be Together 💔 | Emotional Song | AEVORIN Music | #sadlovesong;AEVORIN Music;665;11;60.45;283;2026-03-04T13:30:41.000Z;175;24;oui
https://www.youtube.com/watch?v=69PNK1Ti6EA;What Type of Love Story Suits You The Most? 🥰💖 Quiz | Personality Test | For Everyone 🫶🏻;World of Muchi ;494;42;11.76;262;2026-08-02T12:11:59.000Z;24;24;oui
https://www.youtube.com/watch?v=rQtXFCBVDik;LOVE I CAN'T LET GO - (NEW MOVIE) OMECHE OKO,VICTORY MICHEAL latest 2026 nigerian movies;Chukwudubem TV;2722960;257000;10.6;6266;2026-05-23T17:01:31.000Z;95;24;oui
https://www.youtube.com/watch?v=uYmr8rf8eBA;"I Stopped Believing In Love," She Whispered... The Cowboy Said, "Then Start Believing In Me.";Romance of the Wild West;201;18;11.17;1844;2026-08-18T21:00:34.000Z;7;24;oui
https://www.youtube.com/watch?v=TgFFlO20CY8;IF TWO PEOPLE ARE DESTINED TO BE TOGETHER, THIS ONE THING ALWAYS HAPPENS | CARL JUNG;COSMIC THREADS;513673;14200;36.17;1789;2026-02-08T02:00:06.000Z;199;23;oui
https://www.youtube.com/watch?v=Hcp5nXMsmUM;Tu fais peur aux gens sans le savoir..... voilà POURQUOI 👀;Âme forte ;104912;3330;31.51;331;2026-03-01T20:13:52.000Z;177;22;oui
https://www.youtube.com/watch?v=mNMas_3peZs;Do Opposites Really Attract?;Pause & Think Studio;140;9;15.56;463;2026-07-19T11:31:06.000Z;38;22;oui
https://www.youtube.com/watch?v=BQm3ghCUfIQ;Why You Attract the Wrong People, It's Not RANDOM!;Emily Voss Psychology;4621;281;16.44;1055;2026-05-21T14:00:36.000Z;97;21;oui
https://www.youtube.com/watch?v=uUuWCsRsxNI;Single Women vs Single Men: Why Is Modern Dating So Broken?;Counterpoint;186835;34000;5.5;4798;2026-07-24;33;20;oui
https://www.youtube.com/watch?v=wP3XtCsU_NM;Why Some People Are Chronically Single (Psychology Explaine);Reddit After Dark 🦜;944;11;85.82;284;2026-01-09T01:12:25.000Z;229;20;oui
https://www.youtube.com/watch?v=NZxVK8lFHxQ;When Introvert Meets Extrovert |Arrange marriage first meet | Hindi Short film| Pehli Mulaqat |;Chethankumar films;1020812;7360;138.7;1296;2025-09-24T12:54:42.000Z;336;20;oui
https://www.youtube.com/watch?v=8yNqb6kXIzE;How to Get FREE Tinder Gold in 2026 🔥 NEW 1 Month Tinder Gold Promo Codes for FREE;CRskateshit;4704;884;5.32;169;2026-08-25T15:21:05.000Z;1;19;oui
https://www.youtube.com/watch?v=5bS5TmAMqNc;This Is Why You Have Your Unique Personality | The Big Five Explained;Jijnasa - The desire to know;37;1;37;636;2026-05-13T18:54:09.000Z;105;18;oui
https://www.youtube.com/watch?v=2ipiMVMobUw;Valentine’s Special: Elvish Yadav-Jiya Shankar’s CUTE FACE-OFF In ‘How Well Do You Know Each Other’;FPJ Showbiz;226472;8540;26.52;368;2026-02-14T12:14:58.000Z;193;17;oui
https://www.youtube.com/watch?v=gfvbND9c8w0;Nobody Warned You How Lonely Your 30s Would Get;The Millennial Connection Gap;24;1;24;838;2026-06-22T23:04:28.000Z;64;16;oui
https://www.youtube.com/watch?v=H4rlvP0HbGw&list=RDH4rlvP0HbGw&start_radio=1;Seigneur aide moi à pardonner - Lyrics video - Chansons Chrétiennes Libres;Chansons Chrétiennes Libres;618226;56100;11.02;256;2026-04-23T08:00:15.000Z;125;16;oui
https://www.youtube.com/watch?v=1GjfCWcUtDY&list=RD1GjfCWcUtDY&start_radio=1;Tu ne m’as pas trompée… tu m’as oubliée | Emotional Music |🎧 French Vibes;à demi-mot;1117;61;18.31;268;2026-05-02T08:00:03.000Z;116;15;oui
https://www.youtube.com/watch?v=B6nV8k401v0;Le PDG ne sourit jamais, mais en voyant une fille aux talons hauts comiques, éclate tombe amoureux !;Happy Ending Drama;2405763;109000;22.07;8020;2026-02-06T15:00:29.000Z;201;15;oui
https://www.youtube.com/watch?v=3l7MiO4fRBE;Why Do People Ghost: Psychology Explained;Brain Between Lines | Relationship Psychology;1484;38;39.05;278;2026-02-17T05:00:03.000Z;190;15;oui
https://www.youtube.com/watch?v=_fhF7jclE60;I Tested Every Dating App — Only These Gave Matches;Jerrad Ross;170902;8580;19.92;414;2026-02-26T18:37:54.000Z;181;14;oui
https://www.youtube.com/watch?v=DsUDhAYZmU0;Why Dating Apps "Don't Work" for Men (and how to fix them);Square One Dating;163;2;81.5;722;2026-01-07T19:40:19.000Z;231;14;oui
https://www.youtube.com/watch?v=fkDZtdiy8jE;Pourquoi avoir un partenaire à 40, 50 ans... peut être une grave erreur - Boris Cyrulnik;Échos du Temps;181501;4520;40.16;1595;2025-12-23T07:33:47.000Z;246;14;oui
https://www.youtube.com/watch?v=FqbYO8Oprws;"WHY LOVE IS NOT ENOUGH?";The Hidden Mind;66;5;13.2;1300;2026-07-06T12:09:41.000Z;51;14;oui
https://www.youtube.com/watch?v=hWVNyFJtrqY;Psychology of People Who Have Given Up On Dating;The Unspoken Mind;32206;2390;13.48;527;2026-04-12T15:25:43.000Z;136;13;oui
https://www.youtube.com/watch?v=rI-rDHsZSbs;Are You Loved, Hated, or Secretly Admired? 👀✨ | Personality Test;Aarisu shi 🌷;868785;22800;38.1;506;2025-12-13T14:00:06.000Z;256;13;oui
https://www.youtube.com/watch?v=rAs8p-Ndqq4;Le Jour où l'Empathe n'a plus de Compassion;Psyché Obscure ;147499;7050;20.92;570;2026-02-17T18:54:37.000Z;190;13;oui
https://www.youtube.com/watch?v=OoBRSmLEwBI;Nobody Knows How Dating Works Anymore | Jeff Dye;Spotlight by Laugh Society;298170;50800;5.87;576;2026-06-03T20:05:59.000Z;83;13;oui
https://www.youtube.com/watch?v=r85Yxzn_FpE&list=RDr85Yxzn_FpE&start_radio=1;We Still Love Each Other – Just Not the Same Way | Same Hearts, Different Roads;THE SOUND WAVE;1468037;52900;27.75;254;2025-12-31T13:01:45.000Z;238;12;oui
https://www.youtube.com/watch?v=tGvA24brPL0&list=RDtGvA24brPL0&start_radio=1;Brenda Storm – I Left Without A Fight | Song About Walking Away Quietly (2026);Brenda Storm;218306;32800;6.66;417;2026-05-17T15:01:21.000Z;101;12;oui
https://www.youtube.com/watch?v=AtS1kBpNvAE;Comment Forcer Les Personnes Toxiques À Vous Laisser Tranquille;Esprit et Mental;35835;7540;4.75;186;2026-06-28T18:28:26.000Z;59;11;oui
https://www.youtube.com/watch?v=S4dB_sS2vEw;Think Once : what if Dating Apps Specifically Designed to keep You SINGLE ?;Think Once;17;1;17;594;2026-06-28T13:37:07.000Z;59;11;oui
https://www.youtube.com/watch?v=QWZSK0SuU0w&list=RDQWZSK0SuU0w&start_radio=1;🎵 Même brisé je suis vivant — Et ça personne ne peut me l'enlever (Clip Officiel) | Will Nebesnyj;WillMusicOfficiel;91239;10900;8.37;181;2026-04-26T09:30:11.000Z;122;11;oui
https://www.youtube.com/watch?v=Epm62VSAWBM;LE MANQUE D’AMIS RÉVÈLE QUELQUE CHOSE QUE PRESQUE PERSONNE NE COMPREND – Boris Cyrulnik;Ombres Du Passé;474494;16500;28.76;1668;2025-12-23T19:00:02.000Z;246;11;oui
https://www.youtube.com/watch?v=-avfiPjAhsc;Pourquoi le WIZZY GANG s'est séparé ?;Louis Meynard;65776;4120;15.97;2996;2026-03-01T09:59:43.000Z;178;11;oui
https://www.youtube.com/watch?v=K7suM0p3xTY;La quête d’une formule intemporelle | Pokémon Rubis Saphir - Ne Soyons Pas Exhaustifs;Lazuly;13827;4720;2.93;5357;2026-08-14T15:00:25.000Z;12;11;oui
https://www.youtube.com/watch?v=XeJDWiPWKHc;ሲያዩያት መልስ ቀየሩ | This blind date had a compatibility test;Shuf Tv;99896;42100;2.37;2800;2026-08-13T15:59:20.000Z;13;10;oui
https://www.youtube.com/watch?v=5c6Q4UUP0OM;24H pour RENCONTRER CRISTIANO RONALDO;Ventura Gaming;962337;339000;2.84;369;2026-07-12T09:00:36.000Z;45;10;oui
https://www.youtube.com/watch?v=ZOFsWTwN_TE;Why Dating is Broken For Men in 2026;Kalman Explains;51364;4190;12.26;699;2026-03-23T14:00:06.000Z;156;10;oui
https://www.youtube.com/watch?v=MLpHiOLSHlI;One Love, One Disaster 💔🔥;Nazanin: 2000;10199;4100;2.49;2933;2026-08-25T16:30:16.000Z;1;10;oui
https://www.youtube.com/watch?v=nf6HSQMhsbo;Why Dating Apps Will Never Work;Toni Skullz;156;22;7.09;371;2026-07-16T16:30:13.000Z;41;10;oui
https://www.youtube.com/watch?v=gxS-f-vPiYc;When Gen Z Are Giving Up On Everything;DevAnna;245023;20500;11.95;381;2026-03-09T16:00:00.000Z;170;10;oui
https://www.youtube.com/watch?v=D60AO8Uc3p8&t=392s;Chemistry vs Compatibility: Why You Pick People Who Don't Last;Maria Vino;400;60;6.67;999;2026-07-02T18:00:36.000Z;55;9;oui
https://www.youtube.com/watch?v=tWDcqt-Xj2w;The uncomfortable question you should ask on every first date | Alain de Botton;Big Think Clips;2891936;269000;10.75;1414;2026-02-26T14:01:27.000Z;181;9;oui
https://www.youtube.com/watch?v=RVG_HjCbIu4;5 Obvious Signs an Avoidant Is Keeping Multiple Partners on Rotation | Tony Robbins;The Robert Realism;8311;1290;6.44;1389;2026-05-26T20:35:41.000Z;91;9;oui
https://www.youtube.com/watch?v=pkBOv6J7_mQ;Will your crush love you back♥️??| Aesthetic personality quiz ✨| Mystic Pick;Mystic Picks;920;52;17.69;285;2026-03-22;157;9;non
https://www.youtube.com/watch?v=XrAj2PWHM8g;CETTE PERSONNE EST TOMBÉE AMOUREUSE DE TOI MALGRÉ LA DIFFÉRENCE D’ÂGE — CARL JUNG;Éveil Obscur;5781;206;28.06;1163;2026-01-17T13:09:32.000Z;221;9;oui
https://www.youtube.com/watch?v=lMs3IIAYvDQ;Single Women vs Single Men: Who Has It Harder in Dating?;Counterpoint;462445;34000;13.6;3855;2026-02-13T23:14:37.000Z;193;9;oui
https://www.youtube.com/watch?v=ECEujE7p-Pg;Why i hate dating apps…;CWDATING;1356;19;71.37;578;2025-11-07T23:00:30.000Z;291;9;oui
https://www.youtube.com/watch?v=bFxHi1yEMxg;LE MOMENT EXACT OÙ UNE PERSONNE ÉVITANTE DÉCIDE DE SE BATTRE POUR VOUS || Boris Cyrulink;Psyché Évitante;10914;1240;8.8;1421;2026-04-20T18:57:26.000Z;128;9;oui
https://www.youtube.com/watch?v=bFF5Dsvd4uw;Le secret pour réussir son couple (que personne ne vous enseigne) !;L'humain Décrypté;40;7;5.71;85;2026-08-19T20:35:16.000Z;6;9;oui
https://www.youtube.com/watch?v=q7q3MtW6XR8;Dumped publicly after 8 years, I flash-married a stranger—a secret CEO who treats me like a queen!;A.L Drama;80089;45900;1.74;8338;2026-08-25T11:00:11.000Z;1;8;oui
https://www.youtube.com/watch?v=nOYAZfftfS8&list=RDnOYAZfftfS8&start_radio=1;DADJU - L’AMOUR NE MEURT PAS DANS LE BRUIT… IL S’ÉTEINT EN SILENCE;LEON SEVAN;543;160;3.39;263;2026-08-16T09:25:03.000Z;10;8;oui
https://www.youtube.com/watch?v=12wMsc352eQ;La science révèle le secret de l'Amour;AQuatre;659670;87600;7.53;1255;2026-03-29T16:14:18.000Z;150;8;oui
https://www.youtube.com/watch?v=ZwwyhcnwpXM&list=RDZwwyhcnwpXM&start_radio=1;I Was Done With Love… Then God Sent You (LYRICS) | Godly Love Song | Heartbreak to Heaven’s Love;Songs of Light Only;156178;24400;6.4;469;2026-04-22T23:00:06.000Z;125;8;oui
https://www.youtube.com/watch?v=T4oFAMawVNU;What makes relationships last;sanaroo healthcare;143;19;7.53;357;2026-06-26T07:48:36.000Z;61;8;oui
https://www.youtube.com/watch?v=7ITMWdMy6Hc;Are You Red Flag or Green Flag? ✨ This Quiz Will Expose You! 🫣;Aarisu shi 🌷;743169;22800;32.6;482;2025-11-13T13:30:06.000Z;286;8;oui
https://www.youtube.com/watch?v=sn9n5nytcyA;Le déclin inévitable de vos amitiés;AQuatre;306215;87600;3.5;1930;2026-06-07T11:09:58.000Z;80;8;oui
https://www.youtube.com/watch?v=oLu9I7tkfp8;How Your Personality Influences Your Art;Greg Guevara;247097;65900;3.75;1663;2026-06-02T03:23:15.000Z;85;8;oui
https://www.youtube.com/watch?v=KD29j-MrNdI;Les Cheat Codes de la vraie vie que personne ne t'apprend;Le Labo de la Curiosité;718403;119000;6.04;1018;2026-04-11T16:18:19.000Z;137;8;oui
https://www.youtube.com/watch?v=ac7IZ8Np2Qc;10 Red Flags – If She Does These Things, Walk Away IMMEDIATELY | Female Psychology;Si's Brutal Relationship;204761;10800;18.96;1724;2026-01-06T15:00:07.000Z;232;8;oui
https://www.youtube.com/watch?v=e9-4BhiSSSg;Things People Say to Chronically Single Women (pt. 1);Zoë Tyler;61010;5330;11.45;1122;2026-02-28T19:57:29.000Z;179;8;oui
https://www.youtube.com/watch?v=volRoLIoaN0;Femmes CÉLIBATAIRES Racontent Les Relations Modernes | [145];Camron Diffusion;66261;30400;2.18;1643;2026-07-26T08:53:13.000Z;31;7;oui
https://www.youtube.com/watch?v=veQ304ssK5U;do not underestimate incompatibility in dating;Nikita Saric;6209;500;12.42;1376;2026-03-12T21:23:33.000Z;166;7;oui
https://www.youtube.com/watch?v=56IB09qfWDA&list=RD56IB09qfWDA&start_radio=1;JE TE LOUE DANS LE SILENCE | Adoration Très Profonde & Guérison de l’Âme (Worship Lent);VOIX DU ROYAUME TV;870965;25900;33.63;6485;2025-11-02T16:00:06.000Z;297;7;oui
https://www.youtube.com/watch?v=I9ervFMJdnA;This Is Why Dating Apps Destroyed A Generation;Monegraphy;932;101;9.23;564;2026-04-29T19:41:03.000Z;119;7;oui
https://www.youtube.com/watch?v=rKFi6CzmKtQ;Avis Chat-Handicape.fr : Site de rencontre handicapé;Infolites - Actus, News & Infos Insolites;37;1;37;282;2026-02-18T14:49:31.000Z;189;7;oui
https://www.youtube.com/watch?v=gAcelbEyYvQ;Why Are So Many Women Chronically Single In 2026... - This Is Bad;The Social View;8521;3140;2.71;1854;2026-07-19T10:00:15.000Z;38;7;oui
https://www.youtube.com/watch?v=z1fLkTh_01o;💕After my CEO boyfriend left me, I gave up on love. But he’s obsessed and won’t let me go!;RomCom Hut;273189;36000;7.59;7517;2026-03-18T10:01:28.000Z;161;7;oui
https://www.youtube.com/watch?v=rpT39X7wDuI;KING & QUEEN VIBEZ EPISODE 2: I AM A INTROVERT MARRIED TO A EXTROVERT;King and Queen Vibez... #Watsonway;27;4;6.75;1982;2026-07-25T12:11:25.000Z;32;7;oui
https://www.youtube.com/watch?v=Ek-I_g2_2fk;Women Are Realizing Men Stopped Chasing;Kait Willett;209434;116000;1.81;1290;2026-07-24T13:00:18.000Z;33;7;oui
https://www.youtube.com/watch?v=0ymYCdjJhzs;Le problème des apps de rencontre en Thaïlande..;Thomas Khap ;5976;895;6.68;796;2026-04-27T16:00:01.000Z;121;7;oui
https://www.youtube.com/watch?v=f1VIo-7CrzE;La méthode du Mur de Verre : Comment faire fuir les personnes toxiques (Sans un mot);Mieux Vivre Demain;946;243;3.89;550;2026-07-05T15:30:14.000Z;52;7;oui
https://www.youtube.com/watch?v=ZnAQ74VIk0Y;The Psychology Behind Gen Z’s Weird Personality | Arthur Brooks;Winston Marshall Clips;121529;86100;1.41;659;2026-08-16T05:42:51.000Z;10;6;oui
https://www.youtube.com/watch?v=pIQmZoIeqjk;Pourquoi les femmes divorcées regrettent toujours (après 2 ans);Mentalité Cachée;3665;236;15.53;839;2026-02-12T11:00:00.000Z;195;6;oui
https://www.youtube.com/watch?v=nLV1QRiGIek;allow me to de-influence you | relationship edition;nadeen;120872;90300;1.34;912;2026-08-19T22:00:06.000Z;6;6;oui
https://www.youtube.com/watch?v=YQu3pzwtpVI;Why No One Is Dating Anymore (The Truth No One Talks About);TheyNeverToldme;302;8;37.75;1180;2025-12-26;243;6;oui
https://www.youtube.com/watch?v=RHXre4lxzSI;GOOD ENOUGH - Nigerian Movies 2026 Latest Full Movies;Omoni Oboli TV;3503166;2040000;1.72;5523;2026-07-03T16:00:18.000Z;54;6;oui
https://www.youtube.com/watch?v=H9qoC981BAU;LOVE WAS NOT INVITED - Nigerian Movies 2026 Latest Full Movies;Omoni Oboli TV;2238473;2040000;1.1;6206;2026-08-14T16:00:20.000Z;12;6;oui
https://www.youtube.com/watch?v=wUQR2jCQ__0;It's Not Commitment Issues. It's Fear. | Avoidant Attachment Explained;Relationships, Simplified ;59;11;5.36;311;2026-07-17T07:21:22.000Z;40;6;oui
https://www.youtube.com/watch?v=O88pEDYCPx8;Surprising my BEST FRIENDS in REAL LIFE…;Lana Rae;2620852;1240000;2.11;1014;2026-06-14T17:30:05.000Z;73;6;oui
https://www.youtube.com/watch?v=K4t668zMpYY;The Psychology of Fear of Commitment (What It's Actually Hiding) I TrueSense;TrueSense;238;69;3.45;225;2026-07-28T14:30:32.000Z;29;6;oui
https://www.youtube.com/watch?v=5zm3ju1isHo;Every Conversation That Might Actually Predict If Your Relationship Will Last;Relationships Explained;531;21;25.29;725;2026-01-17T20:49:57.000Z;220;6;oui
https://www.youtube.com/watch?v=UKZXI96OTYA;Dating Advice that Actually Works | David White;UN-SINGLING;435;74;5.88;2396;2026-05-30T14:00:20.000Z;88;6;oui
https://www.youtube.com/watch?v=05uMEvXoE08&list=RD05uMEvXoE08&start_radio=1;JE TOMBE ENCORE;Minuit à Paris;54;6;9;278;2026-05-28T15:00:05.000Z;90;6;oui
https://www.youtube.com/watch?v=Y0uYJoZfnVI;Why Empaths  Aura Attracts the Wrong People (Psychology Explained); Your Healing Journey ;17570;3640;4.83;1364;2026-05-03T17:49:27.000Z;115;6;oui
https://www.youtube.com/watch?v=IRzbOFDvjaE;The Polyamory Problem: Why Do People In Open Relationships Always Look Like That?;Andrew Briggs;323440;18000;17.97;6041;2025-12-11T21:00:05.000Z;257;6;oui
https://www.youtube.com/watch?v=Tmx_PD9hcWg;Women Are Concerned Why Millions of Single Men Have Opted Out of Dating in the 21st Century;Gentlemen's Club;150174;33600;4.47;1133;2026-04-20T22:30:14.000Z;127;6;oui
https://www.youtube.com/watch?v=kEp-GK9s_W4;Experte du Couple : Vous ne tombez pas amoureux par hasard;Antidoxe;130128;47300;2.75;3337;2026-06-03T16:00:19.000Z;84;6;oui
https://www.youtube.com/watch?v=h6R9IUirzH0;ASMR Français Chuchotements sur l’amour (conseils pour les timides 🙈);ByElena ASMR;56961;20700;2.75;1962;2026-06-07T19:03:08.000Z;79;5;non
https://www.youtube.com/watch?v=T8xre1PC0FA;The Hidden Economy of Dating Apps: The Platform Manipulation Business Model;Open Secret;111;21;5.29;775;2026-06-24T16:00:08.000Z;63;5;oui
https://www.youtube.com/watch?v=Bu3Q9JRQXT4;DECEPTION || Love is the price and lies are the cost || 2026 New nollywood movie.;AWELE HANSEL TV 365;1598746;202000;7.91;6798;2026-02-07T14:00:16.000Z;200;5;oui
https://www.youtube.com/watch?v=kD1MO_kMuOc;Combien coûte votre vie ?;TRY;185001;175000;1.06;1217;2026-08-20T15:46:24.000Z;6;5;oui
https://www.youtube.com/watch?v=1PCjxc23nJ8;Women Are Down for Whatever with Men They’re S*xually Attracted too;ReadinessTribe;2800;1640;1.71;572;2026-08-14T21:22:31.000Z;11;5;oui
https://www.youtube.com/watch?v=xwgsypcg024;Why Situationships Are Taking Over Modern Dating | Psychology;ANASTICK;224;5;44.8;251;2025-11-25T22:45:04.000Z;273;5;oui
https://www.youtube.com/watch?v=D_0S1yYw-Mc;Do opposites attract?;byStasiia;30;5;6;1997;2026-07-05T19:37:15.000Z;52;5;oui
https://www.youtube.com/watch?v=XDlAQfoCKjg;Why it may be better to be single;Kory Johnson;56472;2600;21.72;813;2025-11-25T17:01:02.000Z;274;5;oui
https://www.youtube.com/watch?v=CJB56fxYtKg;The Slow Fade: When Someone Leaves Without Saying Goodbye;Mindful Insight;75;4;18.75;165;2026-03-01T13:58:08.000Z;178;5;oui
https://www.youtube.com/watch?v=k5tRS0MUmHY;Do Opposites Really Attract? Reality Revealed. Watch thefull context to know more.;Syntrofia;49;11;4.45;271;2026-07-18T06:30:18.000Z;39;5;oui
https://www.youtube.com/watch?v=i-KusiAdEng;MBTI, status, & gender;strawviv;26372;11900;2.22;2636;2026-06-23T23:45:07.000Z;63;5;oui
https://www.youtube.com/watch?v=ejjR3KsOquY&t=125s;“Why Even Try?” — What My Son Told Me About Gen Z’s Future Shocked Me;Asian Dad Energy;692827;124000;5.59;883;2026-03-06T13:59:13.000Z;173;5;oui
https://www.youtube.com/watch?v=LeoHefYykvA;Dating In Your 40s Is Embarrassing In 2026... - "He Was Still Married";The Social View;4687;3140;1.49;2171;2026-08-12T10:00:09.000Z;14;5;oui
https://www.youtube.com/watch?v=Ym_sGHflKEs;How to Meet Emotionally Available People in Mid-Life (Without Dating Apps);Travis Ambrose;13777;1400;9.84;766;2026-02-12T01:00:43.000Z;195;5;oui
https://www.youtube.com/watch?v=QdE6prr6hjI&list=RDQdE6prr6hjI&start_radio=1;ROSELINE LAYO - MA DERNIÈRE RELATION  ( CLIP OFFICIEL );Roseline Layo Officiel;12169271;1220000;9.97;192;2025-12-19T18:00:37.000Z;250;4;non
https://www.youtube.com/watch?v=CFvyvaL4jd8;Wife thought I would never leave&humiliated me, a penniless loser—divorce, she panicked#drama #film;KarmaStrike Drama;15003;14000;1.07;8493;2026-08-24T13:00:34.000Z;2;4;oui
https://www.youtube.com/watch?v=frIGs-Po1fU;Women Are Chronically Single In 2026... - "I'm Just The Single Friend";The Social View;4136;3140;1.32;1818;2026-08-17T14:02:14.000Z;9;4;oui
https://www.youtube.com/watch?v=lv3Bh9YDS-w;Jung : Pourquoi vous tombez toujours amoureux de la même personne (l'Ombre expliquée);JUNG DÉVOILÉ;51;14;3.64;605;2026-07-23T18:00:02.000Z;34;4;oui
https://www.youtube.com/watch?v=c7qKcOip8io;Dating In Your 30s Might Be WORST In 2026 Than Ever Before...;The Social View;4555;3140;1.45;1966;2026-08-07;19;4;oui
https://www.youtube.com/watch?v=g-Yee6PjMkc;Gen X vs Millennials vs Gen Z Dating | What Actually Changed;Cupid Compass;176;9;19.56;439;2026-01-27T05:00:51.000Z;211;4;oui
https://www.youtube.com/watch?v=VeJPUGnsTWs;Les couples heureux ont leurs secrets — John Gottman | Résumé Audio;Kodjy – Résumés de livres;22;4;5.5;262;2026-07-04T12:05:17.000Z;53;4;oui
https://www.youtube.com/watch?v=TBNUQiBJHC8;Why Gen Z GAVE UP Having Kids;Damon Cassidy;1990401;320000;6.22;1270;2026-02-04T01:00:38.000Z;203;4;oui
https://www.youtube.com/watch?v=0jG-iDjDsR0;the dating advice that changed my life;Lindsiann;1288702;506000;2.55;621;2026-04-26T15:30:19.000Z;122;4;oui
https://www.youtube.com/watch?v=_XIb0qFxxM8;Dating Apps Killed Romance… And Nobody Wants to Admit It;Dating Disasters;368;148;2.49;1077;2026-07-14T17:00:05.000Z;43;4;oui
https://www.youtube.com/watch?v=1TtOatBY4cY;Psychology of People Who Fear Being in a Relationship;Seven Types;2368;374;6.33;240;2026-03-27T11:30:02.000Z;152;4;oui
https://www.youtube.com/watch?v=HJDTYSoX2lg;The 4 Behaviors That Predict Divorce With 94% Accuracy (Gottman's Four Horsemen);Sara Jung Psychology;887;121;7.33;244;2026-03-26T08:39:40.000Z;153;4;oui
https://www.youtube.com/watch?v=pe8mCrFFQV8;LES 7 MEILLEURS SITES DE RENCONTRES GRATUITS (et ceux qui font semblant de l’être);Séducteur Moderne;12248;1270;9.64;428;2026-01-30T13:31:00.000Z;208;4;oui
https://www.youtube.com/watch?v=9j7PQ1xnr5s;Le Vrai PRIX des SKYLANDERS… (c’est aberrant);N REA;53850;24300;2.22;911;2026-05-29T18:16:07.000Z;89;4;oui
https://www.youtube.com/watch?v=6T0lc_BnExI;The Hypocrisy Of Men VS Women On Dating Apps;Front Page;105203;119000;0.88;3796;2026-08-13T19:57:51.000Z;13;4;oui
https://www.youtube.com/watch?v=d2wIA49uMv0;3 frères affamés sauvent une fille blessée… sans savoir qu’elle leur apportera des vivres infinis !;Théâtre des Camélias;46136;51600;0.89;7352;2026-08-19T09:00:34.000Z;7;4;oui
https://www.youtube.com/watch?v=_xbP204B-II;The Science of Love: Hormones, Desire & Attachment Explained;Rise & Thrive ;13;1;13;1449;2026-04-28T10:51:49.000Z;120;4;oui
https://www.youtube.com/watch?v=8j0bRq_CvMc;Why Are So Many Women Chronically SINGLE In 2026... - Is This Real?;The Social View;6094;3140;1.94;1940;2026-06-27T17:29:44.000Z;60;4;oui
https://www.youtube.com/watch?v=Pnt_k7x5lT8;Why You Keep Repeating the Same Relationship Patterns;The Productivity Illusion;104;10;10.4;326;2026-03-24T19:00:21.000Z;155;4;oui
https://www.youtube.com/watch?v=IKCZpXw3gzQ;“She Has Standards… But Now She’s Afraid Of Ending Up Alone”;TerranceB;4143;1260;3.29;873;2026-05-13T17:00:30.000Z;105;4;oui
https://www.youtube.com/watch?v=xOVBgK2D_wQ;Pourquoi c'est IMPOSSIBLE de trouver l'amour à Montréal;KapiKent;7333;3010;2.44;2703;2026-06-02T16:04:14.000Z;85;4;oui
https://www.youtube.com/watch?v=B4TsytUH3rA;Psychology of People Who Struggle to Make Friends;MindFrame;572204;49600;11.54;362;2025-12-08T16:30:04.000Z;261;4;oui
https://www.youtube.com/watch?v=NtrArA2GtGc;The Buffalove Podcast - Future of Relationship Science with Zachary Reese, PhD & Edward Munnich, PhD;Buffalove Podcast;27;3;9;2805;2026-05-05T06:15:20.000Z;113;4;oui
https://www.youtube.com/watch?v=QtCMfomBukw;Ce qui fait vraiment durer un couple, c'est la communication;Le Pouvoir des Femmes;344;8;43;674;2025-10-22T16:15:22.000Z;308;4;oui
https://www.youtube.com/watch?v=-98WEEns1WI;Psychology Of Why You Push People Away Before They Leave;The Psyche Atlas;48;5;9.6;387;2026-04-12;136;4;oui
https://www.youtube.com/watch?v=7vJ0tYE2RRU;Why Dating and Making Friends is Hard (Its Not What You Think);Dr. Shanté ;86449;40000;2.16;1103;2026-05-19T05:00:05.000Z;99;4;oui
https://www.youtube.com/watch?v=r33NK25GvGk&list=RDr33NK25GvGk&start_radio=1;Je n’y crois plus;Jim’Heart🤎;1042;318;3.28;246;2026-05-23T15:45:02.000Z;95;3;oui
https://www.youtube.com/watch?v=puBjkcknLsQ;Why You Always Attract the Wrong People;THE SOCIAL MIND;10;1;10;830;2026-05-18T15:01:30.000Z;100;3;oui
https://www.youtube.com/watch?v=-pQfcO03ZY0;This Is How People Slowly Lose Feelings For You;DarkPsyframe;189;40;4.72;1085;2026-05-10T22:00:00.000Z;107;3;oui
https://www.youtube.com/watch?v=viOL1c63GsA;What's Your BOY TYPE? Part 1 | Aesthetic Personality Quiz;Quizetta;467458;40600;11.51;506;2025-11-29T14:01:39.000Z;270;3;non
https://www.youtube.com/watch?v=RqkhUt5GSzY;Neuropsychiatre : On a Tous une Âme Sœur ! Les Jeunes font Moins l'Amour;Antidoxe;1429224;47300;30.22;3599;2025-08-26T20:52:07.000Z;364;3;oui
https://www.youtube.com/watch?v=Iygm6PG2HUg;Ask J&D Episode 1: Criticism In Relationship;The Azurite Way;552;135;4.09;2023;2026-05-05T19:15:01.000Z;113;3;oui
https://www.youtube.com/watch?v=fXmQunGv2rI;Ghosting Actually Rewires Your Brain (Neuroscience Explained);Human Behavior Labs;111;15;7.4;348;2026-04-07T12:01:18.000Z;141;3;oui
https://www.youtube.com/watch?v=131H8iI35nk;J'ai supprimé Tinder : Voici comment je rencontre des femmes en 2026;Comprendre l'Attirance;918;64;14.34;302;2026-01-04T09:00:06.000Z;234;3;oui
https://www.youtube.com/watch?v=nhuumydKX2E;Ghosting Psychology Explained What's Really Happening in Their Mind?;The Quiet Thinker;150;14;10.71;426;2026-02-27T06:32:04.000Z;180;3;oui
https://www.youtube.com/watch?v=5Y_K3YKr0nU;Interabled Couple Discusses INTIMACY (How They Make it HAPPEN!) + parenting + pregnancy;Desirable;134985;5590;24.15;5170;2025-09-29T15:00:11.000Z;331;3;oui
https://www.youtube.com/watch?v=MmxFlTzlKto;Dating Has Become a Humiliation Ritual for Men;Dad Mode In Dark Mode;58806;65400;0.9;1409;2026-07-28T22:00:02.000Z;28;3;oui
https://www.youtube.com/watch?v=mqj-Uq8ygfY;Why MBTI is Stupid.;Gauron The Reasoner;88;37;2.38;132;2026-07-21T08:23:09.000Z;36;3;oui
https://www.youtube.com/watch?v=x6cmT0x2GtY;Gen Z is Finally Giving Up;suburbanwill;599988;104000;5.77;1247;2026-01-23T03:44:50.000Z;215;3;oui
https://www.youtube.com/watch?v=gITHiP9YnsI;Why Your 30s Feel So Unexplainably Lonely.;The Offline Brotherhood;174;49;3.55;197;2026-05-31T12:00:26.000Z;87;3;oui
https://www.youtube.com/watch?v=87A3USYO2Rs;Why Dating Apps Ruined Average Men;Michael Sartain Clips;3947;3570;1.11;499;2026-08-01T13:30:24.000Z;25;3;oui
https://www.youtube.com/watch?v=XngKTyYwhYo;Etre Nomade | Rencontrer quelqu’un en voyage, en mouvement | Couple libre, Couple Moderne…;HABAKABAKA;57;8;7.13;2315;2026-04-19;129;3;oui
https://www.youtube.com/watch?v=W7_fXcjJLzM;Top 3 des sites de rencontres SANS LENDEMAIN en 2026;Séducteur Moderne;9723;1270;7.66;556;2026-01-28T13:33:32.000Z;210;3;oui
https://www.youtube.com/watch?v=AUjSZoPlK1I;My Boyfriend Laughed And Said, "Deleting Dating Apps Is Something People Do When A Relationship;Revenge Fade;10947;3520;3.11;1862;2026-04-17T20:15:00.000Z;130;3;oui
https://www.youtube.com/watch?v=HGBuEjzsrHE;The real reason dating is broken;Max Fisher;612079;489000;1.25;1756;2026-06-05T12:00:25.000Z;82;3;oui
https://www.youtube.com/watch?v=iFcR9yxxe_Y;4 Best Dating Apps | Recommended | Find a serious Relationship Online;Itz Ogee;1438;813;1.77;898;2026-06-28T16:26:48.000Z;59;3;oui
https://www.youtube.com/watch?v=FTY3oxoDzSo;Dating Apps Exposed: This is What I Found Out!;Chief Ad Defector ;63;25;2.52;661;2026-07-17T09:23:21.000Z;40;3;oui
https://www.youtube.com/watch?v=tZEQNl-dIuQ;La chrétienneté ? Je n'y crois plus;Une Femme d'Amour;8620;4430;1.95;333;2026-05-29T17:30:01.000Z;89;3;oui
https://www.youtube.com/watch?v=704-o000VHY;She wrong blind date, sleep with him, he's top prosecutor! Try flee, but grab: "sleep me so marry!";CloverSHORT;23541;35200;0.67;7061;2026-08-24T07:34:19.000Z;2;3;oui
https://www.youtube.com/watch?v=-E80OHQHF6E;Pourquoi on devrait tomber amoureux lentement… (psycho-astro);Lili-Rose - Ma Terre Happy ;107722;25200;4.27;3135;2026-02-25T16:14:04.000Z;182;3;oui
https://www.youtube.com/watch?v=6JHty5mSXRY;Relationship Compatibility: What The Science Says Actually Matters w/ Paul Eastwick;Dating Intentionally;9658;9390;1.03;3085;2026-07-24T11:15:18.000Z;33;3;oui
https://www.youtube.com/watch?v=lNKOijEcH5E;The REAL Reason You Keep Choosing The Wrong Person;Alec Cuenca;268021;63000;4.25;1661;2026-02-18T13:26:55.000Z;189;3;oui
https://www.youtube.com/watch?v=rHnZ2P3FjQg;Mad2Moi est-il fiable ? Notre avis en toute transparence;Ch'ti Love;14;5;2.8;592;2026-08-13T12:08:33.000Z;13;3;oui
https://www.youtube.com/watch?v=cC82wTPWgXE;81: Introvert Married to an Extrovert? Here’s What Works;Dr Liz Polinsky | Communicate & Connect Counseling;371;157;2.36;699;2026-06-15T11:00:06.000Z;72;3;oui
https://www.youtube.com/watch?v=f4TUAOfEIew;How Much Does Love Cost in the Philippines? | Street Interviews;Fuentes Family Interviews;842191;38900;21.65;861;2025-09-13T14:41:10.000Z;347;3;oui
https://www.youtube.com/watch?v=Byj1IrwwjQk;J’ai rencontré un Jeune Loup dans la Vraie Vie ! Une Nouvelle a volé mon Crush;Le club TIN;781662;1090000;0.72;2344;2026-07-17T10:00:17.000Z;40;3;oui
https://www.youtube.com/watch?v=dcbNsdzf1Vg;2025 Made Me Give Up On Trying To Find Love;Timothy Speaks;19692;1240;15.88;892;2025-11-08T01:30:28.000Z;291;3;oui
https://www.youtube.com/watch?v=VlC6ZB_UPzc&list=RDVlC6ZB_UPzc&start_radio=1;How Did We End Without a Fight? 💔 | Sad Emotional Breakup Song 2026;Lyriq-Officiel;22;3;7.33;221;2026-04-30T15:45:56.000Z;118;3;oui
https://www.youtube.com/watch?v=hj4xzLyk2JY;Les 5 traits de personnalité du Sigma (Vous pensiez l'être ?);Vision 2 Vie;3654;3690;0.99;1383;2026-07-31T16:30:37.000Z;26;3;oui
https://www.youtube.com/watch?v=lDyhCvyuspg;Know Your Personality, Find Your Perfect Match: MBTI Guide to Love, Relationships & Compatibility;Love & Life, Sorted | Podcast;48;14;3.43;2914;2026-06-17T11:44:16.000Z;70;3;oui
https://www.youtube.com/watch?v=mX_HsA78Rhw;What Kind of Love Do You Give? | Personality Quiz #personalityquiz #quiz #video;Psych Scroll;222;7;31.71;279;2025-10-28T13:01:56.000Z;302;3;oui
https://www.youtube.com/watch?v=2baOHhoy2c0;Comprendre enfin le runner : ses peurs de l’engagement expliquées -- Flammes jumelles;Reveals the Phoenix;2508;1510;1.66;1025;2026-06-13T19:30:01.000Z;74;2;oui
https://www.youtube.com/watch?v=eTbA81qNYt4;Why Compatibility is Overrated: Alain de Botton’s Guide to Relationships That Last | Alain De Botton;Live Well Be Well with Sarah Ann Macklin;424059;101000;4.2;6034;2026-02-04T14:01:07.000Z;203;2;oui
https://www.youtube.com/watch?v=-iQkl8YiV-U;WOMEN SHARE THE RED FLAGS THEY MISSED!!!!😶🤦🏽‍♀️(So you don't!!);NO WAY SIS!;81410;60300;1.35;2241;2026-05-29T13:19:43.000Z;89;2;oui
https://www.youtube.com/watch?v=s3xmlsLjDBM&t=3607s;Love & Married life of every Mulank | Best match for you | Numerology Explained | Trishla Chaturvedi;Talkswithnamit;1160426;394000;2.95;4780;2026-02-28T06:35:02.000Z;179;2;oui
https://www.youtube.com/watch?v=D43kgNuRD2c;ENQUÊTE : Pourquoi est-ce si difficile de trouver quelqu'un aujourd'hui ?;Tiffasoa;46430;46300;1;1236;2026-06-28T11:37:35.000Z;59;2;oui
https://www.youtube.com/watch?v=6Zd6Lwd0rrQ;She’s 🇯🇲, He’s 🇦🇹 — They Met Online, 6 Months Later They Were Engaged;Jamaica;41173;75600;0.54;1908;2026-08-20T00:30:06.000Z;6;2;oui
https://www.youtube.com/watch?v=3fn25cyg1eM;How to Know If You're Compatible (Before You Catch Feelings);Love Mastery with Irena;406;192;2.11;494;2026-06-09T15:52:34.000Z;78;2;oui
https://www.youtube.com/watch?v=ty04HlJUNGY;Ending Up Alone, Are You Prepared for It and Is It Really That Bad?;Becoming Me;71216;38700;1.84;1001;2026-04-25T20:27:27.000Z;123;2;oui
https://www.youtube.com/watch?v=PhDTB9s1zPI;Bumble: From $14B Darling to Broke Tinder Copycat;JunkBondInvestor;144698;69700;2.08;927;2026-04-08T20:13:01.000Z;140;2;oui
https://www.youtube.com/watch?v=KhDM9fT3U0Y;Does personality predict swipe habits?;UMassD PSY Research Conference;288;92;3.13;333;2026-05-07T03:50:01.000Z;111;2;oui
https://www.youtube.com/watch?v=MD85ZGhro-M;Dating In Your 30s In 2026... - Might Be Worse Than Jail;The Social View;3242;3140;1.03;2069;2026-07-13T10:00:05.000Z;44;2;oui
https://www.youtube.com/watch?v=xDcKMjDOeuc;Dating Apps Destroyed A Generation;Front Page;279970;119000;2.35;1913;2026-03-20T18:35:50.000Z;159;2;oui
https://www.youtube.com/watch?v=zv11UYwFLIc;Ce qu’un homme ressent vraiment lorsqu’il tombe amoureux | Carl Jung;Les Secrets de la Psyche;2357;2520;0.94;1752;2026-07-24T11:00:00.000Z;33;2;oui
https://www.youtube.com/watch?v=FFb7kDBmrIE;Quel es ton profil amoureux ? 💘 | Quiz Personnalité;Qui sait ? Multiquiz;198;30;6.6;252;2026-03-03T18:45:00.000Z;175;2;non
https://www.youtube.com/watch?v=GDqnaOjXT7o;Couple à distance : comment tenir ?;Tiphanie Blancheton - Votre coach couple;187;117;1.6;970;2026-07-09T10:10:07.000Z;48;2;oui
https://www.youtube.com/watch?v=hxHFccoM9gw;Célibat en 2026 💔 Conseils d’experte pour transformer ta vie amoureuse !;Gabrielle Dagenais;28;3;9.33;1981;2026-03-12T23:26:42.000Z;166;2;oui
https://www.youtube.com/watch?v=CsaUp1M089c;The Psychology of People Who Are Always Alone;Inner Gravity ;48164;7710;6.25;266;2025-12-30T15:02:29.000Z;239;2;oui
https://www.youtube.com/watch?v=3kUQYfzJ7zE;We're Lying About What's Wrong With Dating;Kait Willett;320209;116000;2.76;1296;2026-02-26T20:30:03.000Z;181;2;oui
https://www.youtube.com/watch?v=1ldqlvRX1Cw;Why Men Aren’t Dating Anymore — And They’re Happier for It;Psycore;269563;20800;12.96;1229;2025-10-11T18:30:03.000Z;319;2;oui
https://www.youtube.com/watch?v=9daQQG1XPNo;Friendships in Winx Club Are Unrealistic — Here's Why You Should Care;Becoming Bamboo;410;276;1.49;2588;2026-06-29T10:00:14.000Z;58;2;oui
https://www.youtube.com/watch?v=VC55wUY1F_M;La psychologie de la confiance dans les relations;L'ÉVEIL DU CHARME;801;660;1.21;418;2026-07-07T16:45:27.000Z;50;2;oui
https://www.youtube.com/watch?v=WtjuuYT-m9I;Tu fais peur aux gens et Tu ne le Sais Même Pas – Machiavel;Le Prince ;149293;56700;2.63;1020;2026-03-06T15:01:05.000Z;173;2;oui
https://www.youtube.com/watch?v=XPN_1RRCFsM;The Cultural Logic of Situationships;Berrohn;84264;13000;6.48;405;2025-12-19T14:01:05.000Z;250;2;oui
https://www.youtube.com/watch?v=53uHUhfCuTQ;The Duke Had Stopped Believing in Love Ten Years Ago—She Wrote Him a Letter He Read a Hundred Times;A Season for Love;1225;1470;0.83;3806;2026-08-02T15:45:31.000Z;24;2;oui
https://www.youtube.com/watch?v=l211C_Hhaus;🚩 Red Flags vs Compatibility: Are You Ignoring the Wrong Signs? | Dial a Diva Podcast Ep. 2;Dial a Diva Podcast;48;24;2;926;2026-07-08T22:12:05.000Z;48;2;oui
https://www.youtube.com/watch?v=tQ4cYALYyoM;INTJ x INTJ Relationship Compatibility | MBTI Explained;MBTI Enjoyer;12;5;2.4;859;2026-07-31T19:30:09.000Z;26;2;oui
https://www.youtube.com/watch?v=g7PjBNk6tfk;Quand vous l’ignorez, voici ce qu’elle fera — C’est choquant !;L'esprit Décrypté;545;722;0.75;1840;2026-08-20T12:51:46.000Z;6;2;oui
https://www.youtube.com/watch?v=4apGtiz42Qk;Why relationships in 2026 carry impossible expectations | Alain de Botton;Big Think Clips;680609;269000;2.53;669;2026-02-24T14:00:13.000Z;183;2;oui
https://www.youtube.com/watch?v=QilIeGE9wGs;Anxiété d'attachement — pourquoi tu vis dans la peur de perdre l'autre;Valium;16;5;3.2;457;2026-06-25T09:30:03.000Z;62;2;oui
https://www.youtube.com/watch?v=TjAehLjCApQ;The Relationship Scientist | Dr. Ryeal Simms;Dr. Ryeal Simms;27;10;2.7;50;2026-06-25T02:25:32.000Z;62;2;oui
https://www.youtube.com/watch?v=4RYg81rG9yM;10 SIGNES cachés qu'il est AMOUREUX mais le CACHE – Carl Jung;Espace Intérieur;151500;11800;12.84;967;2025-10-11T22:00:06.000Z;318;2;oui
https://www.youtube.com/watch?v=6jVdqFZn_LM;The Internet Hates Romance & I'm Tired Of It;Justin Jordan;105305;59900;1.76;1897;2026-04-10T22:45:00.000Z;137;2;oui
https://www.youtube.com/watch?v=tCiP0tpwi_k;DATING IN 2026 IS COOKED | STAY SINGLE  | MALE LONELINESS EPIDEMIC;Come Mek Wi Talk - My reaction ;12232;14300;0.86;2358;2026-07-02T21:46:20.000Z;54;2;oui
https://www.youtube.com/watch?v=u9GX5Xo7GQI;Meeting My ONLINE GIRLFRIEND In REAL LIFE;Jakynol;754588;241000;3.13;822;2026-02-02T21:12:58.000Z;204;2;oui
https://www.youtube.com/watch?v=Dduewa7jtbE;Alternative dating apps - Woven.black, DarkHeart, Feeld, Turn Up;tightlacedboots1;186;58;3.21;566;2026-04-27T03:09:03.000Z;121;2;oui
https://www.youtube.com/watch?v=k_PudSB6ie4;Elle a ri : " Pourquoi supprimerais-je mes applications de rencontre ? Nous ne sommes pas SI...";Sous l'Arbre Généalogique;2951;1910;1.55;1937;2026-05-24T10:00:09.000Z;94;2;oui
https://www.youtube.com/watch?v=xKaZLYMNuBg;Tinder est MORT en 2026 : Voici par quoi le remplacer !;Comprendre l'Attirance;138;64;2.16;398;2026-06-06T08:00:02.000Z;81;2;oui
https://www.youtube.com/watch?v=WhlKbejN0qY;Sexothérapeute : Comment rester en couple quand on n'a plus envie de l'autre ? Avec Hélène Dumont;Les Lueurs;135190;288000;0.47;3635;2026-08-02T15:00:33.000Z;24;2;oui
https://www.youtube.com/watch?v=I5xLd9O0LnU;Ce qui n’arrive qu’aux âmes rares, juste avant que l’AMOUR véritable n’advienne;Âme sacrée;204556;13400;15.27;2075;2025-09-20T03:45:03.000Z;340;2;oui
https://www.youtube.com/watch?v=VNr_mdOU6_A;Is Tinder Gold Worth It? Honest Review & Breakdown (2026);Video Blog Summaries;39;6;6.5;99;2026-03-21T17:44:06.000Z;158;2;oui
https://www.youtube.com/watch?v=z2wM0cEDDRE;Si tu fais ça… elle te suppliera de revenir même si elle est avec un autre|STOÏCISME #love #rupture;Connexion Divine;250055;23700;10.55;1212;2025-10-18T12:37:06.000Z;312;2;oui
https://www.youtube.com/watch?v=KbU0Kjoovfk;The Truth About Compatibility;Your Brutal Bestie;656732;90900;7.22;514;2025-11-14T17:00:42.000Z;285;2;oui
https://www.youtube.com/watch?v=RD30TqW3vpA;4 Signs You're Incompatible (Even If You Love Them);The Empathy Lab;170;15;11.33;469;2025-12-30T11:12:33.000Z;239;2;oui
https://www.youtube.com/watch?v=0SPXzQcvdbc;Attachement évitant #26 : L'évitant recherche la chaleur émotionnelle de la relation;Cécile Ricolleau - Incarner sa puissance;8317;2780;2.99;2732;2026-03-08T16:00:00.000Z;171;2;oui
https://www.youtube.com/watch?v=PtStF1OHZZ8;Ce n’est pas toi le problème, c’est ton style d’attachement, avec une thérapeute de couple;InPower Podcast;155333;284000;0.55;4034;2026-07-14T03:00:29.000Z;43;2;oui
https://www.youtube.com/watch?v=CwcJzsnHzlI;6 signs of strong & healthy relationship | Dr Shaveta Bhardwaj;Dr Shaveta Bhardwaj - Hindi;120;37;3.24;498;2026-04-22T13:30:22.000Z;126;2;oui
https://www.youtube.com/watch?v=NGsCMfRUmQc;THE HARD TRUTH | LOVE IS NOT ENOUGH ♥️💙. #loveisnotenough. #relationshiptruth. #reallove.;ROSELINE JACK TV;1657;1130;1.47;531;2026-05-24T13:00:23.000Z;94;2;oui
https://www.youtube.com/watch?v=_qKp9JGq1V4;PERMISSION TO BREAK UP - Nigerian Movies 2026 Latest Full Movies;Omoni Oboli TV;4387616;2040000;2.15;6720;2026-02-13T17:01:04.000Z;194;2;oui
https://www.youtube.com/watch?v=87-gLm3rNwE;Why MBTI Isn't Pseudoscience;Entroopee;114;52;2.19;187;2026-05-27T18:22:13.000Z;91;2;oui
https://www.youtube.com/watch?v=-n21DWaJwH0;Comment les trans sont en train de tuer le sport féminin;Panda story;54262;154000;0.35;1702;2026-08-24T16:00:14.000Z;2;2;oui
https://www.youtube.com/watch?v=E2hLraBUwm8;Personality Explained | MBTI vs Big Five (OCEAN) | What Makes You, YOU? | Podcast #3 | Dr Sanky;Dr Sanky;153;155;0.99;1022;2026-08-01T13:19:25.000Z;25;2;oui
https://www.youtube.com/watch?v=DSZ_m1lOElE;Dating in Gen Z makes absolutely zero sense...;wheresdav;826566;87000;9.5;684;2025-10-11T20:00:10.000Z;319;2;oui
https://www.youtube.com/watch?v=oennnr9Ey7M;Every Couple Needs To Watch This Emotional Marriage Story Of Love & Betrayal Before It’s Too Late;Movie Lane;1442730;595000;2.42;6666;2026-02-07T15:15:05.000Z;200;2;oui
https://www.youtube.com/watch?v=DPI0TKOC3Gg;Taurus Man And Scorpio Woman Compatibility;Zodiac Fatum;2402;244;9.84;469;2025-11-27T11:43:07.000Z;272;2;oui
https://www.youtube.com/watch?v=fQ2pc13eZwE;7 Red Flags I Missed In Early Dating;Why We Stay: Attachment Stories;17;7;2.43;691;2026-07-02T02:00:06.000Z;55;2;oui
https://www.youtube.com/watch?v=EmyUVguXdDc;Nouveauté ! Trouver l'amour bientôt sur Zee Magic;Bollytv;207102;13600;15.23;22;2025-09-06T23:32:27.000Z;353;2;oui
https://www.youtube.com/watch?v=FBSF-B1w9TQ;I Discovered Why MEN Prefer To Be Single in 2026;Christine Grace Smith;306276;243000;1.26;1656;2026-04-16T01:00:06.000Z;132;2;oui
https://www.youtube.com/watch?v=i48Gb--wDmE;[ENG DUB]🌟I Gave Up My Sky for Him. He Abandoned Me#drama#minidrama;Drama Glitz;298353;191000;1.56;6808;2026-03-27T17:01:01.000Z;152;2;oui
https://www.youtube.com/watch?v=f735_vgih8g;The Secret to Mastering Small Talk (No Matter How Shy You Are);ThatGuy;2074188;225000;9.22;482;2025-10-04T18:41:35.000Z;326;2;oui
https://www.youtube.com/watch?v=CYetUvcQ__A;I Stopped Believing in Love Until She Sat Down and Smiled at Me | Lesbian Love Story;Love Beyond Rules;5557;5360;1.04;1999;2026-06-05T05:00:08.000Z;82;2;oui
https://www.youtube.com/watch?v=tmRdUDojMPU;just delete tinder honestly;groovyrockerchick;42968;24600;1.75;1694;2026-03-31T01:07:13.000Z;148;2;oui
https://www.youtube.com/watch?v=xa0S8VGuHSw;Why Couples Drift Apart During Menopause (And How to Stop It);Dr. Kelly Casperson, M.D. ;22795;50800;0.45;4967;2026-08-05T16:21:34.000Z;21;2;oui
https://www.youtube.com/watch?v=-ujJNlvFCxM;Hinge is Completely F*cked;Moon;611520;1750000;0.35;1832;2026-08-01T13:09:14.000Z;25;2;oui
https://www.youtube.com/watch?v=Fg6sMsfZZlY&list=RDFg6sMsfZZlY&start_radio=1;On S’aimait Trop Tard | Élise Noire | Emotional French Soul Blues;Élise Noire;172;234;0.74;280;2026-08-20T05:27:13.000Z;6;2;oui
https://www.youtube.com/watch?v=cnlfeJhnAds;How to Get Anyone to Talk to You First (Without Begging for Attention);ThatGuy;1810939;225000;8.05;533;2025-10-15T16:36:34.000Z;315;2;oui
https://www.youtube.com/watch?v=sCWb_lEUKTE;LOVE IS NOT ENOUGH (2026)  - Ekene Umenwa, Stanly Igboanugo,Onyinye Okafor,Latest Nigerian Movie;EKENE UMENWA TV;939352;923000;1.02;8301;2026-04-23T15:02:06.000Z;125;2;oui
https://www.youtube.com/watch?v=6mKoQuICGtM;How To HEAL Anxious Attachment (Every Man Needs To Hear This Before He Sabotages His Relationship);Ryan Moresby-White;36889;21700;1.7;3329;2026-04-01T13:00:07.000Z;147;2;oui
https://www.youtube.com/watch?v=lhF0FihlJyE;Modern Dating Has a Commitment Problem (Here’s Why No One Commits);Burchalations Dating;1756;904;1.94;1511;2026-04-19T17:47:13.000Z;129;2;oui
https://www.youtube.com/watch?v=8jjEVfXE3LE;This Is Why Your Relationships Don’t Work | Alain De Botton;The Universe of Alain de Botton;603;296;2.04;1328;2026-04-28T01:00:09.000Z;120;1;oui
https://www.youtube.com/watch?v=b-2Gy1TAX8g;Pourquoi Vous N’Avez Presque Pas d’Amis ? Le Signal Psychologique Que Personne Ne Comprend;Présence Silencieuse;418;686;0.61;2214;2026-08-19T01:00:36.000Z;7;1;oui
https://www.youtube.com/watch?v=hntS6M1IoE0;Pourquoi on répète les mêmes schémas dans nos relations amoureuses ?;margaux_mdm;41;41;1;1323;2026-08-17T16:00:36.000Z;9;1;oui
https://www.youtube.com/watch?v=g_v79yEA_ss;The Reason why Men are Walking Away from Dating (Ep. 733);Man Talk;55336;180000;0.31;288;2026-08-25T19:28:53.000Z;1;1;oui
https://www.youtube.com/watch?v=gDEIQdYr_IY;Why You Keep Attracting the Wrong People (It’s Not Bad Luck);Siham;8218;15400;0.53;1136;2026-07-23T18:44:06.000Z;34;1;oui
https://www.youtube.com/watch?v=5tjHjuNIFlU;What to Do When You Feel Lonely in Your 30s;Willie Austin;41;41;1;672;2026-08-16T01:37:26.000Z;10;1;oui
https://www.youtube.com/watch?v=TWb6itqXOXg;I hate dating apps rant;pyrofoods;59;55;1.07;302;2026-08-01T06:00:20.000Z;25;1;oui
https://www.youtube.com/watch?v=T7DD5zqkvdU;Why Young Men Gave Up on Love (they have a point);YBCTooCold;124931;104000;1.2;1157;2026-04-16T17:45:03.000Z;132;1;oui
https://www.youtube.com/watch?v=UsfVhjtFArs;Science of Lasting Love;Deepdiscussion;18;5;3.6;414;2026-05-13T19:00:32.000Z;105;1;oui
https://www.youtube.com/watch?v=X4DMk_1Oor8;Les applis de rencontres créent elles + de frustration que de réussite ?;Mouffette;22023;21400;1.03;3354;2026-05-14;104;1;oui
https://www.youtube.com/watch?v=DDSYWVRsttk;My Horrible Tinder Addiction;Steven Christianson;307;414;0.74;762;2026-07-30T22:20:15.000Z;26;1;oui
https://www.youtube.com/watch?v=vE-kB3lxkUg;Dating: Addiction to Online Dating;Our2Souls;41;14;2.93;881;2026-05-06T07:18:46.000Z;112;1;oui
https://www.youtube.com/watch?v=P83pOhq40uU;When a Dismissive Avoidant and You Both Stop Contacting Each Other — This Is What Happens Next;Philosophy Wisdom;363952;44200;8.23;536;2025-10-13T12:53:37.000Z;317;1;oui
https://www.youtube.com/watch?v=It_Pw5V0_7M;Relationship Red Flag Quiz | Tizz and Taty Test Their Compatibility !;TizzTheInfluence;4081;949;4.3;1219;2026-01-18T17:05:00.000Z;220;1;oui
https://www.youtube.com/watch?v=3ZsXFId3TL4;COMMENT TROUVER L'AMOUR EN ASIE ? 🇰🇷 (Ma stratégie sur 2 ans);ALL EYES ON JAH;476;638;0.75;1271;2026-07-21T13:48:30.000Z;36;1;oui
https://www.youtube.com/watch?v=pVIONnfpFVw;Why She Made You Believe You Were The Problem;Resilient Man;1919;4670;0.41;1086;2026-08-25T16:00:33.000Z;1;1;oui
https://www.youtube.com/watch?v=aOV8OSPBRBE;QUI DES 30 ? (Avec Billy et Michou);Mastu;5497021;7060000;0.78;4986;2026-04-25T09:02:00.000Z;123;1;oui
https://www.youtube.com/watch?v=Xvi3qExPQ2E;Ces 5 comportements détruisent ton couple et tu ne le sais pas.;Marjo Conscience;98;61;1.61;402;2026-06-07T08:30:01.000Z;80;1;oui
https://www.youtube.com/watch?v=x4AbWbiLNCM;💞Les différences dans la relation amoureuse... un obstacle ou un cadeau ? ✨💖;Prendre soin de l’Âmour💞;16;13;1.23;1857;2026-08-15T11:39:33.000Z;11;1;oui
https://www.youtube.com/watch?v=8E4uUisOobI;Exposing Dating Apps Algortihms for our University Research;Kid Lou;150;84;1.79;606;2026-05-20T11:00:18.000Z;98;1;oui
https://www.youtube.com/watch?v=jIDvi77V1Ek;Why Do People Fear Commitment? - The Psychology Explained;Beyond The Surface;140;96;1.46;896;2026-06-08T16:00:03.000Z;79;1;oui
https://www.youtube.com/watch?v=cSTW9WAe7pk;You're Not Crazy, Being Single is Hard;Jordan Kang;93514;49200;1.9;1036;2026-03-01T02:35:01.000Z;178;1;oui
https://www.youtube.com/watch?v=CzDMpc-SwMw;Why I Push People Away | Talking About My Avoidant Attachment Style;Cognitive Noise;36985;9740;3.8;755;2026-01-05T04:57:50.000Z;233;1;oui
https://www.youtube.com/watch?v=dVEKpTvOB1A;Ultimate DATING ADVICE: You must FIX this one thing! | Hey Tablo Ep. 34;TABLO;144000;524000;0.27;2881;2026-08-18T02:02:48.000Z;8;1;oui
https://www.youtube.com/watch?v=FL7WkkUvv8E;Why Modern Dating Culture Has Completely Fallen Apart;Levi Nichs Clips;3935;11000;0.36;744;2026-08-25T23:00:05.000Z;0;1;oui
https://www.youtube.com/watch?v=XnzLJoAz8X0;La blessure de l’abandon : ce traumatisme qui ruine tes relations;Reine Geniffer;36;17;2.12;279;2026-06-01T16:58:58.000Z;86;1;oui
https://www.youtube.com/watch?v=fp4lRg14a9U;Ce qui fait VRAIMENT durer un couple | science, divorce & remariage | psychologie de l'amour;Dans la vie d'une mindset coach;18854;25300;0.75;2321;2026-06-04T04:00:12.000Z;83;1;oui
https://www.youtube.com/watch?v=rD75bQdzBiQ;5 erreurs qui tuent l’amour lentement;Chemin de couple;57;10;5.7;200;2026-02-20T09:01:13.000Z;187;1;oui
https://www.youtube.com/watch?v=tfUWyr8azqw;Why Your Partner’s Differences Aren’t a Problem (They’re the Point);Doris Füllgrabe;771;540;1.43;490;2026-05-10T11:22:57.000Z;108;1;oui
https://www.youtube.com/watch?v=KK7tcvEHaYI;Why Relationships Keep Failing;Still Awareness;40;12;3.33;264;2026-04-17T04:27:23.000Z;131;1;oui
https://www.youtube.com/watch?v=Ntz8nPMqaKo;Introvert vs Extrovert (Who Falls in Love Faster);The School of Psychology;42;40;1.05;349;2026-07-28T21:18:44.000Z;28;1;oui
https://www.youtube.com/watch?v=Yc5kmUI5xRU;Friends To Lovers Doesn't Work Anymore;imuRgency;104159;343000;0.3;1997;2026-08-06T21:15:10.000Z;19;1;oui
https://www.youtube.com/watch?v=O94Cl31ZgXM;Friction256 Episode 1 | Love, Money and Modern Relationships with King Jah Fire;Friction256;24;25;0.96;2078;2026-08-18T21:17:15.000Z;7;1;oui
https://www.youtube.com/watch?v=6qLiMpxYGL4&list=RD6qLiMpxYGL4&start_radio=1;Hunxho - Intimate Relationships [Official Video];Hunxho;5915043;638000;9.27;154;2025-09-05T04:00:06.000Z;355;1;oui
https://www.youtube.com/watch?v=f_UBwnLfZwk;Why Do I Always Attract the Wrong People? (Real Reason) | “AGAIN WRONG PERSON?”;SoulSearching;118;47;2.51;542;2026-04-16T14:01:57.000Z;132;1;oui
https://www.youtube.com/watch?v=kF51p84h3hk;AMOUR OU PASSION: QU'EST-CE QUI FAIT DURER UN COUPLE?;A NOUS 2;139;33;4.21;2473;2026-02-23T22:00:26.000Z;183;1;oui
https://www.youtube.com/watch?v=fKPC0RThr8o;J'ai Transformé la Maison Abandonnée d'une Tortue;TerraVert Français;552970;146000;3.79;602;2025-12-06T10:01:19.000Z;263;1;oui
https://www.youtube.com/watch?v=eb64QFXWT0g;My mistakes from my past relationship.;John Reynan;38;1;38;658;2025-09-04T08:55:08.000Z;356;1;oui
https://www.youtube.com/watch?v=19dg-Rs4J6I;Pourquoi l'Amour ne suffit pas : Le secret des relations durables;Esprit Calme;205;117;1.75;337;2026-05-04T15:00:02.000Z;114;1;oui
https://www.youtube.com/watch?v=FnSR9SGXpOM;The unfiltered TRUTH about ending up alone as a woman;Gen X Tess;14534;16100;0.9;678;2026-05-10T14:00:31.000Z;108;1;oui
https://www.youtube.com/watch?v=Dgjfp_fmT9Y;Why Love Isn’t Enough in Relationships | Tony Robbins;Limitless Mind;382;71;5.38;1078;2026-01-11T19:00:12.000Z;227;1;oui
https://www.youtube.com/watch?v=uIsyNJQOHBg;The Longer a Man Has Been Without a Close Relationship, the More… || psychology Facts;Psychology Facts;81143;36600;2.22;241;2026-02-02T13:34:59.000Z;205;1;oui
https://www.youtube.com/watch?v=GLIdMQwE_8E;Sudden Breakups Explained: Is Fear Destroying Your Relationship?;Uncompromising;7;4;1.75;280;2026-07-31T13:25:50.000Z;26;1;oui
https://www.youtube.com/watch?v=JJAwngwDuOU;How to Actually Beat the Hinge Algorithm;Jerrad Ross;4051;8580;0.47;372;2026-07-18T15:03:27.000Z;39;1;oui
https://www.youtube.com/watch?v=dAl12ZDYD00;Prove It! S01E01: Opposites Attract;EverVerse Empire Official™;9;7;1.29;1368;2026-08-15T02:43:26.000Z;11;1;oui
https://www.youtube.com/watch?v=5jAX4hN2bdQ;What Type of Man Is Your Ideal Match? ✨💖 | Fun Personality Quiz;CᴜᴛᴇGɪʀʟSᴛᴜᴅɪᴏ;997;1350;0.74;424;2026-06-22T19:52:39.000Z;65;1;oui
https://www.youtube.com/watch?v=iKbUOqlWQmo;Emotionally Unavailable Men Do THIS To Your Nervous System;Amy Kerr - Love By Design;348586;42300;8.24;1418;2025-09-22T17:01:05.000Z;338;1;oui
https://www.youtube.com/watch?v=DuYT0htqbMQ;What Do You See First? Secret Personality Test | The Ultimate Personality Test USA - 99% Accurate;The Psymento ;6;4;1.5;459;2026-08-17T23:40:40.000Z;8;1;oui
https://www.youtube.com/watch?v=7pRD-UQGyZ4;I Bought Every Abandoned Product (PART TWO);HopeScope;1595530;8940000;0.18;1937;2026-08-22T14:30:36.000Z;4;1;oui
https://www.youtube.com/watch?v=qAZv4A_l3Cc&list=RDqAZv4A_l3Cc&start_radio=1;Stopped believing in Love;Milla Sound - Topic;35;49;0.71;299;2026-08-22T19:41:35.000Z;4;1;non
https://www.youtube.com/watch?v=juXoTrcU5nc;LES 7 MEILLEURS SITES DE RENCONTRES 2026 (vous ne connaissez pas le 2ème);Séducteur Moderne;2686;1270;2.11;360;2026-03-05T18:10:10.000Z;174;1;oui
https://www.youtube.com/watch?v=x1gZUDjSht8;Les meilleures applications de rencontres en 2026 ! (16 applications mentionnées);Portraits Chretiens;438;309;1.42;3941;2026-05-03T15:08:36.000Z;115;1;oui
https://www.youtube.com/watch?v=vidRO68qFk4;Test psychologique - Quel couple est le plus heureux ? Ce test de personnalité va vous surprendre !;Lina-infos;93;143;0.65;200;2026-08-07T19:00:25.000Z;19;1;oui
https://www.youtube.com/watch?v=Cm6E6tqCqAU;I DELETED the dating apps even though I've never been in a relationship;kyi;1828;3560;0.51;406;2026-07-14T10:53:44.000Z;43;1;oui
https://www.youtube.com/watch?v=N6454XfxtrI;80% of Men Quit Dating Apps… Now Women Are Panicking — “They Stopped Approaching Now This”;More To Life ;55886;68900;0.81;2198;2026-04-28T21:30:04.000Z;119;1;oui
https://www.youtube.com/watch?v=rBjGarODP6I;Master The Art Of Conversation (Using Psychology);Dr Thomas Smithyman ;937465;140000;6.7;1192;2025-09-29T17:15:09.000Z;331;1;oui
https://www.youtube.com/watch?v=wiXbva_kK8U;Éviter l’essoufflement relationnel : le secret pour tenir toute l’année;Prof et pédago;84;62;1.35;407;2026-06-02T05:45:25.000Z;85;1;oui
https://www.youtube.com/watch?v=v_zFGkg-mMw&t=118s;Facebook Rencontres : la PIRE appli dating ? (Avis 2026);Séducteur Moderne;3093;1270;2.44;567;2026-02-14T13:02:32.000Z;193;1;oui
https://www.youtube.com/watch?v=EnJbjXJzYpg;The Truth About Ending Up Alone (No One Talks About This);AttaGirl Reinvented ;15876;12300;1.29;488;2026-03-26T22:04:14.000Z;152;1;oui
https://www.youtube.com/watch?v=DUTtncIlf3E;Introvert's Love Saga;Two Sugars, No Men🌈;6;3;2;78;2026-07-16T21:08:53.000Z;40;1;oui
https://www.youtube.com/watch?v=--OzcyUAaz4;The Hidden Pattern People Repeat in Every Failed Relationship;Micah Labs;65;107;0.61;592;2026-08-16T23:10:40.000Z;9;1;oui
https://www.youtube.com/watch?v=ClNWDq4Fs48;Why Situationships Are So Hard to Leave (Psychology Explained);Inner Lens Psychology;34;28;1.21;601;2026-06-30T07:00:45.000Z;57;1;oui
https://www.youtube.com/watch?v=j8IIRI-zfug;No One Is Using Bumble...;Logically Answered;348204;926000;0.38;862;2026-06-19T19:00:03.000Z;68;1;oui
https://www.youtube.com/watch?v=fD4G2GFEqd0;Why Dating Apps Want You Addicted (And How to Reclaim Your Brain);Michelle Troutman - My Journey to Love;39;13;3;382;2026-04-04T22:30:08.000Z;143;1;oui
https://www.youtube.com/watch?v=hp8BHxvaZnw;DOB से जानें आपका रिश्ता चलेगा या नहीं | Loshu Grid Marriage Compatibility Secret @astroarunpandit;Occult Gurukul;79319;135000;0.59;945;2026-05-19T15:04:00.000Z;99;1;oui
https://www.youtube.com/watch?v=D4iZ1nGB7SY;Comment RÉELLEMENT guérir ton style d'attachement anxieux;Chowkate;2656;7960;0.33;1211;2026-08-10T18:55:22.000Z;16;1;oui
https://www.youtube.com/watch?v=QlTigG13UxA;Lors d'une soirée jeux en couple, il a dit:« Je donne une note de 2/10 à notre relation  l'argent la;L'Inavoué;582;1440;0.4;3180;2026-08-12T16:00:15.000Z;14;1;oui
https://www.youtube.com/watch?v=SmlQ3PlqiJg;J'ai donné un rein, suis coma, elle m'ignore. Puis riche et fils, elle supplie à genoux.;Super God Drama;4598;17200;0.27;6172;2026-08-23T12:00:12.000Z;3;1;oui
https://www.youtube.com/watch?v=PG0yTjRGaoI;S'aimer ne suffit pas;Pamlor_La Mera Autarkya ;101;92;1.1;180;2026-06-10T12:56:56.000Z;77;1;oui
https://www.youtube.com/watch?v=qHjSpIGH0Nc;Science of Lasting Love;Deepdiscussion;13;5;2.6;414;2026-05-16T19:00:39.000Z;102;1;oui
https://www.youtube.com/watch?v=sX0jzOSVt7k;Chemistry vs Compatibility: Which One Matters Most? | Guest: Courtney-Diana | BTL with Vayne EP8;VAYNEtv;2497;1910;1.31;3071;2026-04-08T00:45:27.000Z;140;1;oui
https://www.youtube.com/watch?v=cf72okKEwvY;The Hidden Reality of Modern Love That Most People;Mind Drift;10;3;3.33;227;2026-05-03T23:35:22.000Z;114;1;oui
https://www.youtube.com/watch?v=ELEiFxU50t0;INTJ x INFJ Relationship Compatibility | MBTI Explained;MBTI Enjoyer;7;5;1.4;913;2026-08-04T19:30:04.000Z;22;1;oui
https://www.youtube.com/watch?v=8FhW7PTzVkE;The Psychology of People Who Fear Commitment;Positive Psychology;32;2;16;989;2025-11-05T21:32:34.000Z;293;1;oui
https://www.youtube.com/watch?v=4qIxbi6c38E;1 hour of dating advice that actually works;solace;68595;124000;0.55;4716;2026-05-22T15:52:58.000Z;96;1;oui
https://www.youtube.com/watch?v=L4RfhPklI6A;AMOUR OU PASSION: QU'EST-CE QUI FAIT DURER UN COUPLE? 2e PARTIE;A NOUS 2;107;33;3.24;2592;2026-03-02T13:45:11.000Z;177;1;oui
https://www.youtube.com/watch?v=ZRwLTdr0jxQ;online dating fatigue (Ep. 17);flirting with meaning - podcast;7872;1100;7.16;643;2025-10-22T15:01:06.000Z;308;1;oui
https://www.youtube.com/watch?v=bu7u9VurUq4;Dating Apps Ruined Modern Love | Here's The Evidence;TsgTalks co;1465;3190;0.46;4230;2026-07-15T10:00:06.000Z;42;1;oui
https://www.youtube.com/watch?v=3CHoJLb0vGo;If Your Partner Is Highly Sensitive, Watch This Before You Say Another Word;HeartDecoded;18;2;9;475;2026-01-11T13:04:49.000Z;227;1;oui
https://www.youtube.com/watch?v=JZ3MzI-6fa4;Reprends le pouvoir sur l'ALGORITHME des APPLIS de rencontre et évite la DATING FATIGUE — 3 conseils;Delphine LD (couple);57;41;1.39;543;2026-05-29;89;1;oui
https://www.youtube.com/watch?v=D80lm4zknAc;Are Dating Apps About Love or Just Dopamine Addiction?;The Inner Lens;73;20;3.65;482;2026-02-25T18:00:23.000Z;182;1;oui
https://www.youtube.com/watch?v=7czBQD-y8bs;100 Jours Pour Rencontrer RONALDO !;Kryptoo;5060392;2010000;2.52;2271;2025-12-05T18:15:00.000Z;264;1;oui
https://www.youtube.com/watch?v=Y8lp5xNS-ys;Why Is Premarital Counseling Important for Modern Couples? | Marriage.com;Marriage•com;5221;20200;0.26;562;2026-08-18T15:30:07.000Z;8;1;oui
https://www.youtube.com/watch?v=lhHSW4J2qJs;How to Meet People without Dating Apps in 2026;Francesca Hogi;1003;1090;0.92;454;2026-05-15T12:01:18.000Z;103;1;oui
https://www.youtube.com/watch?v=lgff5COEaDY&list=RDlgff5COEaDY&start_radio=1;Je ne te crois plus (Chanson d’amour française) | Ballade romantique émotionnelle;CoeurDeRue;1726;581;2.97;1065;2026-01-22T22:09:21.000Z;215;1;oui
https://www.youtube.com/watch?v=VhYNreR8Rg0;Who the Avoidant Actually Ends Up With (It’s Not Who You Think);Philosophy Wisdom;237784;44200;5.38;525;2025-10-15T13:54:10.000Z;315;1;oui
https://www.youtube.com/watch?v=PWvyuAow6W8;How Introverted Men Should Flirt;Kimberly Michelli;111890;21500;5.2;191;2025-10-24T01:52:31.000Z;306;1;oui
https://www.youtube.com/watch?v=sLcAyXSmuXY;The Untold Tragic Story of Kurt Cobain;Music Vibe;649000;353000;1.84;3521;2026-01-12T22:40:28.000Z;225;1;oui
https://www.youtube.com/watch?v=Z_-tar5ZZM4;The Death of Dating Apps | Why Tinder, Bumble & Hinge Are Failing;Quillette;48974;102000;0.48;408;2026-06-02T02:00:23.000Z;85;1;oui
https://www.youtube.com/watch?v=mDog7URr_B4;Compatibility & Attraction Pt.2 #Datingtalk #relationships #compatibility;Juice With Judy Unfiltered Podcast;103;87;1.18;2173;2026-05-27T16:00:20.000Z;91;1;oui
https://www.youtube.com/watch?v=QloQMZzGVYo;How Dating Apps Profit From You Never Finding "The One";Hidden Revenue;8;7;1.14;1155;2026-08-10T20:39:22.000Z;15;1;oui
https://www.youtube.com/watch?v=k6d3Y5XsGvA;The Psychology of Cheaters in Relationships;Silent Awareness;781;2440;0.32;541;2026-08-20T13:56:34.000Z;6;1;oui
https://www.youtube.com/watch?v=M3SQPv1Yr0s;Abandonnée et ruinée, elle découvre que le père de sa fille est un riche héritier amoureux #drama;Romantique Scènes;922584;266000;3.47;6181;2025-11-13T16:00:06.000Z;286;1;oui
https://www.youtube.com/watch?v=mos382lmg2w;Pourquoi 5g ne suffisent pas;Biomécanique;36895;193000;0.19;6384;2026-08-24T06:00:09.000Z;2;1;oui
https://www.youtube.com/watch?v=ZKqN8EJaE3Q;Are You Compatible? How To Tell Before You Get Attached;Dating Intentionally;4159;9390;0.44;1573;2026-06-30T13:15:01.000Z;57;1;oui
https://www.youtube.com/watch?v=XI9qgLQPMOw;The 60 Second Difference Between A Man In Love & A Man In Lust;Brainy Facts;28075;138000;0.2;704;2026-08-20T14:30:00.000Z;6;1;oui
https://www.youtube.com/watch?v=rWSh7WKlQas;Forget MBTI — This Is the Personality Model That Actually Works;Dr. Co-SKILLS;21;15;1.4;442;2026-06-16T23:00:14.000Z;70;1;oui
https://www.youtube.com/watch?v=itCdg-OazlY;Why No one Wants to Commit Anymore | Coffee, Wine or Tea ☕🍷🍵;Coffee Wine Or Tea?;14;2;7;238;2026-02-05;202;1;oui
https://www.youtube.com/watch?v=3CHJQ7ieJuw;Why Your Personality Type is Fake (And How to Actually Find It);Boxley Unboxed;21;7;3;263;2026-04-08T13:00:05.000Z;140;1;oui
https://www.youtube.com/watch?v=_Am2jvq-b8A;7 Signs of an Incompatible Relationship;God & Jerry Relationships;14;9;1.56;1026;2026-06-19T01:15:26.000Z;68;1;oui
https://www.youtube.com/watch?v=wFAaPKs2bmM;The Hidden Emotional Cost of Hookup Culture;Psygrowthia . 5M Views . 4Hours Ago........;57;17;3.35;330;2026-03-03T02:00:09.000Z;176;1;oui
https://www.youtube.com/watch?v=5WsTsgmEN0U;Gen Z Finally Figured Out Dating Apps Don't Work;Nate Roscoe RLP;8658;7330;1.18;607;2026-03-22T00:00:00.000Z;157;1;oui
https://www.youtube.com/watch?v=zUIc9sth7gY;50 singles swipe on each other | season 7;nectar;5572445;1460000;3.82;2188;2025-10-18T16:01:52.000Z;312;1;oui
https://www.youtube.com/watch?v=OcywMVYlSrY;How Dating Apps Actually Work (From a Recommendation Engineer);AI Stamp;676;148;4.57;796;2025-12-19T15:33:37.000Z;250;1;oui
https://www.youtube.com/watch?v=XheOJFNKV5A;Le Jour Où l’Empathe Comprend Que Sa Compassion L’a Épuisé | Carl Jung;La Chambre Noire;1085;3740;0.29;1226;2026-08-17T15:00:10.000Z;9;1;oui
https://www.youtube.com/watch?v=jpA2s-GX71k&list=RDjpA2s-GX71k&start_radio=1;Je n'y crois plus;Alexiel;147;11;13.36;154;2025-10-06T19:17:22.000Z;324;1;oui
https://www.youtube.com/watch?v=XG1soAiJ_WE;Why Gay Men Are Deleting Dating Apps in 2026 (And What's Actually Working);Gay & Bisexual Men's Dating Coach ;10315;12100;0.85;981;2026-04-16T23:00:39.000Z;131;1;oui
https://www.youtube.com/watch?v=hjBZYhaeoSA;Types of Modern Relationships be like;Wojak Explainer;244785;63600;3.85;192;2025-11-05T16:50:30.000Z;294;1;oui
https://www.youtube.com/watch?v=dFwBZwfMCYs;Polyamour, couple libre ou libertinage : les vraies différences;Polia - navigating polyamory;37;6;6.17;329;2026-01-12T17:26:13.000Z;226;1;oui
https://www.youtube.com/watch?v=OIK3xP7jsMM;Why is he single? Good, Successful and Smart Men Stay Single Too;Matryoshka Tips;49943;35500;1.41;542;2026-02-15T12:00:42.000Z;192;1;oui
https://www.youtube.com/watch?v=XN445KY58sk;VOTRE FUTUR PARTENAIRE 💍❤️|Personnalité,Rencontre|Tirage sentimental au choix |Guidance intemporelle;Instant Divination;3445;1320;2.61;11376;2026-01-15T18:00:40.000Z;223;1;oui
https://www.youtube.com/watch?v=drsSdme3jQo;Creepy Men Ruined Dating... And It's Annoying;Jordan Kang;344484;49200;7;1195;2025-09-07T16:45:02.000Z;353;1;oui
https://www.youtube.com/watch?v=Sw_tjYfVBlM;Modern Dating Is Broken (And This Is Why);Snarky Jay;253066;370000;0.68;1417;2026-04-06T21:01:59.000Z;141;1;oui
https://www.youtube.com/watch?v=aMDcZr4yALA;3 Best Dating Apps That Aren’t Terrible (2026 Updates);Healthy Framework;23687;13800;1.72;396;2026-02-01T20:03:31.000Z;206;1;oui
https://www.youtube.com/watch?v=Td-NFTcu6jo;Une spécialiste des relations amoureuses nous donne ses meilleurs conseils;InPower Podcast;103046;284000;0.36;4007;2026-06-09T03:00:18.000Z;78;1;oui
https://www.youtube.com/watch?v=7ZGRZ99dipE;HOW TO KNOW IF YOU ARE COMPATIBLE FOR MARRIAGE;Revival City Tv;166;180;0.92;638;2026-05-29T11:00:14.000Z;89;1;oui
https://www.youtube.com/watch?v=TK61XYt2Ahk;TINDER, MEETIC : Comment les application de rencontre vous PIÈGENT - Tout Compte Fait;Tout Compte Fait;91035;292000;0.31;2841;2026-06-23T16:00:25.000Z;64;1;oui
https://www.youtube.com/watch?v=kWNNi53bSJ8;Comment naît VRAIMENT l’amour chez une femme (les mécanismes psychologiques dévoilés);Le Jeu Secret de l'Amour;2151;6880;0.31;830;2026-07-28T20:00:24.000Z;29;1;oui
https://www.youtube.com/watch?v=L0mpBD8uqyY;🎙️ Pourquoi est-il devenu si difficile de rencontrer quelqu’un de sérieux ? | Podcast;Beatrice PAUL (l'Agence L'Oasis);67;52;1.29;901;2026-05-16T08:14:08.000Z;102;1;oui
https://www.youtube.com/watch?v=h8QG9UqHyWQ;The Psychology of Slow Fading — Gone Before They Go;Social Behaviour Explained;71;66;1.08;553;2026-05-30T18:37:35.000Z;88;1;oui
https://www.youtube.com/watch?v=KLxSIorCjR0;Kevin Samuels: The One Habit That Destroys Modern Relationships;CommandCap;2487;9570;0.26;1387;2026-08-11T13:00:09.000Z;15;1;oui
https://www.youtube.com/watch?v=5OD0qo-skbY;The World Has Ended For Average Men. You Just Haven't Noticed Yet;Owen Cook ;33268;189000;0.18;11430;2026-08-20T16:00:08.000Z;6;1;oui
https://www.youtube.com/watch?v=c9puZdC0ls4;Young Men are GIVING UP on Dating in 2026...and It KEEPS GETTING WORSE;Modern Life Dating;51550;220000;0.23;711;2026-07-21T16:00:28.000Z;36;1;oui
https://www.youtube.com/watch?v=KOyzF5XMVBk;Why You Keep Attracting the Wrong People (Trauma, Love & Healing);Breath Of Hope Podcast;11548;4460;2.59;1231;2025-12-30T13:31:02.000Z;239;1;oui
https://www.youtube.com/watch?v=WANS5pBWtXY;Beyond MBTI, DISC, and Big Five: Meet Your Mind Explained;MeetYourMind;7;4;1.75;252;2026-06-24T23:22:26.000Z;62;1;oui
https://www.youtube.com/watch?v=urBcOTm4pH4;When to Stop Looking at the Chart and Start Looking at the Person;Free Synastry;31;15;2.07;1494;2026-04-19T16:14:11.000Z;129;1;oui
https://www.youtube.com/watch?v=N1UKTQFYzM0;Alain de Botton: Why You're Drawn to the Wrong People and How Attachment Styles Explain It;Live Well Be Well with Sarah Ann Macklin;108744;101000;1.08;487;2026-02-27T14:00:42.000Z;180;1;oui
https://www.youtube.com/watch?v=icWtFQOvNNs;The Truth About Loving an Emotionally Unavailable Man | Dr Gabor Mate;Healing Words of Gabor Maté;13524;5590;2.42;1199;2026-01-03T13:46:21.000Z;235;1;oui
https://www.youtube.com/watch?v=xhxRh63X_AQ;60 questions pour définir ta relation de couple : Le test ultime de compatibilité !;Marjo Conscience;57;61;0.93;408;2026-06-14T08:30:08.000Z;73;1;oui
https://www.youtube.com/watch?v=hgPBttW6yzQ;POURQUOI LES COUPLES MODERNES NE DURENT PLUS ?! (EXIGENCES, RÉSEAUX SOCIAUX, NON-DITS...);Stories2Ouf;9425;4350;2.17;1262;2026-01-15T17:29:38.000Z;223;1;oui
https://www.youtube.com/watch?v=0af2OzGlI_U;Black Love and Relationships, Marriage Secrets & Out of Your League | Dr. Ryeal Simms;Dr. Ryeal Simms;13;10;1.3;3171;2026-06-25T03:06:43.000Z;62;1;oui
https://www.youtube.com/watch?v=LbzjdF5FZOI;Too Many Choices Are Destroying Relationships: The Paradox of Choice;The better Human;62;62;1;229;2026-06-05T17:30:20.000Z;82;1;oui
https://www.youtube.com/watch?v=S2YgzZBtuvE;【ENG DUB】He Gave Up His Art For Their 15-Year Love... Then He Saw Her With Another Man!;KikiDrama🌈;1146432;279000;4.11;6757;2025-10-11T14:00:48.000Z;319;1;oui
https://www.youtube.com/watch?v=SxDvwDhe3p0;People who don’t have friends share these five personality traits;The Mindset Mentor Podcast;1816871;1030000;1.76;242;2025-12-23T14:00:07.000Z;246;1;oui
https://www.youtube.com/watch?v=05ch81PuyfA;How to Talk to Someone You’re Attracted To (Don’t Ask Questions!) – According to Machiavelli;Henry Grey Earls;1077724;211000;5.11;383;2025-09-22T04:00:00.000Z;338;1;oui
https://www.youtube.com/watch?v=qAAON2FV5U0;I’ll probably be single forever... so what? 🤷🏼‍♀️;Chelsea Callahan;160480;148000;1.08;1289;2026-02-21T16:21:18.000Z;186;1;oui
https://www.youtube.com/watch?v=hHO6RstgPVs;Sites de Rencontre 2026 : les meilleures applis du moment (Tinder en rade);La Séduction Pour Les Zéros;13572;13300;1.02;1824;2026-03-19T18:11:11.000Z;160;1;oui
https://www.youtube.com/watch?v=1LNzJPzs_74;Being Lonely as a Gay Man in your 30s;Brandon Scott Partin;3070;5250;0.58;1118;2026-05-23T14:39:37.000Z;95;1;oui
https://www.youtube.com/watch?v=GIItjRUYa8w&list=RDGIItjRUYa8w&start_radio=1;Je te laisse vivre (sans moi) - chanson sur le lâcher-prise d'une relation suite à une rupture;Éclats d'Âme - Sandrine Schmidt;264;257;1.03;224;2026-05-05T08:30:03.000Z;113;1;oui
https://www.youtube.com/watch?v=lXhmJnPW82o;🪐Elle mange, elle ne grossit pas. Moi, je ne mange pas, j'explose. C'est sa faute#minidrama;Coup de Cœur Séries;125024;181000;0.69;5563;2026-04-03T17:00:59.000Z;145;1;oui
https://www.youtube.com/watch?v=WtjbAP_eJ80;Why New Relationships End at 3 Months (Is It You or Them?);Dating Intentionally;2320;9390;0.25;1657;2026-08-11T12:00:03.000Z;15;1;oui
https://www.youtube.com/watch?v=LMivY8m8xTw;CEO Came To Break Up With Selfish Girl!But Saw Her Giving Banquet Leftovers To Orphans&Fell In Love!;Amber Halo;330955;302000;1.1;7052;2026-02-12T11:30:16.000Z;195;1;oui
https://www.youtube.com/watch?v=PgZXAauL9W4;Is the MBTI unscientific and meaningless: An Exploration of why this might not be true;Team Focus Limited;154;148;1.04;2582;2026-05-11T11:04:07.000Z;107;1;oui
https://www.youtube.com/watch?v=a7_PvOsmMxE;Why Groove Theory Broke Up After Just One Album;StuntedGrowthMusic;19825;72000;0.28;699;2026-07-09T00:36:38.000Z;48;1;oui
https://www.youtube.com/watch?v=uVpxg6qPYcg;Psychology Of People Who Have Never Been In Love;The Archetype;109362;37400;2.92;1062;2025-11-23T14:30:06.000Z;276;1;oui
https://www.youtube.com/watch?v=PF6rivRf8Pk&list=RDPF6rivRf8Pk&start_radio=1;Relation toxique;Othman Ben Brahim;89;64;1.39;195;2026-04-23T11:48:08.000Z;125;1;oui
https://www.youtube.com/watch?v=gdkeMLs6nRA;I'm 76  These 5 Things Ruined My Relationships (Never Tell Anyone);Before Time Runs;15;2;7.5;964;2026-01-06T18:01:00.000Z;232;1;oui
https://www.youtube.com/watch?v=HhaEIXHDfpY;Situationship Explained in 6 Minutes;Your Brutal Bestie;76291;90900;0.84;362;2026-03-16T16:30:08.000Z;163;1;oui
https://www.youtube.com/watch?v=mPEg82wzW70&list=RDmPEg82wzW70&start_radio=1;Gims_-_Silence À Deux (Music Audio);Zik's Beat;1825;6500;0.28;192;2026-07-28T16:00:38.000Z;29;1;oui
https://www.youtube.com/watch?v=Zq4OWq-uUMM;Forced To Marry 30ys Man,Then,She Finds Him Stunning!Living together,Cold CEO Spoils Her!#ceo;桃心短劇topsweet;5112;28000;0.18;7127;2026-08-24T09:30:18.000Z;2;1;oui
https://www.youtube.com/watch?v=QsU9da2469Q;Forget The Apps | How to Meet Someone Offline [Ep: 2: We Met Without Apps];The Couples Cast;126;23;5.48;3867;2025-12-11T21:32:52.000Z;257;1;oui
https://www.youtube.com/watch?v=Norj0Z8yk3w;WittFlow;Eric de Rochefort;22;1;22;70;2025-09-17T14:53:36.000Z;343;1;non
https://www.youtube.com/watch?v=nQKQ3EUJsPU;Comment faire durer son couple (vraiment) — Les clés d’une relation longue et heureuse;JeanYan and Life;564;81;6.96;443;2025-10-26T08:36:17.000Z;304;1;oui
https://www.youtube.com/watch?v=-4oYB5JsTFk;Gen Z's Chronically Single Epidemic;chulde;39573;49500;0.8;504;2026-03-23T00:45:01.000Z;156;1;oui
https://www.youtube.com/watch?v=-AW801pw1dI;Non-traditional Relationship structures - modern relationships are more diverse than ever.;Brenton Surgenor;9;7;1.29;335;2026-06-29T16:00:25.000Z;58;1;oui
https://www.youtube.com/watch?v=jKPt4AojCVg;Une Timide Tombe Amoureuse En Secret Du Garçon Populaire, Et Surprise, Il Lui Déclare Son Amour!;Série Flash;258652;64000;4.04;8969;2025-10-12T16:01:11.000Z;318;1;oui
https://www.youtube.com/watch?v=yDUs5ywqKpw;Are Personality Tests Actually Accurate?;Psychology with Jama;8;8;1;1070;2026-07-25T16:53:36.000Z;32;1;oui
https://www.youtube.com/watch?v=QjRvFKZSPqo;Why Modern Dating Feels Harder Than Ever;Amir Odom;431798;823000;0.52;1929;2026-04-09T20:00:06.000Z;139;1;oui
https://www.youtube.com/watch?v=ANDWlhhGFHo;7 Signs You Are Sexually Incompatible And What To Do Next;X-Ray Love;121;33;3.67;230;2026-01-13T17:30:09.000Z;225;1;oui
https://www.youtube.com/watch?v=ifANI_kQREk;Love Is Not Enough: Why Most Relationships Fail;Simply Relationships;195;101;1.93;490;2026-03-03T18:00:47.000Z;176;1;oui
https://www.youtube.com/watch?v=AAn0oOaxfj8;Mon avis Fruitz 2026 (vous êtes pas prêts);Séducteur Moderne;2680;1270;2.11;752;2026-01-17T20:02:49.000Z;220;1;oui
https://www.youtube.com/watch?v=HGU1WutgLsg;This Is Why You Should STOP Using Dating Apps;YOUNG 2WOO NO DAYS OFF ;1249;1880;0.66;576;2026-05-10T23:16:49.000Z;107;1;oui
https://www.youtube.com/watch?v=rqae_sN7K5U;THERAPY : Les schémas répétitifs en amour | S2;Veebee Talks;4553;12200;0.37;3575;2026-06-16T18:30:04.000Z;71;1;oui
https://www.youtube.com/watch?v=zLyK-Yi1QpE&t=433s;Healed Avoidant Exposes Avoidant Attachment's Darkest Coping Mechanism;UNDERSTANDABLE;6078;11200;0.54;1320;2026-05-10T15:15:05.000Z;108;1;oui
https://www.youtube.com/watch?v=Obtx02xVJBM;Your Marriage Is in Danger If You're Doing This;Principled Therapy;1746;1760;0.99;1154;2026-03-28T17:00:00.000Z;151;1;oui
https://www.youtube.com/watch?v=c9ciPrlfNA0;Find Out Your LOVE STORY TROPE (This Might Surprise You 👀) | Personality Quiz-Blossom;QuizBlossom;55;29;1.9;451;2026-03-25T17:30:17.000Z;154;1;oui
https://www.youtube.com/watch?v=Af9t_7LqJo8;Exposing Every Viral Love Story;Rebecca Zamolo;5821353;23000000;0.25;4005;2026-05-22T20:06:38.000Z;95;1;oui
https://www.youtube.com/watch?v=wHNug3JlFLM;Why Dating Is So Hard Now? The Truth About Modern Dating & Finding Love with Matthew Hussey;Let's Be Honest with Kristin Cavallari;14223;91400;0.16;468;2026-08-18T03:00:13.000Z;8;1;oui
https://www.youtube.com/watch?v=8Sd2pX4SqQ0;7 Façons de Gérer Les Personnes Qui ne Vous Respectent Pas | Jim Rohn;Citaction ;590845;146000;4.05;2073;2025-09-27T16:00:12.000Z;333;1;oui
https://www.youtube.com/watch?v=SjDqLE6rre8;Why People Ghost you - Here's What's Actually Happening in Their Brain;In Thought;26;45;0.58;298;2026-07-26T07:45:14.000Z;31;1;oui
https://www.youtube.com/watch?v=tiET3-flzk0;TINDER vs HINGE : Lequel choisir en 2026 ? (le combat du siècle);Séducteur Moderne;2129;1270;1.68;792;2026-02-02T12:06:14.000Z;205;1;oui
https://www.youtube.com/watch?v=zIGjVsZ1I40;Avis Rendez-Voo.com : Review du site de rencontre;Infolites - Actus, News & Infos Insolites;6;1;6;317;2026-02-18T11:16:14.000Z;189;1;oui
https://www.youtube.com/watch?v=TEQQmc73pns;COUPLES THERAPIST: The #1 Relationship Mistake You're Making Without Realizing It | Melissa Dumaz;Awf The Record ;20709;136000;0.15;3310;2026-08-13T19:00:28.000Z;13;1;oui
https://www.youtube.com/watch?v=PqdMjtNhi-w;Couple Compatibility Test 💘 Destined or Just Dating? (Part 1);The QuizPire Studio;596;368;1.62;273;2026-02-21T14:00:40.000Z;186;1;oui
https://www.youtube.com/watch?v=2uQO_f2J4N4;Why Christians Are Struggling to Find Love Today;Adeline Johanna;53540;8810;6.08;618;2025-09-06T19:00:04.000Z;354;1;oui
https://www.youtube.com/watch?v=N68EYqor43I;Mon avis Happn 2026 en 5 min TOP CHRONO !;Séducteur Moderne;2401;1270;1.89;499;2026-01-19T12:09:46.000Z;219;1;oui
https://www.youtube.com/watch?v=Gg1ceAhWjPY;Why Loners Are MAGNETS for Toxic People (The Psychology Will Shock You);Embracing the Dark;103292;51600;2;945;2025-12-08T18:00:20.000Z;261;1;oui
https://www.youtube.com/watch?v=RefYqpUXTFg;Pourquoi tu répètes les mêmes schémas amoureux, avec CÉLIA MAURY, thérapeute en psychogénéalogie;Crush Le Podcast;1214;3020;0.4;4869;2026-06-14T07:00:20.000Z;73;1;oui
https://www.youtube.com/watch?v=zWO8shbWjEI;Personality, Compatibility & Dating Apps with Personality Expert Saeid Fard;Permission to Heal;49;73;0.67;2552;2026-06-22T09:00:20.000Z;65;1;oui
https://www.youtube.com/watch?v=wjWUKlWZgtM&list=RDwjWUKlWZgtM&start_radio=1;Ma plus belle histoire d’amour, Classic French Chanson d’Amour, Pure Émotion 1960;Silent Paws Studio;628;2050;0.31;286;2026-07-17T08:00:25.000Z;40;1;oui
https://www.youtube.com/watch?v=TxnLFhFfZrg;Attachement évitant : pourquoi vous partez… et comment arrêter;Renaud Fulconis;7356;6510;1.13;552;2026-02-20T17:44:52.000Z;187;1;oui
https://www.youtube.com/watch?v=3JysvgedTxw;J’ai enfin désinstallé les réseaux sociaux de mon téléphone;Juliette Jahm;47630;162000;0.29;3640;2026-06-03T16:30:01.000Z;84;1;oui
https://www.youtube.com/watch?v=FnYwoVBFvNM;Story #10 | My Relationships Never Worked… Until I Understood Attachment Styles;From Pain Into Purpose;33;26;1.27;263;2026-05-03T18:00:06.000Z;115;1;oui
https://www.youtube.com/watch?v=Q-q9BjpJVkA;When An Avoidant Realizes You’ve Given Up - The Stages of Panic;The Art Of Love with Lucia;68685;118000;0.58;863;2026-03-30T18:18:01.000Z;149;1;oui
https://www.youtube.com/watch?v=R5o3ZADctMg;I Tried Dating Apps Again and Instantly Regretted It;Hec Speaks;28541;152000;0.19;1719;2026-07-17T21:32:08.000Z;39;1;oui
https://www.youtube.com/watch?v=lje3wfhLkDc;150 Years of Love vs an Algorithm | When AI Questions Human Choice;Tomorrow, Today Show;1020812;1280000;0.8;428;2026-02-10T03:50:00.000Z;197;1;oui
https://www.youtube.com/watch?v=pZflxZd81J4;When an Extrovert Marries and Introvert…This Happens;Samo and Tiss;9;11;0.82;1739;2026-07-23T03:36:27.000Z;34;1;oui
https://www.youtube.com/watch?v=uabhNv08Xss;APPLIS DE RENCONTRE : LE MARCHÉ DE LA SOLITUDE;Yajinalyse;34037;100000;0.34;1516;2026-05-21T15:01:19.000Z;97;1;oui
https://www.youtube.com/watch?v=frja_GF9vyo&list=RDfrja_GF9vyo&start_radio=1;La plage - Thierrytis (Chanson originale française / Nostalgie & Amour);ThierryTis;216;269;0.8;215;2026-05-03T12:21:05.000Z;115;1;oui
https://www.youtube.com/watch?v=BT3aJQrLqOI;When you outgrow relationships after loss (and what to do about it);Life With Grief Podcast;1738;1200;1.45;2062;2026-02-09T16:00:00.000Z;198;1;oui
https://www.youtube.com/watch?v=giLRoq_WE9A;Choisis le visage le moins fiable - Psychologie de Jung;Miroir de l’Âme;5696;9590;0.59;2031;2026-04-17T15:00:00.000Z;131;1;oui
https://www.youtube.com/watch?v=l34G5nysBz4;Dating Is Basically A Subscription Service Now;TOLUSION;48;137;0.35;252;2026-08-15T10:30:09.000Z;11;1;oui
https://www.youtube.com/watch?v=vI5K6fjKg0U;Pourquoi les apps de rencontre détruisent les vraies connexions (5 raisons);Quentin - Sortir de la Solitude ;73;82;0.89;655;2026-05-14;104;1;oui
https://www.youtube.com/watch?v=BtCKZaOISN0;Why Millenials and Gen Z Are Giving Up On Dating Apps;Amir Odom;106723;823000;0.13;2622;2026-08-05T20:00:06.000Z;21;1;oui
https://www.youtube.com/watch?v=0wOUE_EezV0;She's 32, Single, and Tired of Dating ‘Emotionally Unavailable’ Men;G-MAN SPEAKS TV;9564;22300;0.43;2317;2026-05-10T05:00:09.000Z;108;1;oui
https://www.youtube.com/watch?v=yoaJQhayN8o;Become someone people actually like talking to (even as an introvert);Medium Well;30;18;1.67;839;2026-04-06T19:00:53.000Z;142;1;oui
https://www.youtube.com/watch?v=xUJ_YS2DT2Y;POURQUOI JE RETOMBE TOUJOURS SUR LE MÊME TYPE DE PERSONNE ??? 😩😪;Agnes. T;53;43;1.23;352;2026-04-19T10:56:14.000Z;129;1;oui
https://www.youtube.com/watch?v=cPQnanOY3-c;Opposites Attract Is a Lie: What 8 Million Couples Actually Show About Love;Chris and Fran Camille;49;70;0.7;1040;2026-06-10T19:00:18.000Z;77;1;oui
https://www.youtube.com/watch?v=Sgi1bYFzAB0;Why Dating Feels So Hard Now | TANGENT with Tanner Devore EP32;tannertan36;147882;136000;1.09;2152;2026-01-20T13:15:06.000Z;218;1;oui
https://www.youtube.com/watch?v=qYhspqqaJio;Is the MBTI unscientific and meaningless - a Summary;Team Focus Limited;117;148;0.79;778;2026-05-11T11:04:17.000Z;107;0;oui
https://www.youtube.com/watch?v=2-MBHwfssow;4 Tips to Get a Date (Yes, This Is the Video You've Been Waiting For);Kimberly Hill - Men's Dating & Relationship Coach;16229;81500;0.2;1015;2026-07-09T16:15:17.000Z;48;0;oui
https://www.youtube.com/watch?v=0QwNsxk4GLE;2026 strict dating rules for guys.;Jack Hopkins;32933;219000;0.15;1004;2026-07-28T16:00:14.000Z;29;0;oui
https://www.youtube.com/watch?v=Q68hpVdiixs;How To Know If You Are Compatible With Someone | Sabrina Zohar;Sabrina Zohar;27446;117000;0.23;2073;2026-06-19T15:00:29.000Z;68;0;oui
https://www.youtube.com/watch?v=WbZOBO5WlXQ;Dating in 2026 is a Waste of Time For Most Men;The Top Tier Man;21786;173000;0.13;1277;2026-08-16T19:56:26.000Z;10;0;oui
https://www.youtube.com/watch?v=pJMIebvOZHk;Léna Situations et Seb séparés : ce qui s’est vraiment passé après 6 ans d’amour;Âmes de Légendes;127;462;0.27;532;2026-08-11T10:04:55.000Z;15;0;oui
https://www.youtube.com/watch?v=n4qhc97n2yc;Who is your Love and Deepspace partner?👫🫶;Daily-Quizy ;1119;775;1.44;201;2026-02-09T12:18:19.000Z;198;0;oui
https://www.youtube.com/watch?v=nyKxGbQoSfg;Are You "Chronically Single" In 2026...;The Social View;5091;3140;1.62;1797;2026-01-12T01:27:22.000Z;226;0;oui
https://www.youtube.com/watch?v=gk8XDa82C9U;Loneliness in Your 20s and 30s | Psychology of Feeling Alone Even Around People;Innerhush;13;15;0.87;801;2026-06-25T09:38:32.000Z;62;0;oui
https://www.youtube.com/watch?v=nosl3aCljYM;Comment une femme passe VRAIMENT de l’attirance à l’amour (la psychologie expliquée);Le Jeu Secret de l'Amour;1109;6880;0.16;864;2026-08-24T20:00:38.000Z;1;0;oui
https://www.youtube.com/watch?v=P5k5l6wIFUM;This Is Why GOOD MEN Stay Single Now…;Inspiher;29375;6730;4.36;1188;2025-09-26T15:00:06.000Z;334;0;oui
https://www.youtube.com/watch?v=ENNdVL6gOTQ;Why Chasing Women Kills Attraction (And What Actually Works);Flourish with Laurin ;759458;543000;1.4;464;2025-12-12T15:09:45.000Z;257;0;oui
https://www.youtube.com/watch?v=v9sOmHfbKjk;Pourquoi les gens « Faciles à vivre » font les pires partenaires;Antoine Peytavin Coaching;44350;305000;0.15;3005;2026-07-25T10:39:01.000Z;32;0;oui
https://www.youtube.com/watch?v=J2cWXEB3x6w;CoeurAstral® - Rencontres Astrologiques et Numérologie;CoeurAstral;50;23;2.17;55;2026-02-22T15:25:17.000Z;185;0;oui
https://www.youtube.com/watch?v=ufAHYGBpNUk;Faut-il vraiment utiliser Tinder ?;Attraction Réelle;8;2;4;181;2026-02-23T17:01:20.000Z;184;0;oui
https://www.youtube.com/watch?v=C5J_ha920_U;Science du dating et de l'amour avec Éliane Dussault et Vanessa Duchel;Science Radio Balado;711;798;0.89;7706;2026-03-27T11:00:30.000Z;152;0;non
https://www.youtube.com/watch?v=ZZSj74XkY7Y;Defense Cross-Examines Kouri Richins' Ex-Boyfriend Robert Josh Grossman;Meghann Cuniff;75895;115000;0.66;2740;2026-03-05T03:45:57.000Z;174;0;oui
https://www.youtube.com/watch?v=NsjIZYF1X44;Why You Always Attract the Wrong People (And How to Break the Pattern);Her Mind Explained;10;3;3.33;188;2026-03-01T21:00:30.000Z;177;0;oui
https://www.youtube.com/watch?v=--SyV2xA_Ks;Episode 13 | Why Nobody Wants to Commit Anymore | Situationships, Ghosting & Emotional Avoidance;EmoteCast;150;211;0.71;2697;2026-05-09T16:50:00.000Z;109;0;oui
https://www.youtube.com/watch?v=Czj9FOjrDDs;How To Make Friends in College (Guaranteed!);Ethan Pastor;6174;3300;1.87;543;2025-12-20T21:41:37.000Z;248;0;oui
https://www.youtube.com/watch?v=wvuKZPT6y6E;Why Relationships Fade Over Time | The Psychology of Losing Feelings | Dr Saswata Banerjee Explained;Monastery of Minds;115;112;1.03;853;2026-04-08T14:12:54.000Z;140;0;oui
https://www.youtube.com/watch?v=eipZ4hVV1R4;Do Dating Apps Have a 6'0" Problem? It's... Complicated...;Not David;198796;151000;1.32;1711;2025-12-21T18:00:05.000Z;248;0;oui
https://www.youtube.com/watch?v=-bdNmDD3vI8;Tinder est mort. Voici comment je rencontre des femmes en 2026;Comprendre l'Attirance;67;64;1.05;322;2026-04-16T15:00:00.000Z;132;0;oui
https://www.youtube.com/watch?v=d5dtKtv_HK4;Attraction Isn’t Compatibility And That’s Why Relationships Feel Confusing;Relationships with Yurko;27;10;2.7;394;2026-02-11T13:15:06.000Z;196;0;oui
https://www.youtube.com/watch?v=1iFalFuCyw8;The Science of Lasting Love & Relationships | Love Sense by Dr. Sue Johnson - Book Summary;Read Visio;41;64;0.64;605;2026-06-10T06:16:35.000Z;77;0;oui
https://www.youtube.com/watch?v=E4qDDybKpqk;Sexual Compatibility by Nakshatra: Unlock Your DNA Astrology @maharishiiastrological22;The Spotlight Podcast;50909;62900;0.81;3646;2026-02-12T12:44:00.000Z;195;0;oui
https://www.youtube.com/watch?v=KiE3zcyxxYs;My Experience Trying to Date as an Introvert;Jett Franzen;131071;288000;0.46;768;2026-03-28T16:00:23.000Z;151;0;oui
https://www.youtube.com/watch?v=2iOHcWjJIxo;7 signs that you’re in an incompatible relationship;The Mind Chamber ;37;20;1.85;403;2026-03-07T21:21:47.000Z;171;0;oui
https://www.youtube.com/watch?v=kxutgpcZyxI;Pourquoi les Éveillés ne Tombent Plus Amoureux – Carl Jung;Voyage Singulier;90214;36700;2.46;1661;2025-10-29T15:01:37.000Z;301;0;oui
https://www.youtube.com/watch?v=HfwQvfchMXU;The ‘MeToo’ Backlash | The Global Dating Crisis: episode 2;The Guardian;635386;2620000;0.24;1059;2026-05-11T10:20:19.000Z;107;0;oui
https://www.youtube.com/watch?v=HX3a2MEwNr8;Top 1% Secrets To Make ANYONE Respect You Instantly;Natalie Dawson;3034482;1090000;2.78;786;2025-09-23T12:00:36.000Z;337;0;oui
https://www.youtube.com/watch?v=eFp_5ToNuFA;When a Scorpio Man is Truly in Love (The Signs You Can’t Fake) #zodiacsigns #scorpio;Scorpio Realm;14968;6310;2.37;221;2025-11-15T15:01:20.000Z;284;0;oui
https://www.youtube.com/watch?v=3Nh8O4D_UbA;Dating Apps & Social Media RUINED Dating;A Wandering Fool;4683;10700;0.44;614;2026-04-28T11:00:05.000Z;120;0;oui
https://www.youtube.com/watch?v=P6k_Tyt9BU8;How Dating Apps Are Designed to Keep You Single;Brett Cooper;149340;1700000;0.09;1104;2026-08-19T15:00:06.000Z;7;0;oui
https://www.youtube.com/watch?v=0prIC1GNfKE;Why Are So Many Women "CHRONICALLY SINGLE" In 2026...;The Social View;2987;3140;0.95;1227;2026-02-21T22:27:01.000Z;185;0;oui
https://www.youtube.com/watch?v=OtMG_ND9-iA;How Dating Apps Keep You Single;Finality;849;1050;0.81;470;2026-03-23T22:00:26.000Z;155;0;oui
https://www.youtube.com/watch?v=001Die7PUzY&t=395s;Why Opposites Don't Actually Attract In Relationships;The Human Mind Daily;3;2;1.5;463;2026-07-08T17:36:27.000Z;49;0;oui
https://www.youtube.com/watch?v=YVWPskyBhFI&t=984s;Modern Dating Is Only for the Cynical Now — No Wonder Everyones Single;Marina;3151;1030;3.06;1961;2025-11-07T09:00:57.000Z;292;0;oui
https://www.youtube.com/watch?v=g43OxKo1hyw&list=RDg43OxKo1hyw&start_radio=1;YOUZA – Je ne crois plus en l’amour 💔 | Chanson française émotion;YOUZAPROD ;52129;149000;0.35;203;2026-04-23T17:30:06.000Z;125;0;oui
https://www.youtube.com/watch?v=HzEZ4RlImQo;✨️PODCAST 8✨️LA BLESSURE D'ABANDON: Sur le chemin de l'amour de Soi;Les Podcasts d' au Fil de Soi;17;40;0.42;6121;2026-08-04T09:11:05.000Z;22;0;oui
https://www.youtube.com/watch?v=-eEtBdG10K8;I'm 25 and I've never been in a relationship.;kyi;5130;3560;1.44;242;2026-01-07T04:46:54.000Z;231;0;oui
https://www.youtube.com/watch?v=drdD15yQLeQ;Why You Keep Attracting the Wrong People;silent insight ;3;1;3;491;2026-05-05T14:03:13.000Z;113;0;oui
https://www.youtube.com/watch?v=0uksfAgAmj4;Les origines du vide affectif : comprendre pour mieux se libérer...;Véronique Kohn;8749;82200;0.11;5245;2026-08-23T16:00:11.000Z;3;0;oui
https://www.youtube.com/watch?v=EBtxXR1sfh8;Comment un évitant met fin à la relation ?;Sophie Paterson coaching;4737;810;5.85;188;2025-09-03T06:00:18.000Z;357;0;oui
https://www.youtube.com/watch?v=fyLW1-nEvEA;J'ai trouvé le SCP-67 dans la VRAIE VIE !!;Yoananas;1048908;404000;2.6;1576;2025-10-01T18:11:17.000Z;329;0;oui
https://www.youtube.com/watch?v=on2onZEfwcE;Best Dating Apps of 2026 — Ranked From Worst to Best;emlovz • Dating & Relationship Coach for Men;43945;52600;0.84;314;2026-02-03T23:56:59.000Z;203;0;oui
https://www.youtube.com/watch?v=t8d5u9uPQn8;Men Left Dating Apps… Now Bumble Is Panicking;The Poor Mans Podcast Reacts;212421;943000;0.23;1687;2026-05-20T01:12:56.000Z;98;0;oui
https://www.youtube.com/watch?v=ajzx2SNxsWA&t=525s;Si on s'aimait encore. S3 épisode 6. L’évitement aujourd’hui devient ta souffrance demain.;Karo Roy Coach;855;1430;0.6;2820;2026-04-15T23:00:00.000Z;132;0;oui
https://www.youtube.com/watch?v=CnrMKBQjuBc&list=RDCnrMKBQjuBc&start_radio=1;Gave Up on Love - seQuence clark (Lyrics) | TME lyrics;Oldies Lyrics;5226;893;5.85;124;2025-08-31T13:52:00.000Z;360;0;oui
https://www.youtube.com/watch?v=hwgKggKjSNA;“NAKUPENDA…” Maria Kyatha’s bold declaration of love to Dennis | How The Kyathas’ Love Story Began♥️;ParentsAfrica;3407;28600;0.12;3547;2026-08-21T13:45:37.000Z;5;0;oui
https://www.youtube.com/watch?v=jNHIqpgcn_Y;Big Five Personality Traits Explained: OCEAN Model for Beginners | Psychology Facts;Theoretical Mind;294;37;7.95;369;2025-09-09T17:58:39.000Z;351;0;oui
https://www.youtube.com/watch?v=iixLBquqPhw&t=175s;Pose-lui ces 6 questions et elle tombera amoureuse de toi sans réfléchir. | Psychologie Féminine.;CELINE Psychologie;349;1870;0.19;1122;2026-08-10T16:12:23.000Z;16;0;oui
https://www.youtube.com/watch?v=MvW8Vg32UJU;Why Staying Single is the BEST Thing You Can Do | STOICISM;Stoic Saga ;632203;175000;3.61;2633;2025-09-03T19:00:20.000Z;357;0;oui
https://www.youtube.com/watch?v=asf1paUvayQ;Tu les fais fuir sans le savoir;humourmaker;210;666;0.32;177;2026-07-01T16:30:09.000Z;56;0;oui
https://www.youtube.com/watch?v=4wWAlJDl2F0;Give Me 25 Minutes And I’ll Heal Your Anxious Attachment For Good;Margarita Nazarenko;253867;651000;0.39;1539;2026-03-28T14:00:00.000Z;151;0;oui
https://www.youtube.com/watch?v=bgJf7uUSnUs;making peace with having no friends in my 30s;Bee | Cozy Creative;2721;872;3.12;782;2025-11-01T01:25:45.000Z;298;0;oui
https://www.youtube.com/watch?v=DnCU8i9adBU&list=RDDnCU8i9adBU&start_radio=1;LOVANE - ON S’AIMAIT… MAIS ÇA N’A PAS SUFFI 💔 | KOMPA ZOUK LOVE 2026;Kartel Du Song;235;489;0.48;279;2026-05-21T16:10:09.000Z;97;0;oui
https://www.youtube.com/watch?v=36m8jSHfuD4;PDG ne rentre pas pour énerver sa femme arrangée—elle s’en fout & lui jette babouche! Il s’accroche!;Miaou-Drama;726325;712000;1.02;7580;2025-12-23T11:03:00.000Z;246;0;oui
https://www.youtube.com/watch?v=zSIBIrtgur8;✅ Payer ses abonnements 90 % moins cher (Netflix, ChatGPT, Spotify, Capcut, Canal+, VPN)💲;TestNologie;25043;30800;0.81;482;2026-02-07T15:30:39.000Z;200;0;oui
https://www.youtube.com/watch?v=aRXyCgHC6So;Women CAN'T PROCESS Why Men Would Rather Stay Single Than Settle In Modern Dating!;JostenJ;17768;96400;0.18;1059;2026-06-23T21:15:06.000Z;63;0;oui
https://www.youtube.com/watch?v=yW96dyG6oAI;Women Finally CLOCK Why Men Prefer To Be Single In 2025;Manhood;437264;177000;2.47;801;2025-10-07T21:05:00.000Z;322;0;oui
https://www.youtube.com/watch?v=QlYNGsAc_UE;Compatibility Crisis: Is Love Enough After a Gender Transition? 💔;Cutlers Court;65112;233000;0.28;1134;2026-05-06T01:00:24.000Z;112;0;oui
https://www.youtube.com/watch?v=lOQ3vYkAjZc;Being Lonely in your 30's;Low Budget Stories;531834;1250000;0.43;589;2026-03-13T15:00:06.000Z;166;0;oui
https://www.youtube.com/watch?v=4tPl0BCAkK4;5 Brutal Reasons Your Last Relationship Failed 💔 (And How To Stop It Happening Again);LOVE DOCTOR: Your Relationship Guide 💕;13;1;13;211;2025-10-03T15:30:06.000Z;327;0;oui
https://www.youtube.com/watch?v=uzyQmPMdB7I;The Invisible Reason You Keep Attracting the Wrong Person | feat. Stefanie Truino;Dating Intelligence the Podcast;9116;37000;0.25;2937;2026-06-03T00:16:59.000Z;84;0;non
https://www.youtube.com/watch?v=tYKVnKUdVA0;Mon avis Bumble en 2026 (vous êtes pas prêts);Séducteur Moderne;1806;1270;1.42;796;2026-01-12T18:51:15.000Z;226;0;oui
https://www.youtube.com/watch?v=5n0g4FGm2pU;Why Smart and Successful Men Stay Single?;Matryoshka Tips;92731;35500;2.61;514;2025-10-11T16:56:58.000Z;319;0;oui
https://www.youtube.com/watch?v=na6bUEtMVFM;The INFJ Is Not Normal — And Science Can’t Explain Why;Brainy Touch ;58879;24200;2.43;1294;2025-10-21T13:01:37.000Z;309;0;oui
https://www.youtube.com/watch?v=N37OllTuYCI;Why Highly Sensitive People Attract Toxic or Emotionally Demanding Partners | Dr. Gabor Maté;Healing Words of Gabor Maté;9547;5590;1.71;1243;2025-12-08T13:50:40.000Z;261;0;oui
https://www.youtube.com/watch?v=X1tTRKiYm50;Astrologie et amour : les signes les plus compatibles pour 2026;Omyra;9679;11800;0.82;1417;2026-02-11T17:00:54.000Z;196;0;oui
https://www.youtube.com/watch?v=958vwqBV6oY&list=RD958vwqBV6oY&start_radio=1;Je N’y Crois Plus, Mon Amour… | Une femme brisée mais toujours debout | Chanson française;Souffle d’Antan;536;862;0.62;274;2026-04-11T10:00:20.000Z;137;0;oui
https://www.youtube.com/watch?v=pzpXlAlE26k;Which "Island Survivor" Are You? | The Big Five Personality Traits;CheeseeTree Psychology Channel;22;9;2.44;91;2026-02-11;196;0;oui
https://www.youtube.com/watch?v=koTeSGQ7zBo;10 Rare Gifts INFJs Don’t Even Realize They Have;Interesting Psychology;184554;62400;2.96;1287;2025-09-23T15:55:15.000Z;337;0;oui
https://www.youtube.com/watch?v=UH27ZgPxWmY;POUR VOIR le vrai CARACTÈRE de quelqu’un, il suffit de poser ces 2 QUESTIONS PIÈGES | CARL JUNG;L’Esprit de Jung;374184;98400;3.8;1848;2025-08-26;365;0;oui
https://www.youtube.com/watch?v=QfmZEeuwY5Q;Why You Push People Away (Even When You Want Them Close);Mind Tricks Explained;15;19;0.79;146;2026-06-03T11:00:12.000Z;84;0;oui
https://www.youtube.com/watch?v=a24fzO1wfOs;The Masculine Void — What Happens When Men Give Up on Love;Psycore;49236;20800;2.37;1017;2025-10-21T16:30:00.000Z;309;0;oui
https://www.youtube.com/watch?v=KYUErZCLOv8;Pourquoi les hommes ne te draguent plus ?;Léo décrypte les hommes;21961;74100;0.3;1035;2026-05-03T08:30:10.000Z;115;0;oui
https://www.youtube.com/watch?v=C1PXl6ckJCM;Is Hinge X Worth it? (My Test Results);Jerrad Ross;16662;8580;1.94;382;2025-11-16T17:34:12.000Z;283;0;oui
https://www.youtube.com/watch?v=Gng9mUIYXBs;COMMENT FAIRE DURER SON COUPLE ? feat Fabian et Léonard;Shera ;206717;2040000;0.1;3330;2026-07-19T15:32:25.000Z;38;0;oui
https://www.youtube.com/watch?v=DpJS1S2-YNU&list=RDDpJS1S2-YNU&start_radio=1;ON S’AIMAIT… MAIS C’ÉTAIT IMPOSSIBLE 💔 | Chanson Française d’Amour;Uncommon Heartbeats;435;2760;0.16;343;2026-08-11T16:00:02.000Z;15;0;oui
https://www.youtube.com/watch?v=dEjUaTsoFzg;ASMR 3 Personality Tests That Will BLOW YOUR MIND!;floontz ASMR;17365;61300;0.28;4703;2026-05-07T22:00:55.000Z;110;0;oui
https://www.youtube.com/watch?v=58usd5BRZik;Le Système Malsain Des Applis de Rencontre;Laganne  ;81724;212000;0.39;1145;2026-03-27T17:55:33.000Z;152;0;oui
https://www.youtube.com/watch?v=TFQYWBenQwA&list=RDTFQYWBenQwA&start_radio=1;Gilbert Montagné - On va s'aimer (Paroles/Lyrics);7clouds France;221989;76700;2.89;243;2025-09-18T11:19:11.000Z;342;0;non
https://www.youtube.com/watch?v=yPB3WBQP3L0&list=RDyPB3WBQP3L0&start_radio=1;SYNTONE 78 - " JE TOMBE ENCORE ";SYNTONE 78;383;783;0.49;228;2026-05-01T10:56:56.000Z;117;0;oui
https://www.youtube.com/watch?v=Wi4IQt5QD34;#11 Pourquoi tant de couples échouent ? avec Soazig Castelnérac;Beside me 🎙️;4376;3530;1.24;2910;2026-01-06T15:08:12.000Z;232;0;oui
https://www.youtube.com/watch?v=YbhLezm9sbo;If You’ve Never Been in a Relationship — Watch This (When You Feel Left Out);The Unknown;63386;36800;1.72;281;2025-11-13T03:30:24.000Z;286;0;oui
https://www.youtube.com/watch?v=Zosy3TjASx4;no social life? try this... they will be begging to be friends with you;guoba;619116;189000;3.28;72;2025-08-28T10:09:31.000Z;363;0;non
https://www.youtube.com/watch?v=n_wuTf3AgwM;Pourquoi Tinder vous fait croire que vous ne plaisez à personne;Le Don;59;197;0.3;480;2026-07-15T15:15:28.000Z;42;0;oui
https://www.youtube.com/watch?v=jkCJQgfapWw;Comment les évitants tombent réellement amoureux (les 4 phases);Antoine Peytavin Coaching;137475;305000;0.45;1483;2026-03-04T17:30:07.000Z;175;0;oui
https://www.youtube.com/watch?v=B6YaF-X2ccg;Highly Sensitive Persons (HSPs) and Intimacy;HSP Guide;34;18;1.89;237;2026-02-12T16:16:29.000Z;195;0;oui
https://www.youtube.com/watch?v=fIk89P7EWzE;🔆“Honte à eux...”: obsèques de Marie-Paule Belle, serge lama et plusieurs personnalités absents...;La Communauté française;1146;8200;0.14;143;2026-08-03T15:10:04.000Z;23;0;oui
https://www.youtube.com/watch?v=LJWm-IoTPOY;Why I Think Relationships/Marriage Never Last Long?;amiiBRO;15;43;0.35;734;2026-08-06T21:42:29.000Z;19;0;oui
https://www.youtube.com/watch?v=N8JBP-quUUw&list=RDN8JBP-quUUw&start_radio=1;JuL - Nostalgique // Clip Officiel // 2025;DORETDEPLATINE;8914950;7730000;1.15;207;2025-11-12T15:00:02.000Z;287;0;oui
https://www.youtube.com/watch?v=NwODqgu7idc;Cliffe Knechtle DEMOLISHES college kid in HEATED debate about S*X!;Cross Wire;735;208;3.53;605;2025-10-21T19:00:31.000Z;309;0;oui
https://www.youtube.com/watch?v=pfEHQH1RSr0&t=641s;Has the manosphere ruined dating? | The Global Dating Crisis: episode 1;The Guardian;602765;2620000;0.23;1048;2026-04-21T11:34:25.000Z;127;0;oui
https://www.youtube.com/watch?v=czzaHewtJgQ;He Says He Can Predict Divorce — Can He? | Dr. John Gottman;Ayeka with Rav Yoseph Vigler;184;141;1.3;388;2026-02-08T13:01:07.000Z;199;0;oui
https://www.youtube.com/watch?v=RqRsFo_wwLE;POURQUOI TU ATTIRES TOUJOURS LE MÊME TYPE DE RELATION ? #relationamoureuse #celibataire #couple;Yes, I Do ! Podcast;107;210;0.51;2208;2026-05-13T06:00:19.000Z;105;0;oui
https://www.youtube.com/watch?v=lPRtzL4k_2Y;Libra Woman and Scorpio Man: Harmony Meets Obsession 🎧;Scorpio Realm;2480;6310;0.39;1337;2026-04-19T19:30:13.000Z;129;0;oui
https://www.youtube.com/watch?v=YucIJAV-arU;The Big Five Personality Traits Explained in Simple Terms;Mind Power Sketches;634;194;3.27;659;2025-10-27T12:47:12.000Z;303;0;oui
https://www.youtube.com/watch?v=0hx_ADh3qzg;Dating apps broke everything..;Asmongold TV  ;1271183;4670000;0.27;1269;2026-03-29T01:15:00.000Z;150;0;oui
https://www.youtube.com/watch?v=Tm5groBh4XQ;L'HYPERSENSIBILITÉ, UNE FORCE CACHÉE / Rudy STRALKA.;Paroles de Psy;576;1040;0.55;457;2026-04-05T12:25:49.000Z;143;0;oui
https://www.youtube.com/watch?v=DeMm74Grn2c;The 4 Signs Your Relationship Will Fail (91% Accuracy) | The Gottman Institute;The Psychology of People;92;93;0.99;162;2026-03-14T22:00:11.000Z;164;0;oui
https://www.youtube.com/watch?v=64Ply2Fwsu8;MAGA Men Learn the Truth: Women are TERRIFIED of Them;TYT Sports;340053;1490000;0.23;645;2026-04-22T20:30:01.000Z;126;0;oui
https://www.youtube.com/watch?v=UVkmS2WTfFo;Why Modern Dating Is Broken: AI Partners, Marriage & Love | Sandeep Das | FO525 Raj Shamani;Raj Shamani;1950167;18700000;0.1;9108;2026-06-20T15:39:23.000Z;67;0;oui
https://www.youtube.com/watch?v=nPIm_zK7Tng;Ice Cold Killer | SCIFI, HORROR | Full Movie in English;Boxoffice | B Movies | Full Movies;12248;160000;0.08;5019;2026-08-25T12:00:38.000Z;1;0;oui
https://www.youtube.com/watch?v=Lk3rpMw08HY;Western Women Abroad GIVE UP On Dating - Asian Women Are Just Too Hot & Kind;Better Bachelor;204056;479000;0.43;1981;2026-02-28T02:06:39.000Z;179;0;oui
https://www.youtube.com/watch?v=eFQuWCpwq3c;Pose Ces 5 Fondations Dès le Début de Ta Relation avant qu'il ne soit trop tard;MATURITÉ DU COUPLE - Coach Jocelyne ;589;4770;0.12;1023;2026-08-16T19:32:44.000Z;10;0;oui
https://www.youtube.com/watch?v=Mg5xzUTnf74;3 Best Dating Apps for a Serious Relationship (2026);Healthy Framework;3307;13800;0.24;446;2026-05-27T16:28:21.000Z;91;0;oui
https://www.youtube.com/watch?v=nztj-5IG1UQ;Pierre Niney dans Les Rencontres du Papotin - Interview complète;france tv;388714;687000;0.57;1865;2026-01-28T17:01:20.000Z;210;0;oui
https://www.youtube.com/watch?v=w7crWK69JqU;Why Super Empaths Always Attract Avoidants | The Hidden Psychology of Emotional Connection;Philosophy Wisdom;146973;44200;3.33;571;2025-08-29T12:30:14.000Z;362;0;oui
https://www.youtube.com/watch?v=mdc7fcA4xxo;【EP5】《Bar Talk》│Introvert vs Extrovert│Joseph Lam│Sebastian Leung;神經俠侶 - SG Couple;12914;49000;0.26;2866;2026-05-04T10:00:30.000Z;114;0;oui
https://www.youtube.com/watch?v=6C_v05RdLEM;What’s Your Soulmate’s Initial? 💖 | Love Personality Quiz;Playtoresult;3040;6170;0.49;448;2026-03-23T13:30:11.000Z;156;0;oui
https://www.youtube.com/watch?v=L_VwGxoMX84;Princesses, mais à quel prix ?;BLING !;34559;502000;0.07;4304;2026-08-21T17:00:15.000Z;5;0;oui
https://www.youtube.com/watch?v=NsWPF08kzwc;INTJ vs INFJ: Why This Pairing Hurts So Much;Morale UP;6545;5390;1.21;1612;2025-12-21T13:06:24.000Z;248;0;oui
https://www.youtube.com/watch?v=OMJm0IOOjP8;How to Start Dating When You Never Have ! with Allora Dannon;Ask A Matchmaker w/ Matchmaker Maria;43429;20600;2.11;2284;2025-10-14T12:30:34.000Z;316;0;oui
https://www.youtube.com/watch?v=Atogs2OHKN4;I'm 24 and I've Given Up On Love;Jaylin Jenkins;22410;50400;0.44;1017;2026-03-08T21:47:38.000Z;170;0;oui
https://www.youtube.com/watch?v=3PgsJT8Y8xg;I Tested Every Major Dating App for 6 Years;Dark Purple Pill;5141;3650;1.41;737;2025-12-09T01:56:50.000Z;260;0;oui
https://www.youtube.com/watch?v=9q0bwCPwPTI;Why Society Shames Men Who Choose to Stay Single – Nietzsche; Shadow Doorways;9708;10200;0.95;2340;2026-01-05T23:30:08.000Z;232;0;oui
https://www.youtube.com/watch?v=-boR2FWKp2k&t=1089s;Finding MEANING & PURPOSE for Highly Conscientious People @SunsetMentalHealth Video Essay #15 (v7);Sunset Mental Health;12;44;0.27;2188;2026-08-21T07:10:57.000Z;5;0;oui
https://www.youtube.com/watch?v=JbI2W_AG_zc;Parfois, l’amour ne suffit pas pour rester ensemble;Instinct Social;12;46;0.26;164;2026-08-24T17:00:05.000Z;2;0;oui
https://www.youtube.com/watch?v=L-aaGOHXM3A;" Guérir des blessures d'attachement" de Gwenaëlle Persiaux, je conseille +++;O' coeur de toi;37;10;3.7;483;2025-11-25T13:37:36.000Z;274;0;oui
https://www.youtube.com/watch?v=TJMTQwREAiI;HOOKUP CULTURE IS WORSE THAN YOU THINK;The Long Walk Home;80;54;1.48;1156;2026-01-28T20:25:44.000Z;210;0;oui
https://www.youtube.com/watch?v=js4psulocIo;Nouvel algorithme, double mariage… Mariés au premier regard assume enfin le drama ? (Saison 10);Désillusion d'amour;1801;2640;0.68;787;2026-02-18T16:01:07.000Z;189;0;oui
https://www.youtube.com/watch?v=IwHnAld7rAc&t=755s;Women ADMIT The Men They Want Don't Want Them In Modern Dating!;JostenJ;18304;96400;0.19;1220;2026-05-19T19:33:50.000Z;99;0;oui
https://www.youtube.com/watch?v=m3p--5ZFsvc;how I deleted the apps for good: 10 dating app tips that ended my 9-Year single streak;Linds Rosso;5251;24500;0.21;1107;2026-05-21T04:10:59.000Z;97;0;oui
https://www.youtube.com/watch?v=yMXLC1H1xKE;I Tried Every Dating App (Here's What Actually Works);Michael Asibuo;34968;13500;2.59;557;2025-09-20T17:43:58.000Z;340;0;oui
https://www.youtube.com/watch?v=hDNMLEo-e6U;Why Attraction Slowly Fades in Relationships;Heal Emotions Coaching;19;14;1.36;204;2026-03-11T03:42:00.000Z;168;0;oui
https://www.youtube.com/watch?v=V3VxRLMLkoc;30 min. NO REPEAT Full Body and Abs Opposites Attract Strength Training;Kaleigh Cohen Strength;34312;537000;0.06;1964;2026-08-18T09:00:21.000Z;8;0;oui
https://www.youtube.com/watch?v=06y-r5EmWXA;How I spent valentine's day as a chronically single 25 year old | trauma dumping & book shopping 📚💭;Sera Danielle;7412;14000;0.53;1427;2026-02-22T15:00:00.000Z;185;0;oui
https://www.youtube.com/watch?v=Obf_-5XvjHY&t=116s;How Many Personality Traits Actually Exist? (Massive Study);Spencer Greenberg;11463;27300;0.42;682;2026-03-10T23:18:46.000Z;168;0;oui
https://www.youtube.com/watch?v=RC6MaYB-nWU;I am done with Dating and Arranged Marriage (A difficult life update);Simmy Goraya;229621;727000;0.32;545;2026-03-11T12:30:39.000Z;168;0;oui
https://www.youtube.com/watch?v=PeT4CjVOza4;Enseignement "Pourquoi les schémas répétitifs de génération en génération ?";Christine André;66051;110000;0.6;1433;2026-01-21T20:00:00.000Z;216;0;oui
https://www.youtube.com/watch?v=EJFQWlYPCfM;Carl Jung Psychologie | 15 signes évidents qu’un homme est amoureux de toi mais ne le dit pas;Philosophie Carl Jung;8563;8840;0.97;3796;2025-12-28T02:00:27.000Z;241;0;oui
https://www.youtube.com/watch?v=2unELGOein8;Why Sharing Your Feelings Can Kill Your Relationship;HealthyGamerGG;1153408;3440000;0.34;1426;2026-02-22T16:00:08.000Z;185;0;oui
https://www.youtube.com/watch?v=P8LixPe74as;Why Hookup Culture Is Killing Real Love | EP 13;Pastor Dan Burgoyne;8474;11300;0.75;1865;2026-01-20T08:00:34.000Z;218;0;oui
https://www.youtube.com/watch?v=yJlHoOIYFDo&list=RDyJlHoOIYFDo&start_radio=1;R KELLY INSPIRED | WE LOVED EACH OTHER WRONG 💔 | Emotional R&B Song About Love, Conflict & Goodbye;R _Kelly_Sound_Scape;86;599;0.14;472;2026-08-20T10:15:23.000Z;6;0;oui
https://www.youtube.com/watch?v=XJ72JPCCan4;The Reality of Hookup Culture In 2025....;The Social View;3743;3140;1.19;2493;2025-12-17T18:54:47.000Z;252;0;non
https://www.youtube.com/watch?v=tDM5aO699E4;Quelqu’un est-il vraiment fait pour vous ? | Carl Jung;The Psychology of Mindset;2088;19100;0.11;1073;2026-07-26T16:00:05.000Z;31;0;oui
https://www.youtube.com/watch?v=PM7YQKr8M2E;26 Online Dating Rules for 2026 (Why Apps Don’t Work for Most Men);Dating Transformation;2368;2140;1.11;1115;2025-12-28T18:00:22.000Z;241;0;oui
https://www.youtube.com/watch?v=fVihZ2dljsE;I dont want your heart I just want your BODY;Princess Powerranger;1883;1960;0.96;850;2026-01-12T18:24:26.000Z;226;0;oui
https://www.youtube.com/watch?v=U86V57lVZys;Why Dating Feels Impossible Now;David So;80098;1330000;0.06;625;2026-08-12T00:35:55.000Z;14;0;oui
https://www.youtube.com/watch?v=82_zdnWOOLE;Why Opposites Attract (And Make Each Other Better);Dr. Christiane Schroeter;156;539;0.29;518;2026-06-04T01:00:24.000Z;83;0;oui
https://www.youtube.com/watch?v=ZLRtM_RudQU;Est ce que tu restes avec moi si...;Evimeria;279;1220;0.23;2049;2026-06-15T06:00:36.000Z;72;0;oui
https://www.youtube.com/watch?v=13uMDDHxTYU;You're not boring, you just lack communication skills;Allison Baek;690296;469000;1.47;613;2025-10-11T12:30:02.000Z;319;0;oui
https://www.youtube.com/watch?v=3yYBGz48L30;🌸🦉HYPNOSE | SE LIBÉRER DES SCHÉMAS RÉPÉTITIFS DU PASSÉ 🦉���;B. Harmonie 🌸;1010;258;3.91;2074;2025-09-12T17:19:06.000Z;348;0;oui
https://www.youtube.com/watch?v=jhSAYNJMIB0;Ils pensaient avoir trouvé le grand amour, mais tout n'était que mensonge - Ça commence aujorud'hui;Ça commence aujourd'hui - France Télévisions;203046;1860000;0.11;3480;2026-06-10T05:00:09.000Z;77;0;oui
https://www.youtube.com/watch?v=uYQQ_cYD8-0;Why Indian Men Get LESS MATCHES On Dating Apps!? @mohak_mangal;Zero1 Hindi by Zerodha;52179;80700;0.65;656;2026-01-10T12:31:27.000Z;228;0;oui
https://www.youtube.com/watch?v=zSaPJuQLNjQ;COMMENT FORCER UN COUPLE DANS TOMODACHI LIFE ? 😳💕;Charline cherry's;64285;304000;0.21;1087;2026-04-19T14:31:01.000Z;129;0;oui
https://www.youtube.com/watch?v=mDHuLM3zsGQ;L’Aura de l’Empathe : Pourquoi les Animaux et les Bébés Te Fixent - Explication par Carl Jung;Temple De La Psyché ;9848;15700;0.63;693;2026-01-28T01:11:33.000Z;210;0;oui
https://www.youtube.com/watch?v=z6PeSVpsnKE;The Impossible Standards of Modern Dating.;Behaviorized;3243;822;3.95;924;2025-08-26T10:50:46.000Z;365;0;oui
https://www.youtube.com/watch?v=TEVAbbnTnqc;Il fait tout bien. Les filles ne le revoient jamais. (Coaching terrain);Naabz;3628;11900;0.3;2178;2026-04-10T18:00:25.000Z;138;0;oui
https://www.youtube.com/watch?v=2710xmgWBcg;Which Dating App is the Best in 2026? | Full Breakdown + Tips;WingMan Plus;28494;48800;0.58;516;2026-01-20T17:00:00.000Z;218;0;oui
https://www.youtube.com/watch?v=x8uR60ORr-0;"Même avoir une discussion normale sur un site de rencontre c’est compliqué";Antoine Peytavin Coaching;32113;305000;0.11;928;2026-06-22T16:30:22.000Z;65;0;oui
https://www.youtube.com/watch?v=RSXGDNnYPPM;Tu lui plais… mais tu foires tout à cause de ça (analyse caméra cachée);Naabz;1894;11900;0.16;1895;2026-06-12T18:00:37.000Z;75;0;oui
https://www.youtube.com/watch?v=WtsbAG5ahCI;Quand l'attirance physique n'est pas là;ELLE THRIVE PODCAST;803;1100;0.73;4280;2026-02-05T16:25:19.000Z;202;0;oui
https://www.youtube.com/watch?v=RtqSQSIS_mI;The Psychology of People Who Ghost Others;Dr. Psychee;1631;2970;0.55;226;2026-02-21T16:00:38.000Z;186;0;oui
https://www.youtube.com/watch?v=yPoUA10-A7g;J’ai décidé de rencontrer l’amour dans la vraie vie (sans applis);Dear Valentine;10914;4960;2.2;1632;2025-09-28T17:01:15.000Z;332;0;oui
https://www.youtube.com/watch?v=eLrtcyHgjCo;Women Are Tired Of Dating Saying It's No Longer Fun @cartbeforethehorseproductions;Single By Choices💔;3330;37800;0.09;559;2026-07-27T19:45:26.000Z;30;0;oui
https://www.youtube.com/watch?v=fNDklPH6IP8;We found the most accurate personality test in the world.;Spencer Greenberg;50698;27300;1.86;563;2025-09-29T20:00:24.000Z;331;0;oui
https://www.youtube.com/watch?v=Rdvrd40N7Pc;🔮 👀 Attention cet homme est en couple va venir pour vous #voyance  #tiragesentimental #tiragedecarte;Tarot Amour Argent;909;9910;0.09;215;2026-08-07T15:57:37.000Z;19;0;oui
https://www.youtube.com/watch?v=ah03-_XXYmI;Le dernier message de Jung : l'empathe est l'enfant qu'on n'a jamais autorisé à être égoïste;Voyage Singulier;81260;36700;2.21;1449;2025-09-09T15:00:06.000Z;351;0;oui
https://www.youtube.com/watch?v=0vVLhF6bVvg;Will These Couples Survive the Break Up Game? | Cut;Cut;2486881;12400000;0.2;1496;2026-03-20T15:00:06.000Z;159;0;oui
https://www.youtube.com/watch?v=aDjOWGah250;The Secret to Solving Relationship Conflicts: Shared Values;Accordia Way;24;113;0.21;336;2026-07-31T16:55:57.000Z;26;0;oui
https://www.youtube.com/watch?v=YDXu2TBD-6k;How I Finally Healed My Anxious Attachment;Jimmy on Relationships;302231;1480000;0.2;2256;2026-04-01T12:00:38.000Z;147;0;oui
https://www.youtube.com/watch?v=pz704zn7i-s;Why Are So Many Good Marriages Quietly Falling Apart;Ken & Tabatha Claytor;9436;161000;0.06;2033;2026-08-20T19:00:06.000Z;6;0;oui
https://www.youtube.com/watch?v=Ddc4xOZ14Ic;Episode 3: Opposites Attract;Brains vs Beliefs Podcast;4;1;4;1209;2026-01-22T15:21:22.000Z;216;0;oui
https://www.youtube.com/watch?v=EZximgpQEmE;I Met 7 People Who Shouldn't Exist!;Matthew Beem;13742317;8160000;1.68;1087;2025-08-30T18:38:04.000Z;361;0;oui
https://www.youtube.com/watch?v=_ZI6V_tLI4M;Quand vous CESSEZ tous les deux de vous CONTACTER… le POUVOIR change de camp | Stoïcisme;Motivation Stoïcienne;73998;51300;1.44;2164;2025-10-17T19:15:02.000Z;313;0;oui
https://www.youtube.com/watch?v=yBAbGdQTAoY;La face cachée de l'amour;Ça part en Sciences;62;60;1.03;803;2026-02-14T13:39:15.000Z;193;0;oui
https://www.youtube.com/watch?v=2McvUSuiCvs;Best Sx Synastry 🔥 Relationship Astrology;Britney Taylor;10747;17800;0.6;376;2026-01-20T00:49:01.000Z;218;0;oui
https://www.youtube.com/watch?v=6pyea1Rsz3s;L’ennui dans le couple : pourquoi ce n’est PAS la fin de l’amour !;Un Temps Pour Notre Couple de Sophie CALDIER;195;783;0.25;309;2026-05-29T14:00:07.000Z;89;0;oui
https://www.youtube.com/watch?v=ALXeX0Py3n0;EN 3 MINUTES : Comment savoir si cette personne est faite pour vous. Amour fatal - Christophe André.;Sérénité & Soi;2153;6490;0.33;1383;2026-03-30T14:00:13.000Z;149;0;oui
https://www.youtube.com/watch?v=5Kn6YxWN7Jo;I'm 28 and have never been in a relationship;Deborah B;93786;263000;0.36;2766;2026-02-15T16:00:15.000Z;192;0;oui
https://www.youtube.com/watch?v=R8pTagXspng;Dating Apps Ruined Love? The Truth Revealed;Dating Disasters;37;148;0.25;1131;2026-07-01T14:38:38.000Z;56;0;oui
https://www.youtube.com/watch?v=svnPFTmYpM8;Personality Theory - The Biggest False Claim Everyone Makes | MBTI |Carl Jung;Conscious Patterns;153;1170;0.13;159;2026-07-29;28;0;oui
https://www.youtube.com/watch?v=qse_6TmKM_E;Pourquoi les relations amoureuses ne durent pas ? DJOSSOU Follivi Evonam Leon |Oxygène Entre copines;Radio RMO;13;56;0.23;2697;2026-08-06T16:40:05.000Z;20;0;oui
https://www.youtube.com/watch?v=DY5_dV19DIw;We GOT STRANDED our FiRST NiGHT as NEWLY WEDS...😭😳;Not Enough Nelsons;1018170;5570000;0.18;2047;2026-03-29T13:45:06.000Z;150;0;oui
https://www.youtube.com/watch?v=ewTkWhL7FNs;Sale Affaire : Le mystère de la dame en noir;Toutoui Podcasts;247;2840;0.09;2882;2026-08-26T05:00:28.000Z;0;0;oui
https://www.youtube.com/watch?v=H7AeR9-wHzQ;Dating Doesn't Work For Women Who Aren't Desperate | Unpartnered Wealth;The Financial Diet;77981;1340000;0.06;4299;2026-07-28T16:00:41.000Z;29;0;oui
https://www.youtube.com/watch?v=mQVkYdG6wKc&t=125s;Stephan Speaks: Why You Keep Choosing the Wrong Person, and How to Stop;Richard Taite;10119;195000;0.05;4599;2026-08-25T19:00:06.000Z;1;0;oui
https://www.youtube.com/watch?v=dsJfXXTFQdo;Pourquoi tu aimes toujours de la même façon ?;L'Esprit Silencieux;17;97;0.18;313;2026-08-22T00:50:23.000Z;4;0;oui
https://www.youtube.com/watch?v=ZRLHMyGmoks;Le meilleur moyen de Rencontrer une Femme en 2026;La Séduction Pour Les Zéros;8964;13300;0.67;928;2026-01-06T16:00:57.000Z;232;0;oui
https://www.youtube.com/watch?v=nKHWETZNXjY;Ta prochaine rencontre en détail (caractère, physique...) 🔮 Guidance sentimentale 💕 tirage à choix 🌷;Alba Bravo France;7276;4540;1.6;2448;2025-10-22T16:01:28.000Z;308;0;oui
https://www.youtube.com/watch?v=r9LOxj_GCPc;Anxieux-Évitant : comment sortir de cette danse infernale;Renaud Fulconis;14037;6510;2.16;878;2025-09-19T09:01:28.000Z;341;0;oui
https://www.youtube.com/watch?v=mNH6K8CQOqw;Riche héritière renaît avant la rupture… Cette fois, elle dilapide sa fortune sans jamais supplier !;Plaisir Coupable;228060;155000;1.47;7366;2025-09-30T15:45:04.000Z;330;0;oui
https://www.youtube.com/watch?v=MPOmdowGapE;CTO Fired Me for Being 'Too Slow' – I Owned the Master License ♟️ | #CorporateChess;Revenge of the Coffee Pot;40612;49100;0.83;1871;2025-12-04T21:00:33.000Z;264;0;oui
https://www.youtube.com/watch?v=MuXuq2c499Q;❤️ Différence Entre l'Attirance et l'Amour#Amour #Attirance#VraiAmour #LoveStory  #ConseilsAmoureux;Denise Stories;185;939;0.2;258;2026-06-14T16:43:18.000Z;73;0;oui
https://www.youtube.com/watch?v=CrqMndSA5ms;Dating But You Actually Have a Personality;Gamelinks;275;641;0.43;751;2026-03-29T18:27:13.000Z;150;0;oui
https://www.youtube.com/watch?v=7D-86H66s0w;How to Meet Guys Without Dating Apps in 2026;Naomi's Diaries;4540;15100;0.3;658;2026-03-25T15:00:21.000Z;154;0;oui
https://www.youtube.com/watch?v=CoVONlCp0BA;Compatibility Test -10 Questions Every Christian Couple Should Ask;Kingdom-Jesus;3219;8410;0.38;366;2026-03-06T20:27:22.000Z;172;0;oui
https://www.youtube.com/watch?v=-pzLNg7576A;LOVE AND FRIENDSHIP: A Trusted Friend Hides A Dark Secret |Mercy Johnson Okojie 2025 Nollywood Movie;Mercyjohnsonokojie TV;946700;758000;1.25;5567;2025-10-02T16:00:00.000Z;328;0;oui
https://www.youtube.com/watch?v=eSjm9MpEULI;Let's Discuss Social Media & Romantic Relationships...;Not Even Emily;437238;1490000;0.29;2578;2026-02-14T20:30:07.000Z;193;0;oui
https://www.youtube.com/watch?v=UwXKdtkRgug;Apprendre le français de la vraie vie : Le problème des applications de rencontre.;Français Sauvage;5;11;0.45;488;2026-07-12T16:00:19.000Z;45;0;oui
https://www.youtube.com/watch?v=O-huvqf-_WY;Why Dating Apps Don't Work for Most MEN;Men of action MOA;123;805;0.15;489;2026-07-12T00:06:58.000Z;45;0;oui
https://www.youtube.com/watch?v=WfKHMnXgqIY;Is Bumble Premium Worth it? (My Test Results);Jerrad Ross;2823;8580;0.33;242;2026-03-19T17:13:47.000Z;160;0;oui
https://www.youtube.com/watch?v=b_0NL96S4ig;Women Are SHOCKED Men Won’t Chase Them Anymore In Modern Dating!;JostenJ;25273;96400;0.26;1083;2026-03-17T19:07:59.000Z;162;0;oui
https://www.youtube.com/watch?v=cLYvlyLQf0k;3 Questions Que Posent Les Hommes Amoureux;Léo décrypte les hommes;139480;74100;1.88;835;2025-09-07T08:30:17.000Z;353;0;oui
https://www.youtube.com/watch?v=gaKQa9TuSmQ&t=2386s;The Most Eye-Opening Conversation on Marriage & Love You Will Ever Hear (From #1 Divorce Lawyer);Mel Robbins;1308749;6080000;0.22;5533;2026-03-05T10:00:58.000Z;174;0;oui
https://www.youtube.com/watch?v=QNEULEtPFrk;Why Dating Apps Don’t Always Fix Loneliness | What We’re Really Searching For;Middle Men;322;4210;0.08;1067;2026-08-26T00:09:44.000Z;0;0;oui
https://www.youtube.com/watch?v=lU9Dky3ef6U;Il ne vous ignore pas… Voilà ce qui arrive à un homme quand il tombe vraiment amoureux – Christophe.;Sérénité & Soi;1809;6490;0.28;1478;2026-04-07T14:01:31.000Z;141;0;oui
https://www.youtube.com/watch?v=NLHnAb1Jabg;Marriage Reality Check: Are You Actually Compatible?;Your Brutal Bestie;92401;90900;1.02;507;2025-11-03T16:00:40.000Z;296;0;oui
https://www.youtube.com/watch?v=Ud1WEx6ULRU;Attachement anxieux : Apaiser la peur d’abandon et sortir de la spirale de l’accroche;Séverine Murner;1812;7440;0.24;1159;2026-04-19T07:00:06.000Z;129;0;oui
https://www.youtube.com/watch?v=fgpNQkfesqU&list=RDfgpNQkfesqU&start_radio=1;On s’est perdus chez nous – Chanson triste rupture | NoctyrixaMusic 💔;NoctyrixaMusic;34;65;0.52;190;2026-04-18;130;0;oui
https://www.youtube.com/watch?v=ocY6xzt2kMk;Deleting Dating Apps Was The Best Decision I Made;Woo;55;197;0.28;406;2026-06-02T01:00:35.000Z;85;0;oui
https://www.youtube.com/watch?v=jhc5Xdsbn1o;7. Predicting Divorce: Gottman's Magic Ratio;AI Investigates: Love and Romance;8;8;1;415;2026-04-06T17:30:11.000Z;142;0;oui
https://www.youtube.com/watch?v=mTfG9rLN5Cw;What Makes Love Last? The Science of Lasting Relationships;THE HARMONY OF ANNA ;28;209;0.13;1381;2026-08-22T17:29:19.000Z;4;0;oui
https://www.youtube.com/watch?v=3KavoA6IpqU;Being Highly Sensitive in Relationships Is Harder Than People Think | Dr Gabor Mate;Healing Words of Gabor Maté;3491;5590;0.62;1368;2026-01-15T12:00:05.000Z;223;0;oui
https://www.youtube.com/watch?v=TwQ3Dfp_1wY;Wait… Did the Dating Apps Actually Work??;I HATE DATING APPS;43;194;0.22;3838;2026-06-27T14:32:07.000Z;60;0;oui
https://www.youtube.com/watch?v=vyk8ySqECWQ;S1 Ep. 7 - Swipe Fatigue | The Joys & Chaos of Online Dating;Friends with Benefits Podcast;110;42;2.62;2667;2025-10-27T10:00:06.000Z;303;0;oui
https://www.youtube.com/watch?v=fK7686dfBQA;The 5 Subtle Ways Avoidants Show Disrespect in Relationships;Philosophy Wisdom;70628;44200;1.6;491;2025-09-23T12:39:58.000Z;337;0;oui
https://www.youtube.com/watch?v=_wCza2R94TI;We Loved Each Other... We Just Met At The Wrong Time;HanSoul Stories;15;95;0.16;3824;2026-08-24T16:15:06.000Z;2;0;oui
https://www.youtube.com/watch?v=ICKWPOMtuus;What does the research say? with Gery Karanzas;Every Part of Us;54;174;0.31;2524;2026-05-20T23:03:22.000Z;97;0;oui
https://www.youtube.com/watch?v=YUat3olTkDU;The Fear of Ending Up Alone.;Voided Thoughts;4576;82100;0.06;562;2026-08-15T11:46:28.000Z;11;0;oui
https://www.youtube.com/watch?v=cUaYScvZNw4;Why You Keep Getting Ghosted (It's Not What You Think): A Jungian Psychology Take;Jaclyn Proper;7000;23500;0.3;1972;2026-03-12T13:09:46.000Z;167;0;oui
https://www.youtube.com/watch?v=_53I7ede-vw;What Career Best Suits You? | MBTI Test;Sneha Prathap ;1716;23200;0.07;238;2026-07-30T12:34:38.000Z;27;0;oui
https://www.youtube.com/watch?v=4Ng2Mrp7pW0;RELATIONSHIP EXPERT: Anxious People Are Addicted to Unavailable Partners (& How to Fix it!);Jay Shetty Podcast;1387410;5950000;0.23;6211;2026-02-18T14:00:07.000Z;189;0;oui
https://www.youtube.com/watch?v=T-1jJYdHWRM;Shared Values: Where There Are No Values, There Is No Peace.;Steps to a Better You;47;32;1.47;75;2025-12-31T19:30:22.000Z;238;0;oui
https://www.youtube.com/watch?v=nSfqe_5qBuE;5 Personality Types in Women You Must Avoid — Carl Jung;Alone Psyche;426;674;0.63;677;2026-02-04;203;0;oui
https://www.youtube.com/watch?v=swmb8-74Lf4;THE BIGGEST DATING MISTAKES | Torah Dating Secrets 💍 📖  by Rabbi Natan Golfiz;Indisputable Truth Yeshiva  x  Rabbi Aaron Golfiz;783;2170;0.36;2819;2026-03-18T05:48:19.000Z;161;0;oui
https://www.youtube.com/watch?v=I9hefea5W4U;11.7 Trait Theorists — From 4,500 Words to the OCEAN Model | Psychology 2e;Lesson Reach;7;17;0.41;363;2026-06-24T21:39:33.000Z;62;0;oui
https://www.youtube.com/watch?v=EtEfHrLH9jc;The Big Five Personality Traits Explained in Depth | Psychology to Sleep To;The Psyche's Rest Channel;22;6;3.67;5042;2025-10-29T08:59:31.000Z;301;0;oui
https://www.youtube.com/watch?v=9vama71YQsY;Is It Avoidant Attachment or Neurodivergent Shutdown? (What Partners Need to Know);Tehrina and Joel Terry, LPC;6734;13000;0.52;2361;2026-01-19T01:00:06.000Z;219;0;oui
https://www.youtube.com/watch?v=Q6Ce6UTFCiA;Why Some People Are Afraid of Marriage (The Hidden Psychology);Psychology Vault;27;41;0.66;497;2026-03-26T21:17:46.000Z;152;0;oui
https://www.youtube.com/watch?v=SxIH5miZNEM;Are Black Women Too Race Loyal? | White Men Respond via “The Dating Divide”;Medium Man;9934;60100;0.17;969;2026-04-27T17:15:03.000Z;121;0;oui
https://www.youtube.com/watch?v=HrHndn7u9MM;Pourquoi tu ne filtres pas (et ça détruit tes relations);Murielle - COACH FÉMINITÉ FEMMES NOIRES;747;3370;0.22;695;2026-04-30T16:00:35.000Z;118;0;oui
https://www.youtube.com/watch?v=0KfbpYeGI6I;So You’re Dating an INFJ Sigma? Buckle Up.;MBTI studio ;1070;661;1.62;453;2025-10-27T15:08:06.000Z;303;0;oui
https://www.youtube.com/watch?v=JutxHiClgBs;Les applications de rencontres;Fleur - Les choses de la vie;34;89;0.38;396;2026-05-06T16:17:35.000Z;112;0;oui
https://www.youtube.com/watch?v=_hf94lMy6sY;If You Keep Attracting The Wrong People - WATCH THIS;David Ghiyam;40642;163000;0.25;1951;2026-03-06T13:30:45.000Z;173;0;oui
https://www.youtube.com/watch?v=2vekUdA23nk;Why You Push People Away Even When You Want Them Close;Darren Soares;101;732;0.14;479;2026-07-12T16:45:34.000Z;45;0;oui
https://www.youtube.com/watch?v=vxyNz3KzmAo;The 4 Dating Personality Types That Predict Compatibility;Ask A Matchmaker w/ Matchmaker Maria;1603;20600;0.08;1223;2026-07-21T12:30:30.000Z;36;0;oui
https://www.youtube.com/watch?v=4AQSTjAvwVU;I Used Boo Instead of Tinder… and Accidentally Fell in Love;Anxiously Adulting With Joe;2766;1810;1.53;1202;2025-10-19T19:00:05.000Z;311;0;oui
https://www.youtube.com/watch?v=d4Gpv9KMyMo;Les Signes Qu’un Mec Timide Est Amoureux De Toi ( Même s'il le cache);Le Cœur Fou;4222;12400;0.34;304;2026-02-26T17:09:41.000Z;181;0;oui
https://www.youtube.com/watch?v=ryjmF5vrGEw;Pourquoi les couples mixtes ne durent pas ?;Rachou & Luca;2542;4800;0.53;768;2026-01-23T16:36:43.000Z;215;0;oui
https://www.youtube.com/watch?v=JiDYHUaQNqs;i had hinge for 7 days...;Lucy Vo;82363;56700;1.45;1222;2025-09-21T17:02:03.000Z;339;0;oui
https://www.youtube.com/watch?v=Tbk2Ogl6p2o;Why Things Keep Fizzling After Date 3 (And How To Fix It);Dating Intentionally;6736;9390;0.72;2119;2025-12-16T11:00:52.000Z;253;0;oui
https://www.youtube.com/watch?v=mtoOwCu9DXs;La lune de miel s’essouffle ? Ce n’est pas la fin de l’amour ❤️ — Comprendre cette étape du couple;Coup de Coeur;47;17;2.76;97;2025-10-29T18:20:52.000Z;301;0;oui
https://www.youtube.com/watch?v=uaBxaGAcesA&list=RDuaBxaGAcesA&start_radio=1;Et si l’amour arrivait… quand tu n’y crois plus ? 💔;Julien MOREL ;1332;3200;0.42;163;2026-02-20T17:01:35.000Z;187;0;oui
https://www.youtube.com/watch?v=1DuHWI1wI_U;Dating Advice That Actually Works | Nicole Byer;Laugh Society - Ladies First;12888;168000;0.08;498;2026-06-28T18:44:40.000Z;59;0;oui
https://www.youtube.com/watch?v=MU4B09-jCg8;How Society Taught Women to Hate Men (The Cultural Engineering of Division);Decoded Desire;1705;1020;1.67;1430;2025-10-15T15:50:21.000Z;315;0;oui
https://www.youtube.com/watch?v=ikbcrpowlIs;How to Talk to ANYONE (Once You Know Their Color!);Vinh Giang;5631692;4900000;1.15;1029;2025-09-12T14:01:26.000Z;348;0;oui
https://www.youtube.com/watch?v=3-735gQB5To;Why is Dating in 2026 so Difficult?;Jett Franzen;52326;288000;0.18;929;2026-03-29T17:00:02.000Z;150;0;oui
https://www.youtube.com/watch?v=pBdMH54Qw40;We Need to Talk: Dating in 2026;Life & DIY;7254;76400;0.09;516;2026-06-13T22:18:51.000Z;73;0;oui
https://www.youtube.com/watch?v=GoacF3NJE0g&list=RDGoacF3NJE0g&start_radio=1;Emma'a - J'y croyais (Audio officiel);EMMA'A;98315;519000;0.19;150;2026-03-19T17:45:02.000Z;160;0;non
https://www.youtube.com/watch?v=m6xciby5Wgg;Capsule Rencontre orientante - La personnalité, avec Yann Le Corff;Sens et bien-être orientants - Louis Cournoyer;206;195;1.06;2635;2025-12-23T22:59:26.000Z;245;0;oui
https://www.youtube.com/watch?v=LvwfZLkbwaI;Why Relationships Fade Slowly, Not Suddenly;Clear Choice;3;1;3;92;2026-02-09T23:00:25.000Z;197;0;oui
https://www.youtube.com/watch?v=bWH4gW1HgWc;Disagreeable women: the duty to follow;Orion Taraban;132011;1020000;0.13;806;2026-04-20T15:01:02.000Z;128;0;oui
https://www.youtube.com/watch?v=DXQVEXp-wbk;J'ai TESTÉ une APPLI DE RENCONTRE CHRÉTIENNE ! (Et j'aurais jamais cru...);Le catho de service;45378;98600;0.46;1195;2026-01-04T11:00:33.000Z;234;0;oui
https://www.youtube.com/watch?v=5NuFkUUQj5U;How the Hinge Algorithm Truly Works (And How to Beat It);Jerrad Ross;5243;8580;0.61;374;2025-12-29T23:20:41.000Z;239;0;oui
https://www.youtube.com/watch?v=CaOBwc-EVFU;Dolly Parton dies at 80;CNN;553118;19800000;0.03;573;2026-08-25T18:40:57.000Z;1;0;oui
https://www.youtube.com/watch?v=tOb6h6viWTU;Green Flag Love: Why Healing Makes You Stop Chasing Emotionally Unavailable Partners | Dr Gabor Mate;Healing Words of Gabor Maté;2572;5590;0.46;1185;2026-01-31T15:16:29.000Z;207;0;oui
https://www.youtube.com/watch?v=-6tScNhSGkE;Overweight Women COMPLAINING That Dating Apps Don't Work;More To Life ;19237;68900;0.28;1546;2026-02-23T21:30:00.000Z;183;0;oui
https://www.youtube.com/watch?v=YMU2nmfoDm8;POISSONS : Le Grand Amour Est Pour Toi (Tes 6 Prochains Mois);AstroMeva;230;2560;0.09;973;2026-07-29T15:00:24.000Z;28;0;oui
https://www.youtube.com/watch?v=Zx0HtYRQXCQ;Introvert vs Extrovert in Marriage | Turning Points S2E2;Turning Points Podcast;44;42;1.05;1702;2026-01-21T09:00:06.000Z;217;0;oui
https://www.youtube.com/watch?v=z5HAGVMzWvE&list=RDz5HAGVMzWvE&start_radio=1;Je Tombe Encore | Chanson Pop Punk Romantique Française 2026 🎸🔥;UniHouse Studios;105;587;0.18;173;2026-06-10T08:00:16.000Z;77;0;oui
https://www.youtube.com/watch?v=YdoinuPdsbI;Dating Apps Want Men Back...;The Poor Mans Podcast Reacts;269390;943000;0.29;1367;2026-01-30T00:24:09.000Z;208;0;oui
https://www.youtube.com/watch?v=GiDc-ACZOmU;You’re Not Hard to Love — You’re Just a Highly Sensitive Woman | Dr Gabor Mate Relationship Advice;Healing Words of Gabor Maté;3262;5590;0.58;954;2026-01-04T12:08:23.000Z;234;0;oui
https://www.youtube.com/watch?v=AQ-_SMvmLJE;Feminism, Hookup Culture & Male Mental Health Crisis | Hot Takes at the Table;Love Debate Clips;38;181;0.21;300;2026-06-17;70;0;oui
https://www.youtube.com/watch?v=L40CkqPGaTw;Why Men Get Zero Matches on Dating Apps 2026 Explained in 10 Charts Every Man Should See;Infographics with The Marcus Garrett;385;4020;0.1;604;2026-07-12T15:15:06.000Z;45;0;oui
https://www.youtube.com/watch?v=6hXII3GexFE;The Hidden Psychology of Ghosting | Why Being Ghosted Hurts So Much;The Coolmonk;1058;10600;0.1;595;2026-06-24T09:17:51.000Z;63;0;oui
https://www.youtube.com/watch?v=6oliPY_NtjY;The Big Five Chinese Dating Schools Explained;Jeff Gao;275852;207000;1.33;933;2025-09-08T13:49:37.000Z;352;0;oui
https://www.youtube.com/watch?v=IHgkFRBVFZc;Abandoned by My Scum Husband,Reborn, I Married The Cold Prince And Became His Only Love!;Mansen drama;4819;122000;0.04;8375;2026-08-25T13:30:15.000Z;1;0;oui
https://www.youtube.com/watch?v=XLRe4d7e8gc;Ranking Every Type's Compatibility With INFP;TrebleKnight;3543;16500;0.21;570;2026-03-28T14:14:16.000Z;151;0;oui
https://www.youtube.com/watch?v=5KRfM50AZVo;Contrarian vs Agreeable: The Relationship Trap;1000-Day Projects;113;45;2.51;394;2025-10-07T15:00:15.000Z;323;0;oui
https://www.youtube.com/watch?v=LA0-RRgJV9w;Dating Apps Ruined Modern Romance and Everyone Knows It;Dating Disasters;27;148;0.18;1317;2026-07-02T14:31:29.000Z;55;0;oui
https://www.youtube.com/watch?v=uWW719gnAQo;♏ SCORPION — Compatibilité Amoureuse & Astrologique;horoscope zodiacal;818;9490;0.09;901;2026-07-05T12:17:01.000Z;52;0;oui
https://www.youtube.com/watch?v=Tb_B6wUaakI;6 Signs You Are A Genuine Empath Not Just Sensitive;Deep Human Nature;363;3110;0.12;1690;2026-06-19T19:00:25.000Z;68;0;oui
https://www.youtube.com/watch?v=zyUlRYQtG1E;💕 Top 5 Dating Apps in London that actually work in 2026;All Rankings by Gabi;1576;3460;0.46;214;2026-01-27T12:01:51.000Z;211;0;oui
https://www.youtube.com/watch?v=PRfXSDAHaFc;Guérir (VRAIMENT) de l'attachement désorganisé c'est POSSIBLE;Lili-Rose - Ma Terre Happy ;2526;25200;0.1;1439;2026-06-06T07:30:33.000Z;81;0;oui
https://www.youtube.com/watch?v=gg7ndJ_HRws;INFJ and INTJ Couple Are They The Perfect Match ?;Morale UP;9806;5390;1.82;580;2025-09-04T13:01:31.000Z;356;0;oui
https://www.youtube.com/watch?v=OGAxWSvw6lg;Dating Apps: The Worst of The Worst.;Not Even Emily;487248;1490000;0.33;2174;2026-01-03T20:30:06.000Z;235;0;oui
https://www.youtube.com/watch?v=83YcQep-5nE;The Incelfication of Gen Z;Moon;625135;1750000;0.36;1171;2025-12-24T19:37:09.000Z;244;0;oui
https://www.youtube.com/watch?v=r6LVHELi_II;Pourquoi l’amour ne dure que trois ans ?;Véronique Kohn;8657;82200;0.11;5121;2026-05-17T16:01:19.000Z;101;0;oui
https://www.youtube.com/watch?v=iMln68D3_os;My son told me I was "too uneducated" to sit at his business dinner, so I canceled the $180K guar...;SR – Sweet Revenge;590;2210;0.27;1334;2026-03-27T01:00:39.000Z;152;0;oui
https://www.youtube.com/watch?v=ujkJ7n4RoT0&list=RDujkJ7n4RoT0&start_radio=1;Je n'y crois plus, mais je t'aime toujours;Guillaume des PF;2146;23000;0.09;210;2026-06-12T05:00:28.000Z;75;0;oui
https://www.youtube.com/watch?v=lmxaOOSmKIU;La vérité CACHÉE que Tinder ne veut pas que tu saches…;SossaKitty;126493;117000;1.08;1087;2025-09-26T16:16:52.000Z;334;0;oui
https://www.youtube.com/watch?v=C9tM3hxbfyk;ILS ONT FAIT FORTUNE AVEC DES APPLICATIONS MOBILES TRÈS SIMPLEMENT !;LEGEND;141683;3740000;0.04;4960;2026-07-24T09:00:06.000Z;33;0;oui
https://www.youtube.com/watch?v=VIQrgjVDkPY;The TRUTH About Ending Up ALONE in Old Age | Life Lessons by Gaur Gopal Das;SOUL SIGNAL USA;779;3720;0.21;1112;2026-04-13T14:00:43.000Z;135;0;oui
https://www.youtube.com/watch?v=BxtXqptO6G8;❤️Your Soul keeps repeating these relationship patterns - & your Venus is the reason! Find out why!;Kesenya Moore Astrology (Guiding Star Astrology);4091;43500;0.09;3360;2026-06-03T19:00:33.000Z;84;0;oui
https://www.youtube.com/watch?v=8dixo6Whn_4;Cinq tests émotionnels qu'un homme traverse avant de tomber amoureux | Carl Jung;BÉNÉDICTIONS DANS LA FOI;4933;8440;0.58;1644;2025-12-18T11:00:27.000Z;251;0;oui
https://www.youtube.com/watch?v=QcJxnrFIlw4;Why Being in Love Isn't Enough (What Actually Makes a Relationship Last);LoveSecurely;548;3780;0.14;271;2026-05-19T21:33:13.000Z;98;0;oui
https://www.youtube.com/watch?v=iGrn1vPGVuM;If They Say These 4 Things… RUN (Avoidant Red Flags You Should Never Ignore);Coach Ryan;7778;90600;0.09;822;2026-06-04T18:55:18.000Z;83;0;oui
https://www.youtube.com/watch?v=5i6Yhhvr3K8;Tired of Situationships? Make This One Dating Shift;Dr. Alduan Tartt;11287;31500;0.36;2393;2026-01-23T01:30:06.000Z;215;0;oui
https://www.youtube.com/watch?v=yWsf35yrsfA;LOVE EXPERT Reveals How to STOP Wasting Time With the Wrong People (Do This Before Your Next Date!);Jay Shetty Podcast;365216;5950000;0.06;4449;2026-06-01T13:00:27.000Z;86;0;oui
https://www.youtube.com/watch?v=VZSiYYrYN7k&list=RDVZSiYYrYN7k&start_radio=1;La Tiédeur des sentiments 💔 | Chanson sur un couple qui s’éteint | Maguie Mélodia;Maguie Mélodia;126;658;0.19;208;2026-05-17T16:31:01.000Z;101;0;oui
https://www.youtube.com/watch?v=vBPJH9Tu-p8;I'm Chronically Single.... Let's Talk About It.;Nelida Renee;54;84;0.64;926;2026-02-14T14:15:10.000Z;193;0;oui
https://www.youtube.com/watch?v=KTEsxnYQWxI;Cassandra Syndrome: When Autistic and Neurotypical Brains Collide in Marriage;Jheri South;6187;19100;0.32;689;2026-02-03T17:00:28.000Z;204;0;oui
https://www.youtube.com/watch?v=G8LlpIwgNJs;My Story: How I Healed My Anxious Attachment;Stephanie Rigg | On Attachment;11337;17500;0.65;2234;2025-11-26T10:18:04.000Z;273;0;oui
https://www.youtube.com/watch?v=oIgvwl9JXEs;WHY DO SOME COUPLES DRIFT APART?;Lucille Reddic;8;45;0.18;5312;2026-08-04T22:00:13.000Z;21;0;oui
https://www.youtube.com/watch?v=OZIn-E72Qlw;Why Compatible Couples Break Up (The Growth Secret);Grumpy & Annoyed;621;573;1.08;308;2025-11-13T12:00:49.000Z;286;0;oui
https://www.youtube.com/watch?v=KEUFSZk9hkY&list=RDKEUFSZk9hkY&start_radio=1;Slimane - Première fois (Audio Officiel);Slimane;594002;1450000;0.41;160;2025-12-04T23:09:31.000Z;264;0;non
https://www.youtube.com/watch?v=a1yUO6lwrxs;Kidnappée en rentrant du travail, son corps est retrouvé dans le jardin de son collègue;Canal Crime;28060;1000000;0.03;3097;2026-08-25T15:00:09.000Z;1;0;oui
https://www.youtube.com/watch?v=-xt-AEIn5e8;découvrez enfin comment l’application KeevLove fonctionne réellement.;Keev Love;17;149;0.11;222;2026-08-15T06:47:59.000Z;11;0;oui
https://www.youtube.com/watch?v=_QqmlG0vrc0;Am I Chronically Single? The Hanifa Drama. Why Are Black Women Still Going on These Dating Shows?;Sounds About Angela;2739;9000;0.3;1562;2026-02-15T16:34:42.000Z;192;0;oui
https://www.youtube.com/watch?v=Un907AuL0Ag;Why I Deleted Dating Apps… and Went Out Solo to Mingle;Sariah;292;791;0.37;1363;2026-02-28T05:06:10.000Z;179;0;oui
https://www.youtube.com/watch?v=v68TBZWbQQs;Big Five Inventory (BFI) Test;Testlify;318;253;1.26;170;2025-11-07T06:58:27.000Z;292;0;oui
https://www.youtube.com/watch?v=rpAwRYjWQmw;Why You Keep Falling for the Wrong People — God Wants You to Hear This;Stories From The Secret Place;23578;48100;0.49;1358;2025-12-11T18:38:53.000Z;258;0;oui
https://www.youtube.com/watch?v=foBbvVXMIi4;Combien coûte la rediffusion d'un film à la télévision ?;RTL  ;59424;1310000;0.05;275;2026-07-06T18:32:53.000Z;51;0;non
https://www.youtube.com/watch?v=BYEdnX0644s;Introverted Men: Stop Trying to Date Like an Extrovert;Hayley Quinn;4222;112000;0.04;205;2026-08-16T16:30:33.000Z;10;0;oui
https://www.youtube.com/watch?v=mTbaIb2153Q;Modern Relationships Are Breaking—Here’s Why;Psygorithm;50;187;0.27;1612;2026-04-29T18:45:05.000Z;119;0;oui
https://www.youtube.com/watch?v=aUL0m-yy0FQ;Les signes qu’un homme cache ses sentiments (mais qu’il t’aime vraiment !);Attirer Un Homme / Fabrice Julien;130706;187000;0.7;364;2025-10-25T08:13:26.000Z;305;0;oui
https://www.youtube.com/watch?v=UTR9TdyF0mg;James Sexton: Social Media Has Ruined Dating;James J Sexton;48775;136000;0.36;1836;2026-01-01T20:00:26.000Z;237;0;oui
https://www.youtube.com/watch?v=Z5BHoMk-BTM;The 30s Panic — Why Women Fear They’ll End Up Alone in 2026?;The Wall;34243;174000;0.2;829;2026-02-27T15:24:11.000Z;180;0;oui
https://www.youtube.com/watch?v=5degcLRR3c0;Guérison transgénérationnelle  Rompre les Schémas Répétitifs de Votre Famille | Hypnose;Cinquième Saison;74790;157000;0.48;7203;2025-12-02T22:43:40.000Z;266;0;oui
https://www.youtube.com/watch?v=vZ3OUJsB5Is;Pour arrêter les schémas répétitif en amour    #FemmeForte #RelationsAmoureuses #amour;Les chroniques d'Abla SMITH;1051;561;1.87;733;2025-09-12T13:41:46.000Z;348;0;oui
https://www.youtube.com/watch?v=zfxkGc867GQ;APPLICATIONS de rencontres à l'étranger : pourquoi le jeu est il faussé ?;Vision 2 Vie;1227;3690;0.33;1123;2026-02-13T17:01:43.000Z;194;0;oui
https://www.youtube.com/watch?v=AIXqevyoN80;Comprendre l’origine de la dépendance affective : l’attachement Anxieux;Véronique Kohn;23558;82200;0.29;5203;2026-01-25T16:00:11.000Z;213;0;oui
https://www.youtube.com/watch?v=u5ZTIielHvQ;❤️ Top 3 best Dating Apps for Serious Relationships in 2026;All Rankings by Gabi;2397;3470;0.69;277;2025-11-29T22:37:00.000Z;269;0;oui
https://www.youtube.com/watch?v=S035WQOplR8;Your Soulmate Is Slowly Letting Go of the Love You Share — The Truth Will Surprise You | Carl Jung;Jung Soul Psychology;70;1030;0.07;1551;2026-08-20T00:10:00.000Z;6;0;oui
https://www.youtube.com/watch?v=cziumNX-P3Q;The Five Factor Model of Personality (The Big Five);Foundations in Psychology;223;144;1.55;108;2025-10-21T03:04:12.000Z;309;0;oui
https://www.youtube.com/watch?v=UXbQi4pc0CM;Does Casual Sex Damage Your Ability to Bond Long Term?;Decode the other gender;27;42;0.64;328;2026-02-21T23:00:41.000Z;185;0;oui
https://www.youtube.com/watch?v=qyF8Np0XcSs;Over 35 & Single - Loneliness Is Making Me SICK;Escape the Dating Matrix;566;423;1.34;353;2025-10-19T18:00:48.000Z;311;0;oui
https://www.youtube.com/watch?v=GvCCKBmgeLY;Style d’Attachement Évitant dans l’Amour : Sécurité Émotionnelle;Psychologie tranquille;145;1490;0.1;1743;2026-07-03T17:00:38.000Z;54;0;oui
https://www.youtube.com/watch?v=8UcvUf914Oo;Compatibilité amoureuse des signes du zodiaque 💞 | 12 histoires d’amour style vieux Disney;Mystères Astraux;52;235;0.22;101;2026-05-11T15:44:38.000Z;107;0;oui
https://www.youtube.com/watch?v=9CCzKx5c-u4;Quand un empathe guéri rencontre à nouveau un narcissique, voici ce qui se passe - Carl Jung;Temple De La Psyché ;2962;15700;0.19;484;2026-03-23T18:10:31.000Z;156;0;oui
https://www.youtube.com/watch?v=eME91rnJF1A;Pourquoi je répète toujours les mêmes schémas ?;Marion Magdela, l’Echo du Cœur;153;1800;0.09;949;2026-07-14T07:00:02.000Z;43;0;oui
https://www.youtube.com/watch?v=6gn7gSa4dnU;You’re Losing the Most Important Part of Your Relationship — This Is How Relationships Slowly Fade;Motive Code;23;28;0.82;465;2026-02-02T20:50:01.000Z;204;0;oui
https://www.youtube.com/watch?v=0aAqAYTRums&t=1242s;TikTok Dating Advice is an Echo Chamber of Misery;Jordan Theresa;346227;565000;0.61;3263;2025-10-24T17:00:06.000Z;306;0;oui
https://www.youtube.com/watch?v=gULIjk6f-Xk&list=RDgULIjk6f-Xk&start_radio=1;Interdit d'aimer 💔| Amour impossible entre deux mondes;ParolesDuCoeur;1011;4900;0.21;250;2026-03-26T15:57:21.000Z;153;0;oui
https://www.youtube.com/watch?v=cuNPqmX15gs;The 4 predictors of divorce have nothing to do with money | John & Julie Gottman;Big Think Clips;7963;269000;0.03;1483;2026-08-25T13:00:00.000Z;1;0;oui
https://www.youtube.com/watch?v=XW2vA0DGXuc;People Are Finally Quitting Dating Apps;Patience Xina;31467;198000;0.16;983;2026-03-13T20:00:00.000Z;166;0;oui
https://www.youtube.com/watch?v=SP6Q3wAAh50;How To Make Friends As An Introvert;Socially Blake;13301;9050;1.47;1446;2025-09-02T17:30:13.000Z;358;0;oui
https://www.youtube.com/watch?v=XwR1xQsVk1M;This might be the end of dating apps..;Asmongold TV  ;2217306;4670000;0.47;2025;2025-11-03T06:00:29.000Z;296;0;oui
https://www.youtube.com/watch?v=DhhkRl89z_c;The Psychology of Why Agreeable People Are Stronger;Trait Talk;15;32;0.47;523;2026-04-05;143;0;oui
https://www.youtube.com/watch?v=LXNubLPn6ZE;L'attachement évitant - désorganisé #21 :  Contrôle de la relation par distance émotionnelle;Cécile Ricolleau - Incarner sa puissance;3992;2780;1.44;914;2025-09-14T11:23:15.000Z;346;0;oui
https://www.youtube.com/watch?v=xZ2AgrQHhsc;Célibataire et épuisé des apps? Voici une autre façon de rencontrer;Anastasia Luckenuick;17;60;0.28;417;2026-05-15T16:02:19.000Z;103;0;oui
https://www.youtube.com/watch?v=kRMcimuuk0Q;Love is a skill, not a feeling | Alain de Botton: Full Interview;Big Think;1191513;8910000;0.13;3492;2026-02-27T14:01:15.000Z;180;0;oui
https://www.youtube.com/watch?v=tM9mnu3E81Q;5 Relationship Failures Every Man Makes | STOICISM;Daily Stoicism Plus;28;124;0.23;2349;2026-05-20T12:30:16.000Z;98;0;oui
https://www.youtube.com/watch?v=rNJnHf9Q7Eg;Séquence ciné club spéciale CESAR 2026   L’attachement de Carine TARDIEU;Bérangère K;59;119;0.5;1254;2026-02-18T20:27:34.000Z;188;0;oui
https://www.youtube.com/watch?v=NsKVtWX3egY;Si Elle Partage Ça, Elle Est 100% Amoureuse de Toi ❤️ | Psychologie Féminine;Sueña en Grande;3;12;0.25;1781;2026-08-15T11:35:25.000Z;11;0;oui
https://www.youtube.com/watch?v=wd0I7a10aOs;J'ai trouvé un COLIS MYSTÈRE dans la VRAIE VIE !!;Yoananas;253364;404000;0.63;738;2025-10-18T14:01:36.000Z;312;0;oui
https://www.youtube.com/watch?v=G1kneYNxDfE;6 Conseils Aux Jeunes Célibataires | Relations, Destinée & Foi. #célibataire #couple #conseils #foi;GÉNÉRATION ASSOIFFÉE DE DIEU;98;689;0.14;700;2026-05-28T05:08:59.000Z;90;0;oui
https://www.youtube.com/watch?v=lc0LsduUn-U;Will Levi Be My Boyfriend? | Taking a LOVE TEST...;Princess Alex;136951;1970000;0.07;1461;2026-05-06T21:01:00.000Z;111;0;oui
https://www.youtube.com/watch?v=dL4TsTx-F48;L'attachement anxieux n'est pas une maladie, c'est une compétence;Antoine Peytavin Coaching;21214;305000;0.07;564;2026-05-22T09:47:10.000Z;96;0;oui
https://www.youtube.com/watch?v=xh9voLxM9uU;Enneagram Vs MBTI What's Actually Accurate;TrebleKnight;1092;16500;0.07;347;2026-06-27T17:32:34.000Z;60;0;oui
https://www.youtube.com/watch?v=G5KY-HHqZXI;L’AMOUR OUF : POURQUOI ÇA NE MARCHE PAS (du tout);Yajinalyse;24188;100000;0.24;1394;2026-01-28T11:00:25.000Z;210;0;oui
https://www.youtube.com/watch?v=YLRrBV1ucVY;RENCONTRES : pourquoi la vraie vie bat les applis;Puissance Féminine by Linda;62;1060;0.06;646;2026-08-23T13:18:29.000Z;3;0;oui
https://www.youtube.com/watch?v=ss3BAM_wb0g;This is why couples drift apart, the truth about Intimacy;FEMME TOTALE;239;1290;0.19;930;2026-04-16T07:52:30.000Z;132;0;oui
https://www.youtube.com/watch?v=Q2x0GeswGTA;Find The Person Without White Friends;Kevin Langue;4588745;5430000;0.85;2339;2025-08-30T16:01:28.000Z;361;0;oui
https://www.youtube.com/watch?v=4RBf0t9cnZg;Are You Hard to Love or Hard to Fool? | Personality Quiz Test |✨Fun Test | Aesthetics;Happy Tests;3692;15000;0.25;482;2026-02-13T14:15:00.000Z;194;0;non
https://www.youtube.com/watch?v=HRU0vTgZCv8;Why I Deleted Online Dating Apps (And What God Did Next);Forged Faith Ministry;395;1100;0.36;392;2026-02-08T01:00:06.000Z;199;0;oui
https://www.youtube.com/watch?v=tRnyDaNunuY;LA RENCONTRE DE L' ÂME ET  LA PERSONNALITE;À travers les livres;16;25;0.64;336;2026-02-23T16:08:52.000Z;184;0;oui
https://www.youtube.com/watch?v=f8gUdoa6DX4;How to Get Over a Breakup & Let Them Lose You;LenaLifts;99584;1500000;0.07;1955;2026-05-10T19:32:09.000Z;108;0;oui
https://www.youtube.com/watch?v=z_454spz4UQ;Never Meet Your Online Friend In Real Life.. (Storytime);Tyler Vitelli;2586220;8280000;0.31;1230;2025-11-29T15:00:11.000Z;270;0;oui
https://www.youtube.com/watch?v=WDbjxhcjwdA&t=585s;💔 APPLIS DE RENCONTRE : Pourquoi elles te vident émotionnellement (et comment s’en libérer)  Anna...;Une Histoire à Sens Unique;22;59;0.37;1041;2026-04-02T18:00:25.000Z;146;0;oui
https://www.youtube.com/watch?v=_u6xvsEWUzY;The Division of Men and Women ( Is This How It End's );JoGo Wonder;17015;45800;0.37;2094;2025-12-20T20:00:35.000Z;249;0;oui
https://www.youtube.com/watch?v=QHIbfYPhV4U;2. Swipe Fatigue: Why AI is Replacing the Swipe;AI Investigates: Love and Romance;6;8;0.75;389;2026-03-19T20:15:01.000Z;160;0;oui
https://www.youtube.com/watch?v=SRsCOFCeKoE;How to Navigate Conflict in Relationships: From Reactive to Regulated;Jasper Brown;430;1940;0.22;5036;2026-03-18T19:55:58.000Z;161;0;oui
https://www.youtube.com/watch?v=YMZ9f0bOW_8;The Hidden Problem With Dating Apps Nobody Talks About;Tanya | Love Lawyer;3041;16300;0.19;977;2026-03-08T11:53:03.000Z;171;0;oui
https://www.youtube.com/watch?v=qMtjqSTcFS4;Top 5 sites de rencontre après 40 ans en 2026;COACH LOVE 💕;665;1850;0.36;627;2026-01-26T21:14:44.000Z;211;0;oui
https://www.youtube.com/watch?v=BqUZXKOqV8g;Why Dating Feels Impossible Now – No Loyalty, No Commitment;Talk Ya Sh!t;41;93;0.44;494;2026-02-27T11:00:32.000Z;180;0;oui
https://www.youtube.com/watch?v=HyaMET6h7Mo;Women Are Tired Of Being SINGLE And Chasing Men........;Metric TV;4011;8970;0.45;746;2025-12-15T17:30:04.000Z;254;0;oui
https://www.youtube.com/watch?v=R-L5P6pegSs;COMPATIBILITY CHECKLIST: Are They Right For You?;Oddly Specific Crystal;89068;250000;0.36;1082;2025-12-06T15:21:28.000Z;263;0;oui
https://www.youtube.com/watch?v=dxU2Qt-rHbg;Przestań przyciągać niewłaściwe osoby. Jak to zrobić?;Trudna Sztuka;15052;53400;0.28;576;2026-01-11T17:44:23.000Z;227;0;oui
https://www.youtube.com/watch?v=HUhgYTVYArE;L’incompatibilité dans le couple;Dr. Fritz Jean;48;829;0.06;1521;2026-08-24T01:25:37.000Z;2;0;oui
https://www.youtube.com/watch?v=j4Sn4N7orTI;POURQUOI NOTRE COUPLE EST TOUJOURS AUSSI SOLIDE APRÈS 17 ANS !;ÇA VIBRE;81;177;0.46;1881;2026-02-07T15:15:28.000Z;200;0;oui
https://www.youtube.com/watch?v=I59x-eGK_oE;💕 TOP 5 Dating Apps that actually work in Switzerland (2024);All Rankings by Gabi;1120;3460;0.32;275;2026-01-27T15:56:41.000Z;211;0;oui
https://www.youtube.com/watch?v=EoOeRxPHPNA;💔 Blessure d’Abandon – Pourquoi avons-nous si peur de perdre ?;Manuela Péré;174;694;0.25;685;2026-03-18T19:00:13.000Z;161;0;oui
https://www.youtube.com/watch?v=6WhHi41hHqc;CARDI B: The TRUTH Behind The End of My Relationship…;Jay Shetty Podcast;3150859;5950000;0.53;5193;2025-10-06T13:00:14.000Z;324;0;oui
https://www.youtube.com/watch?v=q_iIL7lQ4uU;Why Avoidants Repeat the Same Relationship Pattern;Coach Ryan;25529;90600;0.28;1187;2026-01-05T20:10:25.000Z;233;0;oui
https://www.youtube.com/watch?v=Md83HeYRk9w;Voice Messages Ruined Dating Apps;Cody & Ko;389883;1920000;0.2;1501;2026-01-13;225;0;oui
https://www.youtube.com/watch?v=8Os_jQJEkDs;If you still think about your ex every day and can’t move on, please watch this...;Jay Shetty Podcast;313881;5950000;0.05;1837;2026-05-15T13:00:13.000Z;103;0;oui
https://www.youtube.com/watch?v=S_pJFVeMxcI;How Tinder's Algorithm ACTUALLY Works...;Jerrad Ross;6563;8580;0.76;248;2025-10-19T19:00:23.000Z;311;0;oui
https://www.youtube.com/watch?v=PD639GDaZXA;Highly Sensitive Person in Relationships: Why Loving Someone Who Feels Everything;The Honest Mind;8;50;0.16;533;2026-07-18T03:03:35.000Z;39;0;oui
https://www.youtube.com/watch?v=3tDoK27Tvtc;The Dating App SCAM That Is Destroying The Dating Pool;Matt Walsh;256782;3450000;0.07;1538;2026-04-15T19:00:06.000Z;133;0;oui
https://www.youtube.com/watch?v=4MxnQQhlgFw;In Love with an Avoidant, you need to hear this...;Jimmy on Relationships;185744;1480000;0.13;1694;2026-03-01T13:00:08.000Z;178;0;oui
https://www.youtube.com/watch?v=Re9rmIaXBq4;Post-Dating Clarity: The Psychology of Why Men Are Deleting Their Dating Apps;Psycore;4074;20800;0.2;1189;2026-02-23T15:30:00.000Z;184;0;oui
https://www.youtube.com/watch?v=N1gsc93zb2o;Si quelqu’un vous ignore, ne faites pas ces trois erreurs... | Leçons de Carl Jung;Sagesse Philosophique ;59337;143000;0.41;160;2025-11-21T18:00:34.000Z;278;0;oui
https://www.youtube.com/watch?v=p8DPusLUIrU;Why You Keep Repeating the Same Relationship Patterns (It's Not What You Think);Mind Change;1463;19500;0.08;5244;2026-06-01T07:00:10.000Z;86;0;oui
https://www.youtube.com/watch?v=3xCzbBcr-M0;Dating Apps Are Designed To Keep You Single — Here's How They Use Dark Psychology Against You (2026);Psyche Rush HQ;84;513;0.16;490;2026-05-06T22:00:11.000Z;111;0;oui
https://www.youtube.com/watch?v=Bopp78c4OIg;Young Men Have GIVEN UP On Dating & Women Are Confused;Darius M;258846;671000;0.39;1222;2025-11-16T16:37:20.000Z;283;0;oui
https://www.youtube.com/watch?v=qOBe8N1Kn7A;Les 5 grands traits de personnalité OCÉAN expliqués - Tests de personnalité;Psycho Pratique;119;139;0.86;606;2025-11-30T17:01:24.000Z;269;0;oui
https://www.youtube.com/watch?v=tt56JO2AweA&t=365s;How A Father's Self-Ownership Shapes A Son's Strength with Ralph Brewer @DadStartingOver;Raising Men Podcast;34;162;0.21;2673;2026-05-03T22:00:06.000Z;114;0;oui
https://www.youtube.com/watch?v=9CVxRM7rH-k;The Paradox of Choice: Why Dating Got Worse With More Options;Mendecoded;38;64;0.59;340;2026-01-27T07:22:30.000Z;211;0;oui
https://www.youtube.com/watch?v=PbaW2AtitOY&list=RDPbaW2AtitOY&start_radio=1;KI JAM - La Rue Me Parle 🇫🇷🔊💃🏻 #newsong    #musik    #ki;KI JAM;73;40;1.82;157;2025-10-02T17:00:06.000Z;328;0;oui
https://www.youtube.com/watch?v=BLw00gzGnps;You’re not tired of dating — you’re tired of over-giving;Too Much Podcast;1987;10400;0.19;1751;2026-03-03T08:00:10.000Z;176;0;oui
https://www.youtube.com/watch?v=XBDOT_NA068;The Psychology of Highly Sensitive People (HSP);The Archetype;19112;37400;0.51;1468;2025-11-11T09:45:31.000Z;288;0;oui
https://www.youtube.com/watch?v=PZuv4Cg1IHo;15 Shocking Dating App Statistics!;Coffee with Carey;39955;40100;1;845;2025-09-05T15:37:00.000Z;355;0;oui
https://www.youtube.com/watch?v=pLY8mbRVr4c;Zee Magic: Trouver L'Amour | Novembre;Zee Magic;309490;914000;0.34;30;2025-11-24T08:01:05.000Z;275;0;oui
https://www.youtube.com/watch?v=wiuQCFkxDZE;Pourquoi votre smartphone ne dure pas 10 ans ?;nowtech.tv;95483;452000;0.21;1709;2026-01-14T16:01:36.000Z;224;0;oui
https://www.youtube.com/watch?v=ct2Lh7yyzN4;The Hinge Algorithm Is Rigged: How to Beat It in 2026;WingMan Plus;14331;48800;0.29;668;2026-01-01T17:01:03.000Z;237;0;oui
https://www.youtube.com/watch?v=Llh7aatXcHs;COMPATIBILITÉ amoureuse entre Archétypes Masculins et Féminins;Glowing Leaf;502;12600;0.04;515;2026-08-06T17:29:37.000Z;20;0;oui
https://www.youtube.com/watch?v=zFZym1gZw2s;Top Dating Apps for Serious Relationships in 2026;Top-Review io;883;2210;0.4;518;2026-01-03T13:45:08.000Z;235;0;oui
https://www.youtube.com/watch?v=apBJ0qDFHDs;La Science de l’Amour : Pourquoi Nous Tombons Amoureux;The Psychology of Mindset;895;19100;0.05;1248;2026-07-14T16:15:13.000Z;43;0;oui
https://www.youtube.com/watch?v=IfJBoQvSlBw;LOVE IS NOT ENOUGH! — How to Know If You’re Truly Compatible Before Marriage;The Gospel Hub;2;7;0.29;1116;2026-08-25T20:42:31.000Z;0;0;oui
https://www.youtube.com/watch?v=0rZI9bEZUp8;How To Use Dating Apps When You Hate Them, But Want To Meet People;Dating Intentionally;6543;9390;0.7;2202;2025-10-21T11:15:01.000Z;309;0;oui
https://www.youtube.com/watch?v=FBfxz9Sge7E;157. Dating Aps are a SCAM and Here's the Proof - The Michael Sartain Podcast;Michael Sartain;14790;193000;0.08;4597;2026-04-28T19:42:01.000Z;120;0;oui
https://www.youtube.com/watch?v=fvSSWZZSuxI;The Psychology of Infidelity | Why People Cheat;Human Psychology Lens;539;408;1.32;426;2025-09-22T21:59:00.000Z;337;0;oui
https://www.youtube.com/watch?v=9_UXu-hskXw;OCEAN (THE BIG FIVE) Personality Model;Foundation of Social and Organizational Studies;19;21;0.9;81;2026-01-02T17:08:00.000Z;236;0;oui
https://www.youtube.com/watch?v=rl_4OQoKuP8;💕 Top 5 Dating Apps for Christians that actually work in 2026;All Rankings by Gabi;1009;3460;0.29;251;2026-01-27T12:00:07.000Z;211;0;oui
https://www.youtube.com/watch?v=Od9bOZmTDvQ;Guérir l’Insécurité Émotionnelle et l’Attachement Anxieux | Méditation Guidée Nocturne;Cinquième Saison;56631;157000;0.36;7154;2025-11-26T18:27:17.000Z;273;0;oui
https://www.youtube.com/watch?v=TdYsSP8iY3o;The psychology of romance: why opposites do not actually attract;PsyPost;542;9100;0.06;150;2026-06-26T16:32:10.000Z;61;0;oui
https://www.youtube.com/watch?v=bbzPCreaFGE;Dating Apps Aren't the Problem — Sitting at Home Is;DL Saint, I Really Want To Know Podcast;106;2390;0.04;585;2026-08-17T15:00:14.000Z;9;0;oui
https://www.youtube.com/watch?v=qP1h0iYjJD8;Empathy vs Empath what is the difference?;Joann DJ Ehlman;7;11;0.64;352;2026-03-08T18:00:06.000Z;171;0;oui
https://www.youtube.com/watch?v=RrY1XTM61qA;The Science Behind Why Relationships Die After 3 Months;Zoomology;77328;136000;0.57;447;2025-10-10T16:00:08.000Z;320;0;oui
https://www.youtube.com/watch?v=CV0GtUlJ6NM;Science of Attraction, Compatibility & Romance | Dr. Paul Eastwick;Andrew Huberman;233013;7640000;0.03;10215;2026-06-22T12:00:17.000Z;65;0;oui
https://www.youtube.com/watch?v=CHLrSzRgEm0;Toxic patterns repeat horhe hai life mein? Understand why & ATTRACT RIGHT RELATIONSHIPS 💕;The Coffee Comfort Show;1484;4540;0.33;850;2026-01-07T12:30:20.000Z;231;0;oui
https://www.youtube.com/watch?v=en1g3CfwZlU;The One Habit That Predicts Relationship Success | English | 2026 |;TheIntrovertSpeaks ;2;6;0.33;133;2026-08-05T17:30:05.000Z;21;0;oui
https://www.youtube.com/watch?v=ezF31CwFvpc;Your Soulmate Isn’t On Hinge;HealthyGamerGG;414266;3440000;0.12;1562;2026-02-14T18:00:43.000Z;193;0;oui
https://www.youtube.com/watch?v=nqPuizVj97c;Cette personne te manque sans raison ? Jung révèle la vérité;L’OMBRE DE JUNG;1071;8940;0.12;2063;2026-04-11T12:01:31.000Z;137;0;oui
https://www.youtube.com/watch?v=dBuZrz1rV0k;The Hungarian Algorithm: How Uber, Tinder, and Tesla Solve the "Assignment Problem;AI TL DR;205;395;0.52;410;2025-12-24T18:30:57.000Z;245;0;oui
https://www.youtube.com/watch?v=Aggd6l61alg;The Big 5 Personality Traits EXPLAINED: 5 Hidden Forces That Shape Your Personality;LearnIQ;191;173;1.1;375;2025-10-18T22:30:01.000Z;311;0;oui
https://www.youtube.com/watch?v=pcT88TG1ZwQ;Why No One Falls in Love Anymore (The Paradox of Infinite Choice);The Obvious Guy;46;44;1.05;534;2025-11-21T09:34:53.000Z;278;0;oui
https://www.youtube.com/watch?v=lrUv9qRo9go;Le secret des couples qui durent : l'importance de la culture commune;Couple Épanoui - Rodrigue Sacramento;54;225;0.24;378;2026-03-28T06:00:06.000Z;151;0;oui
https://www.youtube.com/watch?v=3J5VcQIlAck&t=3629s;30 Years of Marriage: 3 Things About Relationships I Wish Someone Told Me Sooner;Mel Robbins;97437;6080000;0.02;3920;2026-08-24T09:00:29.000Z;2;0;oui
https://www.youtube.com/watch?v=_ahTP_Zn7nU;I'm 41, if You're In Your 30s, Watch This…;Mark Manson;1460198;3120000;0.47;925;2025-10-05;325;0;oui
https://www.youtube.com/watch?v=_CCrfQulC9s&t=37s;How Men MUST Approach The MODERN Dating Market!;MyronGainesX;159916;568000;0.28;1035;2025-12-03T22:48:06.000Z;265;0;oui
https://www.youtube.com/watch?v=5KRtagHzSqM;8 Signs You’re the World’s Rarest Personality Type (Psychology of INFJ) | Brené Brown;Motivational Humanity;1058;21600;0.05;955;2026-06-28T01:00:25.000Z;59;0;oui
https://www.youtube.com/watch?v=SdIUt0jDtzE&t=139s;If You are Going Through a Breakup, This is Exactly What I'd Tell You;Jay Shetty Podcast;508358;5950000;0.09;1675;2026-03-13T13:01:01.000Z;166;0;oui
https://www.youtube.com/watch?v=NENOAntJMZ4;8 Signs An Emotionally Unavailable Man Will NEVER Change;Amy Kerr - Love By Design;28709;42300;0.68;866;2025-09-29T16:00:40.000Z;331;0;oui
https://www.youtube.com/watch?v=GMBm0dwr4GI;Social Media Ruined Dating;luther versulien;4893;47300;0.1;601;2026-04-03T18:43:33.000Z;145;0;oui
https://www.youtube.com/watch?v=WaRs1pM3q1U;Point de vue sur le film "L'attachement";Ça tourne au Eiffel;118;394;0.3;54;2026-02-18T08:51:41.000Z;189;0;oui
https://www.youtube.com/watch?v=aWGLSzyMGfM;Hypersensibles, Empathes, Hyperempathes : comprendre enfin ce que tu ressens - conférence gratuite;Marie-Noelle BON;444;3890;0.11;9199;2026-04-24T06:36:07.000Z;124;0;oui
https://www.youtube.com/watch?v=BuQVaa-HzfQ&list=RDBuQVaa-HzfQ&start_radio=1;L’Amour Est Parti Sans Bruit – Ballade Française de Rupture | Chanson Triste 2025;Dernier Souffle;1267;2860;0.44;669;2025-12-07T12:43:55.000Z;262;0;oui
https://www.youtube.com/watch?v=pdOA4-1XiKo;7 Signs of an Incompatible Relationship (Relationship Advice & Dating Advice);Tomisin Atobatele Clips;242;3080;0.08;11436;2026-06-04T21:19:18.000Z;82;0;oui
https://www.youtube.com/watch?v=CkTfOPxHTCc;How to Stop Self-Sabotaging Good Relationships | Psychology of Attachment & Love;Dr. Vanessa PhD ;3348;2970;1.13;433;2025-09-02T16:00:31.000Z;358;0;oui
https://www.youtube.com/watch?v=PEunYItnFmw;I Turned My Dating Life Into an MBTI Experiment… But Is It Actually Scientific?;Easha;62;1430;0.04;527;2026-08-23T13:03:39.000Z;3;0;oui
https://www.youtube.com/watch?v=1dbS-m9SCsU;Why Modern Dating Is Broken (And It Started in the 1940s);Your Brutal Bestie;71214;90900;0.78;484;2025-09-06T23:00:01.000Z;353;0;oui
https://www.youtube.com/watch?v=Y1FymkKJXSE;Why situationships really suck explained in 7 minutes;Date or Detonate;461;316;1.46;409;2025-09-04T17:00:47.000Z;356;0;oui
https://www.youtube.com/watch?v=1wbEYHMAV0o;Tinder is Dead. Here’s Where the Women Are (2026);WingMan Plus;10685;48800;0.22;544;2026-01-15T18:00:02.000Z;223;0;oui
https://www.youtube.com/watch?v=9OuCzLMchCM;Once Dating App Review - Really Worth It?;Guide Zone;201;3740;0.05;90;2026-07-10T17:36:43.000Z;47;0;oui
https://www.youtube.com/watch?v=9RIGLsFSf2s;Love Is Not Enough: 5 Signs of Incompatibility That Quietly Ruin Your Relationship & Future;Daily Habit Rewire;3;6;0.5;2340;2026-05-12T10:15:15.000Z;106;0;oui
https://www.youtube.com/watch?v=6hFQIiyeRxs;Why the Dating Apps Feel Broken;Coffee with Carey;2368;40100;0.06;953;2026-05-29T15:30:01.000Z;89;0;oui
https://www.youtube.com/watch?v=3HxghovrAcg;Tarifs Meetic 2026 : les nouveaux prix des abonnements;E4 Dating (conseils en rencontres sur Internet);1361;6040;0.23;354;2026-02-02T17:45:30.000Z;205;0;oui
https://www.youtube.com/watch?v=VbX1QcdQasg;Relationship Problems Explained (Multidimensional View);Quantum Union;99;362;0.27;635;2026-02-26T11:05:49.000Z;181;0;oui
https://www.youtube.com/watch?v=6d2e_HnuU6k;Valeurs Communes : Le Secret des Relations Qui Durent; Cœur Décodé;120;816;0.15;780;2026-04-17T18:00:05.000Z;131;0;oui
https://www.youtube.com/watch?v=1G0D-1cZZns;Los ERRORES que cometes al CONOCER a alguien y no te das cuenta...;Mentes Inexplicables Podcast;1228;52000;0.02;5207;2026-08-25T18:00:06.000Z;1;0;oui
https://www.youtube.com/watch?v=YDIHSLf9qzw;Married, Dating, or Single: The Best Relationship Advice You Will Ever Receive;Mel Robbins;887374;6080000;0.15;5386;2026-01-12T10:00:51.000Z;226;0;oui
https://www.youtube.com/watch?v=QyvlmjuRDII;DATING EXPERT: The #1 Mistake Most People Make in Dating;Jay Shetty Podcast;395438;5950000;0.07;6343;2026-03-30T13:00:36.000Z;149;0;oui
https://www.youtube.com/watch?v=HL8aG54aA_U;7 Early Signs a Relationship Won’t Last (Most People Ignore These);Pure Attraction;397;1840;0.22;214;2026-02-20T16:30:06.000Z;187;0;oui
https://www.youtube.com/watch?v=UM7_UFO8KDk;on t'a menti sur l'amour,  voilà pourquoi ton couple ne marche pas;mentalnuta;42;211;0.2;248;2026-04-10T14:12:50.000Z;138;0;oui
https://www.youtube.com/watch?v=4qEgkaT5Gjw;5 ans après ma séparation, j’ai reconstruit plus de 17 000€ (sans héritage, sans miracle);Rupture & dividendes;20;30;0.67;764;2026-01-11T11:00:08.000Z;227;0;oui
https://www.youtube.com/watch?v=oEiQEl1WtV8;When an Avoidant FINALLY Realizes No One Else Feels Like You;Hearts and Logic;322;11500;0.03;652;2026-08-25T12:00:19.000Z;1;0;oui
https://www.youtube.com/watch?v=4NRUtMY1ejg;How Social Media Ruined Dating;luther versulien;6607;47300;0.14;944;2026-02-24T19:25:54.000Z;183;0;oui
https://www.youtube.com/watch?v=NgDEJ8kbjSk;Intelligence Émotionnelle en Couple : Arrête d'Attendre d'Être Devinée (La Science Explique Tout);Dans la vie d'une mindset coach;927;25300;0.04;1565;2026-07-16T04:00:19.000Z;41;0;oui
https://www.youtube.com/watch?v=b0oi_R5H1Uo;Your Past Relationships Weren’t Failures 🤍 | Cozy Convos;Isabel Montenegro;244;1490;0.16;605;2026-03-22T23:36:45.000Z;156;0;oui
https://www.youtube.com/watch?v=L7403eh3YA4&t=3360s;THE SCIENCE OF ATTRACTION: WHAT REALLY PREDICTS IF A RELATIONSHIP WILL LAST;Huberman Explained;102;1600;0.06;3907;2026-07-01T22:00:06.000Z;55;0;oui
https://www.youtube.com/watch?v=EsdGIYqxZbI;Why You Can't Find Love on Dating Apps Anymore;Frederik Winther Larsen;1383;19800;0.07;693;2026-05-14T14:08:19.000Z;104;0;oui
https://www.youtube.com/watch?v=JEZCK5gMd5I;Why You Keep Attracting the Wrong People (Attachment Styles Explained) | with Coach Beatrice Rosu;FiftyTwo® Coaching;10209;125000;0.08;3567;2026-04-07T11:00:35.000Z;141;0;oui
https://www.youtube.com/watch?v=8Rz2P653H4g;STOP COMMUNICATING WITH WOMEN WHO TREAT YOU THIS WAY WHEN DATING!!! (Casey Zander Speaks);Casey Zander;306694;655000;0.47;951;2025-10-02T18:27:43.000Z;328;0;oui
https://www.youtube.com/watch?v=cLDyY8gtIMw;S'Oublier en Couple : Où S'Arrête l'Amour et Où Commence la Perte de Soi | Mindset & Couple;Dans la vie d'une mindset coach;850;25300;0.03;1306;2026-07-23T04:00:31.000Z;34;0;oui
https://www.youtube.com/watch?v=eWh6BXa-4Ms;QUIZ COUPLE 2026 : Êtes-vous Vraiment sur la Même Longueur d'Onde ? (20 Questions);AlexD videos;519;11400;0.05;264;2026-07-02T16:00:07.000Z;55;0;non
https://www.youtube.com/watch?v=eixCaWlQGu0;💞I accidentally slept with bestie's brother. He loved me for 10y and spoil me like treasure!#cdrama;Sweety Theater;5346;296000;0.02;9997;2026-08-26T05:40:28.000Z;0;0;oui
https://www.youtube.com/watch?v=Ap5vbLyKVp4;This One Habit Predicts Relationship Success;Jillian Turecki;3050;119000;0.03;426;2026-07-31T14:00:31.000Z;26;0;oui
https://www.youtube.com/watch?v=QjI_ThGDbZk;💔 Navigating Love in the Digital Age: Real Talk, Real Connections;win at love;10;4;2.5;462;2025-10-04T23:00:25.000Z;325;0;oui
https://www.youtube.com/watch?v=E1GxdmouxtI;Why Do My Relationships Always End After 3 Months?;Marcus Dib;3928;168000;0.02;716;2026-08-04T16:32:49.000Z;22;0;oui
https://www.youtube.com/watch?v=Rl39Urma5vc;La Psychologie Cachée Des Personnes Qui Rompent Avec Leur Famille;Instant Lucide;8194;30800;0.27;429;2025-12-20T12:32:47.000Z;249;0;oui
https://www.youtube.com/watch?v=66hmRkN06A8&t=60s;The Quiet Exhaustion of Dating Without Commitment;LoveLens Psychology;177;2170;0.08;293;2026-05-25T17:30:00.000Z;93;0;oui
https://www.youtube.com/watch?v=3lJf9tKkzbk;Why You Keep Attracting Men Who Will Never Commit To You;Margarita Nazarenko;51442;651000;0.08;1553;2026-03-22T14:00:00.000Z;157;0;oui
https://www.youtube.com/watch?v=z52-BEVPF6c;Overweight Women Are COMPLAINING That Dating Apps Don’t Work;Taylor The Fiend;41783;382000;0.11;1356;2026-02-22T03:00:00.000Z;185;0;oui
https://www.youtube.com/watch?v=meZzS_8ZGBM;Big Five OCEAN: Why the Resilient Psychotype Dominates Leadership & Well-Being;Humans Decoded;9;40;0.23;623;2026-05-11T07:14:36.000Z;107;0;oui
https://www.youtube.com/watch?v=Qs1zWXVlT9A;INFJ Compatibility Ranked | The Healing, Electrifying & Dangerous Matches;Wisdom and Happiness;1427;12500;0.11;938;2026-03-25T17:06:19.000Z;154;0;oui
https://www.youtube.com/watch?v=kMQR3oRTu28;Weekend Update: A Guy and His Girlfriend Who’s Always Cold on Dating App Fatigue - SNL;Saturday Night Live;899465;17200000;0.05;238;2026-04-06T21:00:55.000Z;141;0;oui
https://www.youtube.com/watch?v=rQeRJNssuJM;The Dating App Secret Tool Helping Singles Find Love Abroad in 2025;Chinwenwa Voice;5339;5520;0.97;286;2025-08-30T09:15:06.000Z;361;0;oui
https://www.youtube.com/watch?v=isf9CUwHzQE;Preston & Brianna: Meeting on a blind date, having kids and 3 month engagement;The Unplanned Podcast;247609;866000;0.29;3846;2025-11-12T07:01:02.000Z;287;0;oui
https://www.youtube.com/watch?v=aCIX7OrnEN4;La Méthode pour TOURNER LA PAGE Après Une Rupture Difficile  (Efficace) | Séparation Couple;La Voix Stoïcienne;13560;15800;0.86;1716;2025-08-30T09:03:45.000Z;361;0;oui
https://www.youtube.com/watch?v=Gc6snP4ABR0;OCEAN Model Explained | Big Five Personality Traits | Class 12 Psychology Chapter 2;Simplified Psych Central (SPC);39;507;0.08;291;2026-06-29;58;0;oui
https://www.youtube.com/watch?v=ksb2T3rjDjY;Are You Chronically Single? The New York Times Wants To Hear From You...;Oh! Stephco;64095;93400;0.69;2533;2025-09-05T21:30:08.000Z;354;0;oui
https://www.youtube.com/watch?v=JA4aXt1nSX4&list=RDJA4aXt1nSX4&start_radio=1;L’amour qui détruit doucement;David Anza;148;1350;0.11;219;2026-04-28T16:00:28.000Z;120;0;oui
https://www.youtube.com/watch?v=VoNMyr-Tu7k;Conan & Sona Take A Friendship Compatibility Quiz | Conan O'Brien Needs A Friend;Team Coco;121733;9200000;0.01;758;2026-08-18T12:00:13.000Z;8;0;oui
https://www.youtube.com/watch?v=PZJ10IbXG-8;3DSKILLS.EU : Le diagnostic de personnalité nouvelle génération;CARROLL BARRY;7;13;0.54;87;2026-02-28T08:30:12.000Z;179;0;non
https://www.youtube.com/watch?v=evNSNeG1yIs;Les tests de personnalité ne mesurent pas une essence fixe;Jean-Marie DANG - Eureka;41;44;0.93;1301;2025-11-12T14:17:54.000Z;287;0;oui
https://www.youtube.com/watch?v=DDmtJazersQ;Why Men and Women Are Not Compatible-Princella Clark;Soft White Underbelly;220433;7050000;0.03;3672;2026-05-29T13:00:19.000Z;89;0;oui
https://www.youtube.com/watch?v=19l5KOSPaD0;About the most significant relationships in your life [You can see the truth this way];True Self Alchemy with Danielle Lynn;9109;103000;0.09;1008;2026-03-23T16:30:00.000Z;156;0;oui
https://www.youtube.com/watch?v=2qipdjkMV8s;Schéma répétitif de relation de couple. Quand la constellation akashique dénoue cela.;Emma Jouvence;59;944;0.06;1142;2026-07-03T16:00:16.000Z;54;0;oui
https://www.youtube.com/watch?v=uSGWE4R0A1E;Relation depuis ta Valeur ou tes Blessures : la clé qui fait TOUTE la différence;Re Née Sens;45;324;0.14;936;2026-04-28T07:03:26.000Z;120;0;oui
https://www.youtube.com/watch?v=2_p9LMY4G24;Attachement perturbé ou narcissisme # 0035;T-time with Anneke;24;65;0.37;384;2026-02-15T20:13:05.000Z;191;0;oui
https://www.youtube.com/watch?v=YncKIV31inU;Dating Apps are Auraless Pits;Maya Noor;36;204;0.18;1133;2026-04-12T16:36:05.000Z;136;0;oui
https://www.youtube.com/watch?v=hqa06hmCayo;The 5:1 ratio that separates happy couples from divorced ones | John & Julie Gottman: Full Interview;Big Think;113119;8910000;0.01;3736;2026-08-21T13:00:16.000Z;5;0;oui
https://www.youtube.com/watch?v=FhzVagVA6ek;The Business of Online Dating: Algorithms, AI & Emotional Attachment;Alexandria;4994;27700;0.18;3815;2026-01-22T08:00:26.000Z;216;0;oui
https://www.youtube.com/watch?v=Pg-YlHIk-6A;10 Crucial Reasons Why Love Is Not Enough - Dr.  Olumide Emmanuel;Finance And Relationship Hub;865;2600;0.33;1950;2025-12-16T16:00:44.000Z;253;0;oui
https://www.youtube.com/watch?v=VSuP5gRlf0E;Songbyrd Talking about her PAST FAILED relationships 🥰. Spoiler (IT GETS WILD 😳);Somber’s secret admirer;6424;11200;0.57;437;2025-10-06T00:15:01.000Z;324;0;oui
https://www.youtube.com/watch?v=g4jFUa25bSY;How to Meet People in Real Life 💬 | Dating Beyond the Apps;Down to Date;32;14;2.29;386;2025-08-26T04:00:49.000Z;365;0;oui
https://www.youtube.com/watch?v=yiadU6egFJk;The Psychology of People Who Ghost Their Friends;Koo Psychology;8557;107000;0.08;1231;2026-03-29T11:00:00.000Z;150;0;oui
https://www.youtube.com/watch?v=OmxyB7DyHJE;Social Media Has RUINED Dating In 2025...;The Social View;1010;3140;0.32;1969;2025-12-17T22:22:16.000Z;251;0;oui
https://www.youtube.com/watch?v=HkUMHJFxE8o;The Biologist Who Figured Out Why Dating is Broken | Bret Weinstein;Danny Jones Clips;50137;673000;0.07;630;2026-03-18T18:00:26.000Z;161;0;oui
https://www.youtube.com/watch?v=Dyf-CWFKUy4;The Big 5 Relationship killers ( and How to Stop them before they wreck your life);Renewed Minds with Dr. Fred;2275;4360;0.52;572;2025-10-23T19:00:17.000Z;307;0;oui
https://www.youtube.com/watch?v=qy0qj7Jdyjc;Seven Problems Affecting Your Relationship (Fix it Now) | Dolapo Lawal #dolapolawal;Doctrion;104;1290;0.08;3502;2026-05-25T03:46:36.000Z;93;0;oui
https://www.youtube.com/watch?v=4OUcrQZv2zE;L'erreur N°1 des femmes sur les applis de rencontre;Sami BH;122;1080;0.11;1107;2026-04-21T13:57:11.000Z;127;0;oui
https://www.youtube.com/watch?v=BqgQZGhiTxM;Why People Ghost: The Psychology No One Talks About;The Psychology of WHY;713;1630;0.44;185;2025-11-23T16:28:56.000Z;276;0;oui
https://www.youtube.com/watch?v=ahYqjENYrUs;💖 QUELLE EST VOTRE COMPATIBILITÉ AMOUREUSE ? 💖| TIRAGE SENTIMENTAL | INTEMPOREL;Elea Sun;6043;15700;0.38;9155;2025-11-07T17:00:03.000Z;292;0;oui
https://www.youtube.com/watch?v=Lh8f_4VIHps;Compatibility Vs Skill Issues: Why ‘Doing The Work’ Won’t Save Every Relationship;Heidi Priebe;36955;506000;0.07;1801;2026-03-20T21:11:24.000Z;158;0;oui
https://www.youtube.com/watch?v=XVnHNt075S4;Les 11 Mythes de la Psychologie Populaire Démystifiés;Le Chill Dude Explique;5;39;0.13;839;2026-07-16T16:00:01.000Z;41;0;oui
https://www.youtube.com/watch?v=8dzmODmLmcU;The Real Reason Couples Drift Apart;Elisabeth McKay;6038;46400;0.13;2732;2026-02-12T17:00:00.000Z;195;0;oui
https://www.youtube.com/watch?v=mEHoKy53ygQ;This One Skill Predicts Relationship Success More Than Anything Else;Therapist Zev Berkowitz;4;3;1.33;182;2025-12-30T18:49:37.000Z;239;0;oui
https://www.youtube.com/watch?v=kmfdcNvXllI;How To Meet Women Without Dating Apps (Without Being ‘That Guy’);Hayley Quinn;4233;112000;0.04;240;2026-06-07T16:30:00.000Z;80;0;oui
https://www.youtube.com/watch?v=44b5MHclWSs;The #1 Trait That Predicts Relationship Success;Jillian Turecki;10449;119000;0.09;429;2026-03-13T14:00:05.000Z;166;0;oui
https://www.youtube.com/watch?v=PBVizU2IcnQ&t=257s;Why Gen Z Men and Women No Longer Want the Same Life;Warrior Poet Society;33818;1600000;0.02;1624;2026-07-09T17:00:39.000Z;48;0;oui
https://www.youtube.com/watch?v=2EwcDcquDOs;Voici pourquoi les femmes divorcées regrettent toujours après 2ans;Maîtrise de soi ;5815;40400;0.14;435;2026-02-01T17:26:12.000Z;206;0;oui
https://www.youtube.com/watch?v=oqo9DQW3ZTo;"MESSAGE À TOI QUI ES EN COUPLE AVEC UN ATTACHEMENT ÉVITANT" - l'Espace du Couple;L'Espace du Couple Florentine d'Aulnois Wang;29708;64100;0.46;866;2025-10-03T09:10:45.000Z;327;0;non
https://www.youtube.com/watch?v=7LqQCicWrCI;Why Men Fear Commitment But Dread Being Alone;The eMpTy Podcast;169;2120;0.08;341;2026-05-10T09:16:27.000Z;108;0;oui
https://www.youtube.com/watch?v=iI_g_ql55fM;Giving up on finding love again;Hazie;5331;14700;0.36;517;2025-11-09T13:01:27.000Z;290;0;oui
https://www.youtube.com/watch?v=TDdqMRwQOxs&list=RDTDdqMRwQOxs&start_radio=1;You Broke Me For No Reason | Sad Breakup Song (Lyrics);Soulful Music Record;1599;4970;0.32;358;2025-12-03T03:30:22.000Z;266;0;oui
https://www.youtube.com/watch?v=0b57OqMOEMQ;Dating Fatigue is Setting in... Men have given up on Women;terryjoeljunior;5965;141000;0.04;1029;2026-05-20T17:46:48.000Z;98;0;oui
https://www.youtube.com/watch?v=kyEO280LRWI;The REAL Reason Men Don’t Want to Date Anymore;The Diary Of A CEO Clips;1217561;2620000;0.46;1316;2025-09-01T18:00:48.000Z;359;0;oui
https://www.youtube.com/watch?v=yhCV0mN-sMA;Vous êtes vraiment COMPATIBLES ? Ma MÉTHODE pour savoir.;Rorologie;204;1330;0.15;377;2026-03-08T17:01:17.000Z;171;0;oui
https://www.youtube.com/watch?v=I0n5D4h0Nww;Elle avait peur de réussir, je la débloque en une séance;Pierre DAVID - L'Académie de la Haute Performance;493;23300;0.02;3194;2026-08-20T15:00:05.000Z;6;0;oui
https://www.youtube.com/watch?v=0Cjph5CvErE;How You Keep Yourself Suffering;HealthyGamerGG;771584;3440000;0.22;2177;2025-11-09T23:00:01.000Z;289;0;oui
https://www.youtube.com/watch?v=npK80X2vqsw;How to find the perfect spiritual partner?;Kim Michaels;571;4080;0.14;1426;2026-02-26T07:00:45.000Z;181;0;oui
https://www.youtube.com/watch?v=TKjWSVb1t0A;Christophe André: L’empathie excessive : pourquoi elle mène souvent à la solitude intérieure;L'Esprit Fort;1584;8850;0.18;1922;2026-01-22T19:00:05.000Z;216;0;oui
https://www.youtube.com/watch?v=kV6DwVJJjtw&list=RDkV6DwVJJjtw&start_radio=1;Online Dating is BROKEN - The Musical;Pixel Playhouse;36955;1160000;0.03;182;2026-05-25T13:30:33.000Z;93;0;oui
https://www.youtube.com/watch?v=D5DaD33q1QI;Le Secret des Ruptures Amoureuses;Ben Névert;232832;618000;0.38;4576;2025-09-28T16:00:19.000Z;332;0;oui
https://www.youtube.com/watch?v=kPJ1SO8VFlY;(WHEN THEY PULL AWAY) 5 Signs Your Relationship is Fading;Bitter Vaccine;294;3550;0.08;259;2026-04-22T17:01:06.000Z;126;0;oui
https://www.youtube.com/watch?v=dQ-IQwzJJjo;Blessures d’abandon : votre insécurité affective dirige toute votre vie amoureuse !;Claire Stride ;1687;47100;0.04;798;2026-06-14T08:00:17.000Z;73;0;oui
https://www.youtube.com/watch?v=9zBwzqOwzNE&t=205s;Pourquoi tout le monde galère à rencontrer quelqu'un ?;Yann Piette;18905;638000;0.03;2508;2026-06-04T15:52:31.000Z;83;0;oui
https://www.youtube.com/watch?v=p7trYT-mdp4;They Stopped Believing in Love… Until They Found Each Other | Someone to Honor | Mary Balogh;Instantes Para Querer;122;1350;0.09;41252;2026-05-01T04:29:15.000Z;117;0;oui
https://www.youtube.com/watch?v=U7ohNvck6pI;Почему вы притягиваете не тех людей? Джон Кехо;John Kehoe Джон Кехо официальный YouTube-канал;12777;520000;0.02;433;2026-06-23T18:00:10.000Z;64;0;oui
https://www.youtube.com/watch?v=OVUb9chcLec;How to Know When a Relationship is Over or Worth Fighting For;Suttida | Life in Focus;811;4380;0.19;775;2026-01-24T19:53:05.000Z;213;0;oui
https://www.youtube.com/watch?v=0N1ybLEoM_I;Dating Apps are a Rigged Game, 🥀🚫 Not worth the Money 💰💵;Odd Fitness Tim Brennan;37;1030;0.04;1438;2026-08-15T08:45:45.000Z;11;0;oui
https://www.youtube.com/watch?v=ivirNoEw_3o;The Day I Stopped Believing In Love | Emotional English Story for Beginners (A1–A2 Level);mikey's game channel;6;4;1.5;597;2025-11-15T07:38:48.000Z;284;0;oui
https://www.youtube.com/watch?v=Pf_xzEVRs0Q;The Secret to Actually Winning on Dating Apps (Trans Edition);PinkDeer;3480;8320;0.42;415;2025-10-26T05:37:47.000Z;304;0;oui
https://www.youtube.com/watch?v=HkmJ_fKZkIk&list=RDHkmJ_fKZkIk&start_radio=1;Tu Regardes Ailleurs – Chanson Française sur un amour qui s’éteint;Nao Music ;1025;10200;0.1;219;2026-03-15T16:00:22.000Z;164;0;oui
https://www.youtube.com/watch?v=xh5eUfWmuX8;pourquoi tu attires toujours le même type de relation;Yes, I Do ! Podcast;24;210;0.11;2208;2026-05-13T04:14:42.000Z;105;0;oui
https://www.youtube.com/watch?v=UAA2HCk0WbQ;Surprotéger les gens qu'on aime, c'est les freiner;Harry Mariette Coaching;874;19100;0.05;216;2026-05-26T15:00:20.000Z;92;0;oui
https://www.youtube.com/watch?v=uD66fspUoaA;How Successful Couples Handle Conflict - Rod & Leticia Gardner (Social Proof Podcast);Social Proof;10510;614000;0.02;4211;2026-07-27T15:14:00.000Z;30;0;oui
https://www.youtube.com/watch?v=tqsCyF6scag;Études de personnalité et de rencontres - Qui devriez-vous rechercher ?;Psycho Pratique;64;139;0.46;529;2025-12-14T17:01:34.000Z;255;0;oui
https://www.youtube.com/watch?v=tFO1aMUnEVc;WATCH if you’re UNABLE TO MOVE ON from a Breakup!;Simmy Goraya;272440;727000;0.37;640;2025-09-24T12:31:16.000Z;336;0;oui
https://www.youtube.com/watch?v=_o3X1zfQ1Kw;Couples Compatibility Test: What Science Actually Says About Whether You’re Compatible;Figs & Teale;72;1720;0.04;836;2026-07-14T23:22:59.000Z;42;0;oui
https://www.youtube.com/watch?v=rlRmn9oiytc;What Nobody Tells You About Your 30's;HealthyGamerGG;963736;3440000;0.28;1359;2025-10-12T22:00:54.000Z;317;0;oui
https://www.youtube.com/watch?v=QtkFJxsYzq0;Love in the Age of Algorithms  Are We Losing Something Real?;Nova Aetas;35;32;1.09;755;2025-10-11T20:07:20.000Z;319;0;oui
https://www.youtube.com/watch?v=YNBjMQaKYHs;If You Overthink Everything, You Likely Have This 5 Rare Personality Traits;PsychologyAboutYou;23431;118000;0.2;319;2025-12-08T19:00:29.000Z;261;0;oui
https://www.youtube.com/watch?v=0gn62DMEw08;The hidden algorithm determining exactly who you fall in love with online;Facts and information;7;74;0.09;198;2026-07-12T01:39:32.000Z;45;0;oui
https://www.youtube.com/watch?v=YB6MyrILrSo;What Makes a Marriage Last | 3 Habits From a Therapist of 20 Years;Andrea Dindinger, LMFT;34;907;0.04;381;2026-08-10T20:00:16.000Z;16;0;oui
https://www.youtube.com/watch?v=B8cCbOESjbQ;How to Make Friends (you are an Introvert);Davin;3465;10000;0.35;416;2025-11-08T08:07:20.000Z;291;0;oui
https://www.youtube.com/watch?v=N7_SR7OWmss;The BIG FIVE Sex Struggles I See with Every Client with sex scholar Nadège;Pleasure Science;314;1270;0.25;2731;2026-01-07T08:01:19.000Z;231;0;oui
https://www.youtube.com/watch?v=qlW8V68pOY0;Ces 3 erreurs en amour font plus de dégâts qu’on ne pense;Inspirationally Maryline;153;213;0.72;1542;2025-10-14T17:34:52.000Z;316;0;oui
https://www.youtube.com/watch?v=Ji7IeiDSHmg;Generative AI Is Secretly Rewiring Your Personality (OCEAN Model);Humans Decoded;8;40;0.2;508;2026-04-26T17:41:51.000Z;122;0;oui
https://www.youtube.com/watch?v=-0BEifRXipY;Je supplie chaque femme de regardez ce FILM D'AMOUR ÉDUCATIF-NOUVEAU SORTI IL ​​Y A QUELQUES MINUTES;AFOREVO Galerie;798291;3330000;0.24;5196;2025-10-22T13:30:00.000Z;308;0;oui
https://www.youtube.com/watch?v=Xg_rJcJklyc;#9 Les parts protectrices : pourquoi tu répètes les mêmes schémas malgré toi...;Cassandra Martinez;33;107;0.31;1925;2026-01-28T16:00:51.000Z;210;0;oui
https://www.youtube.com/watch?v=ESQOEAjb1Ak;The Big Five Personality Traits Explained;Management Blueprint;9;37;0.24;262;2026-04-03T14:30:00.000Z;145;0;oui
https://www.youtube.com/watch?v=BHtTKq0Sqx8;The untold reason your partner fears comitment;Alexis Friedlander - The Avoidant Therapist;1386;27800;0.05;958;2026-05-08T16:00:20.000Z;110;0;oui
https://www.youtube.com/watch?v=AInxr1u_zKU;Love Is Not Enough What Healthy Relationships Actually Require;Relationship Clarity Guide;18;317;0.06;577;2026-07-18T12:57:43.000Z;39;0;oui
https://www.youtube.com/watch?v=cSXfGANdxjE;The Real Reason You Keep Attracting the Wrong People (It's Not Bad Luck);The Mental Pulse;249;1240;0.2;814;2026-01-27T15:15:10.000Z;211;0;oui
https://www.youtube.com/watch?v=JwvdqHH2XO4;The Subtle Signs of Emotional Abuse;Jimmy on Relationships;276008;1480000;0.19;1673;2025-11-20T13:00:44.000Z;279;0;oui
https://www.youtube.com/watch?v=hk-K-EdRHW8;Why Men Stop Believing in Love;Dad Mode In Dark Mode;37491;65400;0.57;901;2025-08-26T17:39:14.000Z;365;0;oui
https://www.youtube.com/watch?v=t4xXZ0aL0ho;COMPATIBILITÉ AMOUREUSE : L’ASTROLOGIE DIT TOUT ?! - HOPE CAST 70;Hope drg;2740;36500;0.08;2524;2026-03-22T17:00:00.000Z;157;0;oui
https://www.youtube.com/watch?v=Rafgua5QVuo;16 Personalities and Their Ideal Valentine's Day;Personality IRL;133;724;0.18;568;2026-02-12T19:00:22.000Z;194;0;oui
https://www.youtube.com/watch?v=IxM8ACKijPw;Zee Magic: Trouver L'Amour | Février;Zee Magic;65394;914000;0.07;30;2026-02-23T06:00:14.000Z;184;0;oui
https://www.youtube.com/watch?v=mU8_Mnnvxd8;Voyance : pour elles, c'est allé trop loin - Ça commence aujourd'hui;Ça commence aujourd'hui - France Télévisions;20018;1860000;0.01;3480;2026-08-24T17:00:38.000Z;2;0;oui
https://www.youtube.com/watch?v=0UUzN5pnw_A;Pourquoi je reproduis les mêmes schémas familiaux après le suicide d'un parent - Alexandra;Sophie Navarro - Hypnose Régressive Esotérique ;511;3030;0.17;3971;2026-01-29T16:52:18.000Z;209;0;oui
https://www.youtube.com/watch?v=a_ZlNKDWRwE;How to Heal Attachment Wounds - Anxious or Avoidant Attachment Styles w/ Jessica Baum;Therapy in a Nutshell;106592;2560000;0.04;2902;2026-04-09T13:00:02.000Z;139;0;oui
https://www.youtube.com/watch?v=DEFtJ7zHTHI;What Is Stable Matching? (The Algorithm Behind Med School & Dating Apps);SysSketch;17;300;0.06;282;2026-07-18T19:00:38.000Z;39;0;oui
https://www.youtube.com/watch?v=4VAHA65aBhY;Shared Values In Relationships Why Are They Crucial?;Marriage Matching;25;75;0.33;372;2026-01-28T05:14:58.000Z;210;0;oui
https://www.youtube.com/watch?v=AHKXQpIk4ZQ;5 Traits High-Value Men Fall in Love With (Dating Psychology for Women);Carissa;1646;11800;0.14;587;2026-01-28T18:00:09.000Z;210;0;oui
https://www.youtube.com/watch?v=ReSyBdTFgt0;Dr. Orna Guralnik: Why Modern Couples Fight Over Small Differences.;Mindset Confidential;58;1690;0.03;1103;2026-07-28T13:00:07.000Z;29;0;oui
https://www.youtube.com/watch?v=qbe4e3Mf1cY&list=RDqbe4e3Mf1cY&start_radio=1;Sous la Pluie de Nos Silences – Chanson Urbaine Française;RueRomance;611;1940;0.31;344;2025-11-29T12:21:51.000Z;270;0;oui
https://www.youtube.com/watch?v=_lR0YYtHeKQ;Relationship Compatibility Test: Are You Actually Compatible? [Ep 133];Better Than Perfect;130;2700;0.05;2624;2026-06-12T16:10:30.000Z;75;0;oui
https://www.youtube.com/watch?v=9mg7uiHsRbg;Peut-on vraiment se fier au test MBTI ? avec Albert Moukheiber | ÇA DÉPEND #5;InPower Podcast;62630;284000;0.22;2115;2025-11-13T04:00:07.000Z;286;0;oui
https://www.youtube.com/watch?v=VFTHMSeTGic;Psychology of People Who Push Others Away When They’re Struggling;Koo Psychology;13520;107000;0.13;1151;2026-01-15T11:09:58.000Z;223;0;oui
https://www.youtube.com/watch?v=VGtfLt7yB7E;Why Modern Dating Is So Hard for Men;Anber, LCSW (Gentle Path Forward);20015;41600;0.48;861;2025-09-14T11:00:49.000Z;346;0;oui
https://www.youtube.com/watch?v=ij2TJf9G72Q&t=105s;Big Five Personality Test: Why It Predicts Your Success Better Than IQ;Armchair Diagnosis;5;12;0.42;776;2026-03-08T16:01:04.000Z;171;0;oui
https://www.youtube.com/watch?v=MZz0br43RKo;This is Why Modern Dating Is Failing | Scott Galloway;We Need To Talk;103049;706000;0.15;6900;2025-12-16T08:00:34.000Z;253;0;oui
https://www.youtube.com/watch?v=ntODpyjXr8g;She Ghosted You? Here’s the Psychology Behind It;Whiteroom Effect;132;3360;0.04;65;2026-06-29T16:00:03.000Z;58;0;oui
https://www.youtube.com/watch?v=Vm2RjbmZlq4;Faire des rencontres après 50 ans : couple, désir, liberté, maturité, attentes avec Serge Guérin;Métamorphose, éveille ta conscience;85858;521000;0.16;3463;2025-12-04T05:30:30.000Z;265;0;oui
https://www.youtube.com/watch?v=EHxUYRH43N8;Pourquoi le désir baisse après 6 mois (et comment y remédier);Psycho Séduction;35;409;0.09;212;2026-05-16T16:16:31.000Z;102;0;oui
https://www.youtube.com/watch?v=cfZzbS4KkPU;Test de compatibilité amoureuse numérologique : découvre si vos vibrations s'accordent vraiment;Voyants Médiums;26;170;0.15;388;2026-04-03T09:15:06.000Z;145;0;oui
https://www.youtube.com/watch?v=5JWva7ZJb8o;The Dismissive Avoidant's Kryptonite;Thais Gibson - Personal Development School;18803;526000;0.04;618;2026-05-04;114;0;oui
https://www.youtube.com/watch?v=z2MQnRRQN-A;SIDEMEN BEST FRIEND TEST;MoreSidemen;2990294;9760000;0.31;1138;2025-09-13T18:55:00.000Z;347;0;oui
https://www.youtube.com/watch?v=5L2WW0xVRiY;Why Most Relationships Fail After 3 Months! _ Hidden Truths About Early Breakups;ANJ Waggan;17;210;0.08;622;2026-06-09T19:00:34.000Z;78;0;oui
https://www.youtube.com/watch?v=xymIz3SwaZE;La Personnalité Rouge : Leader ou Tyran ?;G D T;20894;53100;0.39;540;2025-09-27T21:00:56.000Z;332;0;oui
https://www.youtube.com/watch?v=pyptrIJZH-k;Les signes d’une personne hautement sensible qui révèlent sa véritable nature | Boris Cyrulnik;Ombres Du Passé;1122;16500;0.07;1655;2026-04-04T18:00:43.000Z;144;0;oui
https://www.youtube.com/watch?v=Z4ImPHCXsrs;Use This Personality Hack to Sell More & Build Better Teams (Big 5 OCEAN);Humans Decoded;5;40;0.13;648;2026-06-21T17:49:31.000Z;66;0;oui
https://www.youtube.com/watch?v=DyF0N7qX06A;5 Green Flags Anxious Attachers Should Look For in Early Dating;Stephanie Rigg | On Attachment;6861;17500;0.39;898;2025-10-08T09:10:07.000Z;322;0;oui
https://www.youtube.com/watch?v=eN7aNDMe-hw;Should Anyone Build a Dating App in 2026?;ItsMadeByDani;3;17;0.18;188;2026-06-24T15:00:35.000Z;63;0;oui
https://www.youtube.com/watch?v=JM5JcEo9x9I;TINDER, BUMBLE, ETC. : LES APPLIS DE RENCONTRE ONT-ELLES TUÉ L'AMOUR ?;BLAST, Le souffle de l'info;249604;1690000;0.15;2761;2025-12-02T17:00:37.000Z;267;0;oui
https://www.youtube.com/watch?v=l_WWW5hgNnw;7 erreurs psychologiques : vous confondez désir et amour | Christophe André;Présence Consciente;307;3840;0.08;1676;2026-04-05T13:22:08.000Z;143;0;oui
https://www.youtube.com/watch?v=VRxQy2066Vo;If You’re Still Not Over Your Breakup After 1 Year, Watch This;Coach Paz Goldman | Breakup Recovery;1241;34600;0.04;1057;2026-05-29T11:00:06.000Z;89;0;oui
https://www.youtube.com/watch?v=3yCewck2GS4;comment mesurer la personnalité  - Tests de psychométrie et de personnalité;Psycho Pratique;63;139;0.45;596;2025-11-27;272;0;oui
https://www.youtube.com/watch?v=sVmqM8Pd8a4;10 FREE DATING APPS FOR 2026!;FORMAT BOY;7053;22000;0.32;554;2025-10-21T23:36:51.000Z;308;0;oui
https://www.youtube.com/watch?v=n_Tvg65PCd0;What Happens When you Neglect a People Pleaser? || Burnt Out Pursuer;Jimmy on Relationships;377210;1480000;0.25;1388;2025-10-08T12:01:35.000Z;322;0;oui
https://www.youtube.com/watch?v=6ceINIEOPHg;on dating apps and betraying yourself;karycature ;17;86;0.2;568;2026-03-18;161;0;oui
https://www.youtube.com/watch?v=SQd-gXrLGU8;OkCupid Dating Mobile App Review 2026 | Pros and Cons – Honest & Unbiased;Bytes Media;3214;38700;0.08;112;2026-02-28T18:30:46.000Z;179;0;oui
https://www.youtube.com/watch?v=S7ZVc0zsIik;Quand le partenaire anxieux finit par quitter l’évitant;Antoine Peytavin Coaching;91569;305000;0.3;696;2025-10-02T16:30:07.000Z;328;0;oui
https://www.youtube.com/watch?v=2aFobp6KF_w;Hypersensibilité, dépression, empathie... ce qui nourrit vraiment l’art avec Agnès Jaoui;Métamorphose, éveille ta conscience;27080;521000;0.05;3585;2026-03-19T05:30:01.000Z;160;0;oui
https://www.youtube.com/watch?v=wsaDeTQM8lw;Am I the Problem? When a Partner Calls You ‘Emotionally Unsupportive’ | Psychologist Explains;Dr. Maika Steinborn;11395;100000;0.11;715;2026-01-16T16:03:29.000Z;222;0;oui
https://www.youtube.com/watch?v=OozUmi55yf8;Why I Broke Up With a Good Person;Jillian Turecki;53040;119000;0.45;1813;2025-09-01T14:00:42.000Z;359;0;oui
https://www.youtube.com/watch?v=EhZX7BHmZi4;I Lost Myself in Every Relationship Until I Learned This..;Jay Shetty Podcast;442669;5950000;0.07;1390;2026-01-23T14:00:24.000Z;215;0;oui
https://www.youtube.com/watch?v=PMM84b_HrdI;The Psychology of People Who Stay Single;KnowSense;7299;157000;0.05;164;2026-04-10T15:00:00.000Z;138;0;oui
https://www.youtube.com/watch?v=v8ts9zd0aX0;Women Are Experiencing Dating Fatigue & We All KNOW WHY "Winter Is FINALLY Here";More To Life ;18254;68900;0.26;1795;2025-10-26T21:00:54.000Z;303;0;oui
https://www.youtube.com/watch?v=z2trtuNS_n4;How To Meet Single People In Real Life | Sabrina Zohar;Sabrina Zohar;9338;117000;0.08;794;2026-02-18T16:01:32.000Z;189;0;oui
https://www.youtube.com/watch?v=cC6PvngJ8eQ;CÉLIBATAIRE : POURQUOI CERTAINES RENCONTRE NE DEVIENNENT JAMAIS UNE RELATION ?;Sylvie BOYER LIMON coach en amour certifié;88;990;0.09;402;2026-04-11T17:24:47.000Z;137;0;oui
https://www.youtube.com/watch?v=AXlaOhm8vcI&list=RDAXlaOhm8vcI&start_radio=1;💔 Sans faire de bruit – Musique triste sur un amour qui s’éteint 🥀;FlubiMusic;77;1230;0.06;191;2026-05-15T06:15:43.000Z;103;0;oui
https://www.youtube.com/watch?v=pFJoLHJqkLg;Les politiques de l'attachement face aux politiques de la cruauté. Chowra Makaremi;Revue Esprit;638;4900;0.13;2691;2026-02-04T14:38:40.000Z;203;0;oui
https://www.youtube.com/watch?v=boIAW5Rl6Uo;The Compatibility Myth: What actually keeps couples together | Love in Practice feat. Arthur Brooks;Bumble;2935;112000;0.03;374;2026-06-09T15:27:25.000Z;78;0;oui
https://www.youtube.com/watch?v=k7zE3pq3vZ0;QUIZ COUPLE ❤️Connaissez-vous Vraiment Votre Partenaire ? (40 Questions);AlexD videos;378;11400;0.03;280;2026-06-13T16:00:27.000Z;74;0;non
https://www.youtube.com/watch?v=BphdHmBebdQ;5 Rotational Dating Mistakes | How to date Multiple Men;Shahrzad Parandeh;345;1760;0.2;1125;2026-01-07T14:15:05.000Z;231;0;oui
https://www.youtube.com/watch?v=wSmRYAKl5PQ;Introvert Me Vs Extrovert She 🥺🥰;SHAMIL EDITS;18;100;0.18;29;2026-03-17T19:03:30.000Z;162;0;oui
https://www.youtube.com/watch?v=tX2-mxChZGY;How to Detach from a Trauma Bond;Jimmy on Relationships;421256;1480000;0.28;1618;2025-09-24T12:01:48.000Z;336;0;oui
https://www.youtube.com/watch?v=aZ_T8hDo5gQ;What Your Walk Reveals: The Relationship of Gait and Big Five Traits;AyeshaWithY;10;40;0.25;446;2026-03-09T22:26:55.000Z;169;0;oui
https://www.youtube.com/watch?v=nJmwQ5DkdIQ;Digital love: How algorithms control you;Relationship Hacks;8;15;0.53;90;2026-01-09T00:55:19.000Z;229;0;oui
https://www.youtube.com/watch?v=cG_ilaeN39Q;The Psychology of People Who Ghost;GrowOn;45;300;0.15;275;2026-03-10T13:15:24.000Z;169;0;oui
https://www.youtube.com/watch?v=yPgUntJ66JM;De la relation amoureuse au mariage...  @Jeremy_Sourdril;Église Plénitude;60729;178000;0.34;3913;2025-09-18T10:20:15.000Z;342;0;oui
https://www.youtube.com/watch?v=ZoCy235jjDo;Le MBTI est-il fiable ? (Et comment le réparer);Pierrick YAH;538;6450;0.08;557;2026-03-16T19:47:26.000Z;163;0;oui
https://www.youtube.com/watch?v=CvDXsWOZD08;Boo Dating App Review 2025 | Pros and Cons – Honest & Unbiased;Bytes Media;14875;38700;0.38;175;2025-09-20T19:30:05.000Z;340;0;oui
https://www.youtube.com/watch?v=2QiWKGtqPE8;Every Personality Trait the Big Five Actually Measures Explained;Explaineur;427;28500;0.01;514;2026-08-17T10:00:20.000Z;9;0;oui
https://www.youtube.com/watch?v=kr12yDWzToI&t=1535s;The 4 C’s of Self-Trust That Change Everything About Your Love Life!;Jay Shetty Podcast;1112160;5950000;0.19;5303;2025-10-20T13:30:42.000Z;310;0;oui
https://www.youtube.com/watch?v=3FzfNYlr2ps;Comment transformer vos conflits de couple en moteur de croissance;Nouvelle Page Santé;799;49000;0.02;3883;2026-07-31T15:45:17.000Z;26;0;oui
https://www.youtube.com/watch?v=tLtMO--d9rw;The Big Five Personality Traits || English Vocabulary for Personality || Learn English (A2-B1);English Insights;3946;36100;0.11;1685;2026-01-22T05:53:06.000Z;216;0;oui
https://www.youtube.com/watch?v=u6B8JsuBAtU;Why I Quit Dating Apps In Portugal;The Portugeeza;2056;8650;0.24;547;2025-11-22T12:37:21.000Z;277;0;oui
https://www.youtube.com/watch?v=Ml_K4ZCdxI0&t=410s;Jim Sexton: Dating Apps Are Killing "Dating";James J Sexton;43044;136000;0.32;2130;2025-09-27T22:30:05.000Z;332;0;oui
https://www.youtube.com/watch?v=Y9jdFc2PYmw;The Paradox Of Choice Is Making Online Dating Harder;Silent Chemistry;11;306;0.04;371;2026-08-22T11:00:01.000Z;4;0;oui
https://www.youtube.com/watch?v=EIq7n5pIKNc;" MESSAGE A TOI QUI AIME UN ATTACHEMENT ANXIEUX"- l’Espace du Couple;L'Espace du Couple Florentine d'Aulnois Wang;16294;64100;0.25;716;2025-10-23T07:29:23.000Z;307;0;oui
https://www.youtube.com/watch?v=DXVQyu58Zdw;Arrête d'accepter le minimum en amour : le juste-assez ne suffit pas.;S'aimer + Chloé Merckaert ;1727;20600;0.08;1461;2026-02-22T17:00:24.000Z;185;0;oui
https://www.youtube.com/watch?v=VpClyiCTrmA;Session2 of 6 OCEAN Personality Model;Anubhuti Sharaf ;4;6;0.67;1405;2026-01-19T17:23:11.000Z;219;0;oui
https://www.youtube.com/watch?v=GpXV88_Q5Xw;Pourquoi un homme te ghoste après 3 rendez-vous parfaits ?;Psycho Séduction;20;409;0.05;812;2026-07-02T18:13:27.000Z;55;0;oui
https://www.youtube.com/watch?v=G0FiOxMu1B0;Avis Facebook Rencontre : que vaut ce site 100% gratuit ?;E4 Dating (conseils en rencontres sur Internet);110;6040;0.02;1033;2026-08-19T16:39:41.000Z;7;0;oui
https://www.youtube.com/watch?v=ev1mzJ439l4;Why men get so few matches on dating apps (dating coach explains);High Integrity Skills;7893;82500;0.1;1464;2026-01-25T16:00:53.000Z;213;0;oui
https://www.youtube.com/watch?v=XCUR8Io72Uo;Pourquoi un homme amoureux change ses habitudes (la science);Psycho Séduction;26;409;0.06;413;2026-05-31T16:21:40.000Z;87;0;oui
https://www.youtube.com/watch?v=1nnzPqqPFr0;Pourquoi Mariés au premier regard Échoue-t-il Autant ? La Vérité en Chiffres | TRF Chronique | Ep 85;Themen Radar Français;45;285;0.16;361;2026-02-23T19:34:24.000Z;184;0;oui
https://www.youtube.com/watch?v=_jVvzDAC0i4;How To Actually Hack The Hinge Algorithm;Austin Dunham Dating;14804;552000;0.03;697;2026-05-10T19:03:59.000Z;108;0;oui
https://www.youtube.com/watch?v=hk2EhYVh6aQ;How the Hinge Algorithm ACTUALLY Works (and how to beat it);Benjamin Seda;41330;1480000;0.03;811;2026-04-27T18:22:02.000Z;121;0;oui
https://www.youtube.com/watch?v=mybtRTbKm8Y;Why Do People Ghost? The Truth Most Don’t Realize!;MNL;14;82;0.17;284;2026-03-22T15:49:36.000Z;157;0;oui
https://www.youtube.com/watch?v=RL3xMfVB858;The Paradox of Choice Debugging Modern Dating;Wired Human;6;33;0.18;380;2026-04-18T18:30:36.000Z;130;0;oui
https://www.youtube.com/watch?v=uBktEukEC4A;5 Irresistible Traits That Make Younger Women Attracted to Older Men | Dating Psychology for Men;Be Masculine;469;822;0.57;691;2025-09-16T10:42:01.000Z;344;0;oui
https://www.youtube.com/watch?v=hcThO2JFkH8;LES TESTS PSYCHO SONT DES ARNAQUES ?!;L’As de la Psycho;7;27;0.26;289;2026-03-08T19:11:33.000Z;171;0;oui
https://www.youtube.com/watch?v=-Qp_nCrLbl8;Best Free Dating Apps In 2026;Chinwenwa Voice;935;5520;0.17;1361;2025-12-24T11:00:06.000Z;245;0;oui
https://www.youtube.com/watch?v=r9OTCdP7d3Q;on continue avec Date a live Ren Dystopia (kurumi route fin, kotori route);DarkDragon-XIII-;2;18;0.11;10540;2026-08-24T22:10:28.000Z;1;0;oui
https://www.youtube.com/watch?v=RrI9EpzUowo;Understanding Your Personality: The OCEAN Model Explained;From the shadows counseling ;23;248;0.09;700;2026-04-28T17:00:38.000Z;120;0;oui
https://www.youtube.com/watch?v=3hQP_T_37e0;taking the world's most accurate personality test with a stranger;Exist;9;207;0.04;877;2026-08-05T06:34:00.000Z;21;0;oui
https://www.youtube.com/watch?v=Bk0Nxnxc8To;What Is Compatibility? Do We REALLY Know What It Means?;Mpho Makgamathe;23;915;0.03;1611;2026-08-22T09:17:55.000Z;4;0;oui
https://www.youtube.com/watch?v=_8AjuhTEHG0;Dating, Solved: Why Finding the “Right Person” Feels So Hard Now;Mark Manson;184034;3120000;0.06;16152;2026-02-04T15:01:07.000Z;203;0;oui
https://www.youtube.com/watch?v=aS_8V1mer7c;MY DATING APP ADDICTION IS RUINING  MY LIFE￼;Mister creamy;104;782;0.13;488;2026-02-18T23:00:03.000Z;188;0;oui
https://www.youtube.com/watch?v=DWFMV9u0sF8&t=635s;The Big 5 in Romantic Relationships | With William Lorey;Redemptive Psych;437;1470;0.3;3342;2025-11-11T05:13:05.000Z;288;0;oui
https://www.youtube.com/watch?v=gD7HQOsdBCk;How Well Do Gullu & Kaira Really Know Each Other | MTV Splitsvilla X6;Fully Faltoo;199897;5550000;0.04;162;2026-03-17T12:15:15.000Z;162;0;oui
https://www.youtube.com/watch?v=2OgxeHfUcrM;Comment faire fuir les personnes toxiques sans un mot — Machiavel;Oasis Invisible;10721;61300;0.17;2867;2025-11-20T08:00:06.000Z;279;0;oui
https://www.youtube.com/watch?v=4RbB52KhvU8;The Only Thing You Say To Her After a Break up (90 Day Rule);Jessica Os;88680;1720000;0.05;566;2026-02-21T16:00:05.000Z;186;0;oui
https://www.youtube.com/watch?v=Ic7JehQ8k_A;Why Your Personality Type Is A Lie The Barnum Effect;CurioExplains;5;19;0.26;181;2026-03-21T19:00:13.000Z;158;0;oui
https://www.youtube.com/watch?v=Xp0ZWAHdJuM;What Does Your MBTI Type Say About Your Love Life?;Personality Quiz Break;27;950;0.03;500;2026-08-02T22:30:05.000Z;23;0;oui
https://www.youtube.com/watch?v=bMY0BN5yPxs;Pourquoi les relations jeunes durent moins longtemps aujourd’hui ?;MUNTU Official;6018;23300;0.26;4529;2025-10-20T17:30:18.000Z;310;0;oui
https://www.youtube.com/watch?v=QpXEW-URMuw;Why Most Relationships Fail After 3 Months! | Hidden Truths About Early Breakups;Department Of Psychology;91;1260;0.07;633;2026-04-12T02:09:15.000Z;136;0;oui
https://www.youtube.com/watch?v=qc-4axHeChQ;#221 - Comment (enfin) trouver le grand amour ? (Et comprends pourquoi tu échoues);Coaching - Sylvain Viens;217;658;0.33;972;2025-11-11T05:53:38.000Z;288;0;oui
https://www.youtube.com/watch?v=oypxZ-f6e7s;Anxious Attachment: How to Stop Assuming the Worst in Your Relationship | Psychologist Explains;Dr. Maika Steinborn;30093;100000;0.3;747;2025-09-19T15:01:40.000Z;341;0;oui
https://www.youtube.com/watch?v=EPFb2kpgGbE&t=824s;49 Psychology Cheat Codes for Dating & Relationships (To Fall Asleep To);Ben Archive;178;443;0.4;8351;2025-10-27T02:00:11.000Z;303;0;oui
https://www.youtube.com/watch?v=q4oX4I2H6SY;The Hidden Science of Why Opposites Attract in Love;Toxic Relationship Facts;4;3;1.33;446;2025-11-06T18:49:02.000Z;293;0;oui
https://www.youtube.com/watch?v=z5C1iZabbQ0;These 6 Dating Red Flags Will Ruin Your Relationship;Humor The Heart;33;247;0.13;632;2026-03-09T22:01:09.000Z;169;0;oui
https://www.youtube.com/watch?v=tLWm5RX8nRc;How The Hinge Algorithm ACTUALLY Works (and how to beat it);Austin Dunham Dating;131701;552000;0.24;878;2025-09-28T20:00:04.000Z;332;0;oui
https://www.youtube.com/watch?v=LsBVyDVde9Y;Highly Sensitive Persons (HSPs) and Love;HSP Guide;11;18;0.61;304;2025-11-28T15:32:44.000Z;271;0;oui
https://www.youtube.com/watch?v=c8PHQ-ie6mQ;Match Dating App Review 2026 | Pros and Cons – Honest & Unbiased;Bytes Media;2517;38700;0.07;113;2026-03-02T01:30:36.000Z;177;0;oui
https://www.youtube.com/watch?v=cCoaug12x8Y;Why Your Notes Don't Last.;Bullet Journal;117959;481000;0.25;621;2025-09-26T12:01:24.000Z;334;0;oui
https://www.youtube.com/watch?v=9qWQiASL5eU;Giving Back To The Homeless PT. 2;Mister Laylow;1345;6630;0.2;565;2025-11-24T10:48:41.000Z;275;0;oui
https://www.youtube.com/watch?v=q7SNC9fIF8c;Dating Expert: Why Dating Today Is Nearly Impossible & How to Find True Love;Mel Robbins;280561;6080000;0.05;3507;2026-02-16T10:01:16.000Z;191;0;oui
https://www.youtube.com/watch?v=w5ib-BsQHAE;WHY Opposites Attract (It's NOT Chemistry!);Unforced Living;3;5;0.6;634;2026-02-04T15:01:47.000Z;203;0;oui
https://www.youtube.com/watch?v=QQI0FK_J3Z8;The Science To Finding Mr. or Ms. Right | Dr. Ryeal Simms;Dr. Ryeal Simms;2;10;0.2;945;2026-06-26T02:53:22.000Z;61;0;oui
https://www.youtube.com/watch?v=66qX2uMDa04;INFJ Females Love With Their Intuition—Here's What That Means;Interesting Psychology;22342;62400;0.36;1358;2025-09-04T08:46:16.000Z;356;0;oui
https://www.youtube.com/watch?v=pvEJ820tGbs;How Does Your Love Story Begin? | Personality Quiz Test |✨Fun Test ✨| Aesthetics;Happy Tests;1635;15000;0.11;576;2026-01-16;222;0;non
https://www.youtube.com/watch?v=lTsuIpst0Fc;How to find love in the age of Tinder & Swipe Dating Apps?;DatingAndRelationshipsOnline;4;5;0.8;48;2025-12-18T18:31:59.000Z;251;0;oui
https://www.youtube.com/watch?v=oNIPvUcB8oM;L'Amour ne se trouve pas, il se construit (La science des relations durables);Josh J.E.;326;3010;0.11;504;2026-02-06T16:30:32.000Z;201;0;oui
https://www.youtube.com/watch?v=5Mh5z7GH2ao;❤  TOP 5 Best Dating Apps for Indians in the USA (NRIs & Indian Singles);All Rankings by Gabi;396;3460;0.11;221;2026-01-27T14:47:48.000Z;211;0;oui
https://www.youtube.com/watch?v=iRKggySJV6s;The Psychology of Why You Always Attract Wrong People in Your Life;Midnight Oracle;7451;58300;0.13;1178;2025-12-14T00:42:50.000Z;255;0;oui
https://www.youtube.com/watch?v=hzUAp2fAgI4;A Therapist Told Me Why Commitment Scares People (It's Not Fear);Visit Oasis;204;2000;0.1;3750;2026-02-18T18:00:06.000Z;189;0;oui
https://www.youtube.com/watch?v=9Ne6uakYKcs;The On & Off Relationship Cycle for Disorganized Attachment (Fearful Avoidant);Thais Gibson - Personal Development School;6521;526000;0.01;664;2026-07-12T15:00:33.000Z;45;0;oui
https://www.youtube.com/watch?v=Zl9Uq6dvLhc;Jordan Peterson on the Pros and Cons of Agreeableness!;BEST QUOTED;332;874;0.38;266;2025-10-15T18:48:16.000Z;315;0;oui
https://www.youtube.com/watch?v=mRleeJBnmL4;The Truth About Ending Up ALONE As You Age - The Positives & Negatives To Know;The UnRetired - with RJ;1294;68500;0.02;938;2026-06-23T11:30:08.000Z;64;0;oui
https://www.youtube.com/watch?v=_yzJt2KL-lo;Why You’re Struggling to Find Love (and how to change it);Jay Shetty Podcast;750311;5950000;0.13;2354;2025-11-05T14:01:07.000Z;294;0;oui
https://www.youtube.com/watch?v=1RUCQEXUsK4;ENQUÊTE : Pourquoi vos SMARTPHONES ne durent pas - Tout Compte Fait;Tout Compte Fait;7919;292000;0.03;2488;2026-04-28T16:00:01.000Z;120;0;oui
https://www.youtube.com/watch?v=6ts-s919kgw;🇰🇷 Top 5 Best Dating Apps in Korea in 2026 | Seoul Dating Apps & Real Connections;All Rankings by Gabi;386;3460;0.11;237;2026-01-27T11:39:33.000Z;211;0;oui
https://www.youtube.com/watch?v=G2XkFyBmzOA;Can Opposites Attract? Exploring Compatibility, Chemistry, and Compromise;Relationship Mojo;2;1;2;127;2025-11-23T14:01:02.000Z;276;0;oui
https://www.youtube.com/watch?v=SWGsrtEE1kI;The Smarter Alternative to Dating Apps;Donna Barnes;190;8460;0.02;2598;2026-07-04T15:00:26.000Z;53;0;oui
https://www.youtube.com/watch?v=QSmfxEFYwsc;All Men NEED To See This – Women Are Quitting Dating Apps in Tears;BunnymonTV;10064;191000;0.05;1381;2026-02-24T16:30:00.000Z;183;0;oui
https://www.youtube.com/watch?v=kpxZayDwcPM;Empathy vs. Overwhelm: Somatic Tools for the Highly Sensitive Person;Therapy, Applied with Heidi Lester;94;1100;0.09;674;2026-03-16T18:00:57.000Z;163;0;oui
https://www.youtube.com/watch?v=BoVyaMwzaxk;Men Need Emotional Safety Too — But Women Often Get This Wrong;2nd Act TV;788;80000;0.01;1061;2026-08-25T13:00:01.000Z;1;0;oui
https://www.youtube.com/watch?v=FJNethxc22A;If you still think about your ex every day and can’t move on, please watch this...;Jay Shetty Podcast;655084;5950000;0.11;1625;2025-11-14T14:00:22.000Z;285;0;oui
https://www.youtube.com/watch?v=x5BhzibWXAg;This Is Why Their Relationships Never Last;Love Detective newaries;32;1030;0.03;2146;2026-07-06T20:00:00.000Z;51;0;oui
https://www.youtube.com/watch?v=_cVcNP2SAQ8;Quand ton ATTIRANCE n’est pas de l’AMOUR;Déborah • Espresso & Éveil;287;3010;0.1;178;2026-02-12T18:07:00.000Z;195;0;oui
https://www.youtube.com/watch?v=7H1R0mOzQkA;Pure Dating App Review 2026 | App Overview, Features, What to Know;Calderon Bridger;284;2900;0.1;251;2026-02-11T18:07:00.000Z;196;0;oui
https://www.youtube.com/watch?v=RBS9uIaO_ms;5 Best Places to Meet Women Without Dating Apps;Dan Bacon;126560;486000;0.26;1166;2025-09-09T00:40:23.000Z;351;0;oui
https://www.youtube.com/watch?v=x-7UFN_xYa0;I'm literally begging you to delete your dating apps.;YesReneau;3910;178000;0.02;373;2026-05-20T15:02:00.000Z;98;0;oui
https://www.youtube.com/watch?v=QpGqt7Bc4GE;Faire des rencontres amoureuses en 2026 : qu'est-ce qui change ?;Le Coin Séduction d'Alice Bergelac;16589;193000;0.09;868;2026-01-01T17:00:43.000Z;237;0;oui
https://www.youtube.com/watch?v=r2_BLW8ikao;7 Stoic Signs of Relationship Incompatibility;Modern Stoic Life;24;198;0.12;1556;2026-03-10T17:22:43.000Z;169;0;oui
https://www.youtube.com/watch?v=pb_rlelJSco;10 profils de femmes incompatibles avec un couple stable;DARIUS - Richesse de Soi;37;49;0.76;382;2025-09-17T19:01:01.000Z;343;0;oui
https://www.youtube.com/watch?v=3JIthUkBwms;CHRISTOPHE ANDRÉ : GUÉRIS LA BLESSURE D’ABANDON AVEC COMPASSION, PAS AVEC LE CONTRÔLE;Comprendre Ses Émotions;368;7080;0.05;2008;2026-04-02T11:24:49.000Z;146;0;oui
https://www.youtube.com/watch?v=FDDA2ClI9Yo;Delete Dating Apps. Do This Instead;KRISH44;246;2160;0.11;312;2026-01-27T11:44:24.000Z;211;0;oui
https://www.youtube.com/watch?v=IOjzPo8Mo3I;SilverSingles Dating Site Reviews - (2026 UNBIASED!);Guide Zone;87;3740;0.02;84;2026-07-07T17:04:37.000Z;50;0;oui
https://www.youtube.com/watch?v=5wxxd88-oI8;Why You Keep Choosing Emotionally Unavailable Partners;Jillian Turecki;8992;119000;0.08;3594;2026-01-19T15:00:09.000Z;219;0;oui
https://www.youtube.com/watch?v=MY6U21HDuF8;Situationships Explained — Why Nobody Commits Anymore (The Real Psychology);Pull Psychology;51;504;0.1;426;2026-03-07T19:23:54.000Z;172;0;oui
https://www.youtube.com/watch?v=0XZFgbPRhvM;The big five personality traits test | the big five personality test | the big five test;Astrida Mascarenhas;1514;25500;0.06;82;2026-02-25T04:10:31.000Z;182;0;oui
https://www.youtube.com/watch?v=JyA0LDhGbqQ;‘I never believed she fell overboard’: Amy Bradley’s boyfriend breaks silence about disappearance;East Idaho News;82421;614000;0.13;4097;2025-11-05T20:37:51.000Z;293;0;oui
https://www.youtube.com/watch?v=kw87dyWyJXw;Radinerie, chirurgie, sacrifices : leurs couples mis à l’épreuve;La Vie;141787;1710000;0.08;4994;2025-12-14T14:15:07.000Z;255;0;oui
https://www.youtube.com/watch?v=8cDXPlxt9Xg;Dating Apps After 50: What Nobody Talks About;Alexis Hartz • Life Reimagined After 50;403;1160;0.35;725;2025-10-08T03:23:15.000Z;322;0;oui
https://www.youtube.com/watch?v=PeDiRnVUIk4;No Fighting. No Drama. Just a Marriage That’s Over.;MindSnap;18;96;0.19;353;2026-02-06;201;0;oui
https://www.youtube.com/watch?v=7mWdNwik3T8;Highly Sensitive Persons (HSPs) in Romantic Relationships;HSP Guide;10;18;0.56;263;2025-11-21T17:17:11.000Z;278;0;oui
https://www.youtube.com/watch?v=JOXPeB5lzSs;Dating Psychologist: This Is Why Social Media Ruins Relationships...;Freedom Pact | Joseph & Lewis;6921;76700;0.09;290;2026-01-02T16:00:29.000Z;236;0;oui
https://www.youtube.com/watch?v=z41_S_MekjE;The Psychology of Ghosting: Why People Disappear Suddenly;PhD. Stickman;573;13500;0.04;659;2026-04-07T19:01:03.000Z;141;0;oui
https://www.youtube.com/watch?v=E5fRQzRScRw;7 Crystal Clear Signs of an Incompatible Relationship |JEFFERSON FISHER   MOTIVATION SPEECH;MindShift Motivation;33;46;0.72;1399;2025-09-16T19:03:55.000Z;344;0;oui
https://www.youtube.com/watch?v=sGpjBKF-GrA;Kaido's Break Up - The Dating Coach FULL SEASON;Sofi Manassyan;953635;11100000;0.09;1074;2025-11-23T03:00:07.000Z;276;0;oui
https://www.youtube.com/watch?v=wMSmn8ozxM8;Why Every Couple Needs The Prenup Conversation (Even If You Never Sign One);Adam Lane Smith;3536;278000;0.01;1029;2026-07-01T23:38:43.000Z;55;0;oui
https://www.youtube.com/watch?v=5XI37k3QkTY;Sites de rencontre après 40 ans : le témoignage exclusif de Vanessa;My coaching seduction;17289;88000;0.2;3901;2025-10-10T18:08:50.000Z;320;0;oui
https://www.youtube.com/watch?v=2mtdwGDFk4I&list=RD2mtdwGDFk4I&start_radio=1;We Just Stopped | No Reason Ending | Silent Breakup Song | Lyrics;SoniTune;711;18300;0.04;171;2026-04-11;137;0;oui
https://www.youtube.com/watch?v=I7UcN-tAljE&t=265s;Dr Gordon Neufeld: Your Child NEEDS to Cry | The Science of Attachment, Futility & Emotional Healing;MindArchitect;29360;226000;0.13;6277;2025-11-12T16:00:07.000Z;287;0;oui
https://www.youtube.com/watch?v=XsMdJTqoIXM;The Hidden Dimension That Makes Relationships Last | Eckhart Tolle;Eckhart Tolle;48911;2290000;0.02;657;2026-04-20T11:01:01.000Z;128;0;oui
https://www.youtube.com/watch?v=IwpvPKaJt-Q;Here's WHY Dating Apps Are NOT for MEN;MindTheVibe;72;1550;0.05;252;2026-04-28T08:45:01.000Z;120;0;oui
https://www.youtube.com/watch?v=AX-PgU6ERMM;Big Five : Le Test de Personnalité Qui va changer votre carrière en 2026 🧭;Groupe Evolut'In;20;48;0.42;458;2025-11-13T10:22:59.000Z;286;0;oui
https://www.youtube.com/watch?v=7MvVrOdw04U;Dating Women doesn't work nowadays;terryjoeljunior;8992;141000;0.06;1388;2026-01-23T18:16:27.000Z;215;0;oui
https://www.youtube.com/watch?v=Xfx6TxxRmmo;7 erreurs psychologiques : vous confondez désir et amour | Christophe André;La Voz De Christophe ;17;185;0.09;1434;2026-04-06T13:00:00.000Z;142;0;oui
https://www.youtube.com/watch?v=TIxJdy2jVp4;SI VOUS AVEZ ÇA A DEUX… VOTRE COUPLE PEUT DURER;Mas & Bel;181;1060;0.17;567;2025-12-14T15:01:34.000Z;255;0;oui
https://www.youtube.com/watch?v=7GnXylOMNBI;I Got CATFISHED By AI On Tinder 💀;Tech Runner By Saloni Jain ;2947;103000;0.03;20;2026-04-15T15:30:05.000Z;133;0;oui
https://www.youtube.com/watch?v=xO2NGz0xkh4;Are Different Financial Values Relationship Dealbreakers? Snack for Thought on Love & Money (S5E17);Providend;483;20500;0.02;1791;2026-05-28T12:00:06.000Z;90;0;oui
https://www.youtube.com/watch?v=7ytIeX5qxyc;Enneagram 1: Goodness, Inner Critic & Anxious Attachment Patterns with Anna Palmer;Transforming Us ;13;52;0.25;3220;2026-01-14T10:00:11.000Z;224;0;oui
https://www.youtube.com/watch?v=yLLUGKKpLGQ;The worst thing men do after she breaks up with you;Jessica Os;164502;1720000;0.1;682;2025-11-22T16:07:37.000Z;277;0;oui
https://www.youtube.com/watch?v=HZApLaw9ea8;Is Myers-Briggs Pseudoscience?;Matt Sherman - Geek Psychology;597;63000;0.01;774;2026-08-15T17:45:30.000Z;11;0;oui
https://www.youtube.com/watch?v=ngTudaspo5I;Why 'Insufficient Complementarity' is Better Than Compatibility;The Optimistic Absurdist;30;225;0.13;1666;2026-02-13T16:28:59.000Z;194;0;oui
https://www.youtube.com/watch?v=bzYx2J6VBwU;A High Value Way of Dealing with Ghosting;Matthew Hussey;141032;3420000;0.04;835;2026-02-08T11:00:00.000Z;199;0;oui
https://www.youtube.com/watch?v=KMyzAj4jDak;Why Men Hate Dating Apps and Think It’s a Waste of Time;Hec Speaks;17051;152000;0.11;1499;2025-11-26T15:30:21.000Z;273;0;oui
https://www.youtube.com/watch?v=7E8tMyf3hYw;“Ghosting Isn’t Confusion — It’s Control | Dark Psychology Explained”;Mindveil;48;126;0.38;75;2025-10-29T19:00:11.000Z;301;0;oui
https://www.youtube.com/watch?v=fvec2xAzkbA;Quiz couple Test de compatibilité Êtes-Vous Faits l’Un pour l’Autre ?;AlexD videos;1607;11400;0.14;262;2025-11-28T19:00:47.000Z;271;0;oui
https://www.youtube.com/watch?v=3zPq_4VHrp0;Aimer mais fuir : pourquoi je n’arrive pas à rester en couple ?;Véronique Kohn;17169;82200;0.21;5271;2025-09-28T17:00:07.000Z;332;0;oui
https://www.youtube.com/watch?v=CAJtLfxu2Y4;Les signes d’une personne hautement sensible qui révèlent sa véritable nature | Christophe André;Présence & Sérénité;266;6020;0.04;1634;2026-04-04T18:00:07.000Z;144;0;oui
https://www.youtube.com/watch?v=skkBI-rQzGo;Past Life Karma , Soul Connections & Relationship Failure Explained | Spiritual Truth Exposed;Taminder Walia Official;26;758;0.03;501;2026-06-16;71;0;oui
https://www.youtube.com/watch?v=rix96cBOwMg;Why Agreeable People Are More Successful | 5 Signs of a Toxic Personality;Insani Nafsiyat;65;4410;0.01;274;2026-08-09T14:44:04.000Z;17;0;oui
https://www.youtube.com/watch?v=JTAPSfnuotw;Dating apps don’t work for women 35 and over. Here’s why;Konscious Kirk Hazell;1673;72100;0.02;253;2026-05-08T22:32:23.000Z;109;0;oui
https://www.youtube.com/watch?v=6dikJ3YyQ5M;Hinge Dating App Review 2025 | Pros and Cons – Honest & Unbiased;Bytes Media;9214;38700;0.24;182;2025-09-20T23:30:06.000Z;339;0;oui
https://www.youtube.com/watch?v=U1zzRD1k_r0;Why People Ghost You (It’s Not What You Think);Psychology Spotlight;441;4980;0.09;400;2026-01-26T05:44:13.000Z;212;0;oui
https://www.youtube.com/watch?v=1vCd7vB1ZFk;Why Good Relationships Still Fall Apart | Debra Fileta;Focus on the Family;4599;761000;0.01;2661;2026-08-25T14:58:46.000Z;1;0;oui
https://www.youtube.com/watch?v=e9xNFy-J_vU;Why Are Relationships So Difficult For Intuitive Introverts (INFJ);MBTI INSIDER;1360;3700;0.37;1139;2025-08-31T00:30:24.000Z;360;0;oui
https://www.youtube.com/watch?v=aBE3fxXaw0s;7 erreurs psychologiques : vous confondez désir et amour | Christophe André;Hindustan timess-d3i;126;2760;0.05;1676;2026-04-10T18:58:25.000Z;138;0;oui
https://www.youtube.com/watch?v=Ma2uGapUpyg&t=13s;We Took 6 Compatibility Tests… The Final Result BROKE Us 😭;Sophia & Noelle;102136;1230000;0.08;1117;2025-11-29T18:00:31.000Z;270;0;oui
https://www.youtube.com/watch?v=mUvTSx6esTU;192. Rencontrer l’amour dans la vraie vie : astuces pour célibataires fatigués des applis;Sandy Kaufmann S'ouvrir à l'Amour®;398;4040;0.1;1209;2026-01-13T06:01:02.000Z;225;0;oui
https://www.youtube.com/watch?v=yikxbUGc2Lg;Les capacités spirituelles des empathes et comment les utiliser correctement – Carl Jung;Temple de la Psyché;2095;34100;0.06;1617;2026-02-02T17:01:27.000Z;205;0;oui
https://www.youtube.com/watch?v=VxyUIsoR1EY;Anxious Avoidant Couples Need to Watch This!;Jimmy on Relationships;280738;1480000;0.19;1861;2025-09-11T12:01:02.000Z;349;0;oui
https://www.youtube.com/watch?v=Cd7xyVPZlQw;Kevin Samuels EXPLAINS Why Young Women's Relationships Keep Failing?;Relationship Insights for Men;858;7240;0.12;857;2025-12-18T11:00:16.000Z;251;0;oui
https://www.youtube.com/watch?v=q3kbXwKOstk;Why People With ADHD Struggle With Relationships;HealthyGamerGG;538682;3440000;0.16;1126;2025-09-22T22:00:55.000Z;337;0;oui
https://www.youtube.com/watch?v=XGDe3V5Njls;Big 5 Personality Traits Explained (OCEAN);Learn with Preet;13;242;0.05;361;2026-05-24T06:49:09.000Z;94;0;oui
https://www.youtube.com/watch?v=GZBObUs-MJY;The One Communication Habit That Predicts Relationship Success Dr. Yacob Tekie, Psychologist;DrYacobTekie;373;4500;0.08;175;2026-01-30T22:30:06.000Z;207;0;oui
https://www.youtube.com/watch?v=IX_tFFFRRtM;The ONLY Dating Advice Women WISH You Knew;For Purpose Driven Men;2341;338000;0.01;1283;2026-08-18;8;0;oui
https://www.youtube.com/watch?v=VN3JUm0aW-I;Ghosting Explained: The Hidden Mind Games Behind It;Ghosted Psyche;1350;5280;0.26;212;2025-10-02T15:15:07.000Z;328;0;oui
https://www.youtube.com/watch?v=M4TxzlgfMtI&list=RDM4TxzlgfMtI&start_radio=1;ON S’EST AIMÉS AU MAUVAIS MOMENT 💔 | Chanson Française Émouvante;Uncommon Heartbeats;36;2760;0.01;258;2026-08-25T17:00:33.000Z;1;0;oui
https://www.youtube.com/watch?v=W86gBmN504Y;Casser la routine : 3 astuces pour sauver ton couple;Charles Lovecoach;677;3710;0.18;863;2025-11-04T17:29:06.000Z;295;0;oui
https://www.youtube.com/watch?v=vV6HreIV6nw;Introvert vs Extrovert: 24 years of Marriage and Still Trying to Compromise;The Bullock Experience ;47;107;0.44;858;2025-10-06T22:01:11.000Z;323;0;oui
https://www.youtube.com/watch?v=Rf8z2HqWR3Y;A day in a life of an introvert couple!;Life of Cub and Dada;20;70;0.29;308;2025-12-07;262;0;oui
https://www.youtube.com/watch?v=ThQ5M70GDN0;Pourquoi les algorithmes ont détruit les rencontres humaines | Manifeste Mad2Moi;Mad2Moi;77;635;0.12;80;2026-01-19T02:23:51.000Z;219;0;oui
https://www.youtube.com/watch?v=qXE7VL0lwhA;The ONLY Healing Tool You Need To Break Your Unhealthy Relationship Patterns;Amy Kerr - Love By Design;7378;42300;0.17;1136;2025-10-13T15:01:26.000Z;317;0;oui
https://www.youtube.com/watch?v=nJgRcaxEnkc;Top 5 signs that show your ex is actually hurting, during "no contact";Jessica Os;316461;1720000;0.18;606;2025-09-06T15:56:14.000Z;354;0;oui
https://www.youtube.com/watch?v=f4OxIkeCZ1g;Why We Repeat the Same Patterns in Relationships - Simply Explained;Mindseed Garden;3;11;0.27;220;2026-03-10T02:50:45.000Z;169;0;oui
https://www.youtube.com/watch?v=GfGZM5ahY54;Tinder Dating Mobile App Review 2026 | Pros and Cons – Honest & Unbiased;Bytes Media;1738;38700;0.04;108;2026-02-28T19:30:07.000Z;179;0;oui
https://www.youtube.com/watch?v=j4sMCtcMdpY;Why Women Are QUITTING Dating Apps (The Harsh Truth);Chew The Fat With Smoove Podcast;138;12500;0.01;1061;2026-08-10T23:13:28.000Z;15;0;oui
https://www.youtube.com/watch?v=jfjXJjVmJYA;The divide between Men & Women - Society's in serious trouble;terryjoeljunior;8163;141000;0.06;1126;2026-01-22T03:45:43.000Z;216;0;oui
https://www.youtube.com/watch?v=_siK3MMYo-M;Tired of being single/ singlehood experience  #lovejourney #meetsingles #single #dating;Verily Nation;57;1370;0.04;601;2026-05-03T17:29:01.000Z;115;0;oui
https://www.youtube.com/watch?v=rM0ue_XFNsg;Choosing Love Over Potential In The Age Of Infinite Options Ft. Payton - Ep.179;Unattainable;163;2570;0.06;4034;2026-03-02T03:00:06.000Z;177;0;oui
https://www.youtube.com/watch?v=5WN3y1bOTGw;The Big Five Personality Traits vs Jungian Types;Psyche Unveiled;92;1310;0.07;689;2026-02-27T17:15:01.000Z;180;0;oui
https://www.youtube.com/watch?v=kexjC7FA7pE;SINGLE HAPPY AND CELEBATE: Relationship advice goals & tips;MISS FAYE'S WORLD;1559;161000;0.01;1101;2026-07-11T19:22:05.000Z;45;0;oui
https://www.youtube.com/watch?v=Ai50Tbc1fm0;j’ai découvert pourquoi je sabotais mes relations;Marion Bertorello;458;27900;0.02;2514;2026-06-14T07:45:22.000Z;73;0;oui
https://www.youtube.com/watch?v=Pf__9vPEPIU;,,No Reason behind the Break up, Lil Wayne Reacts As the Toya Johnson Still.;Hip hop News Tv;525;5100;0.1;84;2025-12-26T17:00:45.000Z;243;0;oui
https://www.youtube.com/watch?v=X5Ua483FpIo;A Therapist Explains the "Big Five" Personalities of Yamcha vs. Tien;KJMProductions;2837;52300;0.05;564;2026-02-01T19:00:29.000Z;206;0;oui
https://www.youtube.com/watch?v=-D0XpM_W7uU;Tu n’es pas obligée d’aller sur les applications de rencontre;Fanny Huleux;431;19700;0.02;407;2026-05-20T16:00:10.000Z;98;0;oui
https://www.youtube.com/watch?v=RT-3YC4deEw;Why Your Relationships Keep Failing (God Is Trying to Show You This);Grace Talks;80;758;0.11;776;2026-01-28T10:01:39.000Z;210;0;oui
https://www.youtube.com/watch?v=l0BR6GTZg7I;The Psychology of Mate Selection and Compatibility;PSYCH LOGY;17;41;0.41;644;2025-11-03T19:00:57.000Z;296;0;oui
https://www.youtube.com/watch?v=j2B_V_wwEbk;Why Modern Love is Broken: Plato, Jung & The Paradox of Choice Explained;Ethoregion;16;66;0.24;716;2025-12-24T18:00:51.000Z;245;0;oui
https://www.youtube.com/watch?v=-tMXK0XBhuM;Bumble’s reset: AI, dating fatigue and the end of swiping;Axios;1940;114000;0.02;562;2026-05-18T18:23:25.000Z;100;0;oui
https://www.youtube.com/watch?v=TgJbUZRVKiM;RUMI EST TIMIDE POUR TROUVER L'AMOUR ODA VA L'AIDER - BROOOKHAVEN RP ROBLOX;Proder;139107;993000;0.14;804;2025-09-30T15:15:06.000Z;330;0;oui
https://www.youtube.com/watch?v=BfnPEm1Csls;Compatibilité sexuelle : peut-on y travailler ?;Véronique Kohn;4581;82200;0.06;1398;2026-01-18T17:00:17.000Z;220;0;oui
https://www.youtube.com/watch?v=djSMrC_mInQ;Pourquoi les couples se séparent ?Quand l’amour ne suffit pas.;Elodie Crepel;287;7600;0.04;1960;2026-03-30T04:00:34.000Z;149;0;oui
https://www.youtube.com/watch?v=hV7SRpfdMrM&t=1015s;Does Personality Predict Relationship Compatibility? | Ep 642 | PersonalityHacker.com;Joel & Antonia — Personality Hacker;946;55700;0.02;2188;2026-05-24T23:30:06.000Z;93;0;oui
https://www.youtube.com/watch?v=ovKLJ8tzBZ8;Hypersensibles/sensibles - conscientiser émotivité, émotions et intuition;Vincent Vinckier;26;117;0.22;791;2025-12-11T15:01:57.000Z;258;0;oui
https://www.youtube.com/watch?v=UVeTflRSeA0;Si une femme te pose ces 3 QUESTIONS, elle est folle amoureuse de toi | Psychologie de l'attraction;Fliqoo Love;1071;19100;0.06;608;2026-02-03T15:00:00.000Z;204;0;oui
https://www.youtube.com/watch?v=0pSxsT5JbGQ;Practical Steps to Stop Feeling Jealous in Love and Learn to Trust | Psychologist Explains;Dr. Maika Steinborn;17558;100000;0.18;831;2025-09-26T15:00:02.000Z;334;0;oui
https://www.youtube.com/watch?v=tl2QcD-ifTQ;6 Signs Of An Incompatible Relationship;Relearning Relationships;208;9240;0.02;1622;2026-05-20T13:00:06.000Z;98;0;oui
https://www.youtube.com/watch?v=3N2CeXjHT0Y;“The Science of Lasting Love: Why Some Relationships Thrive and Others Fail”;Rise from Zero 2 Hero;22;38;0.58;558;2025-09-21T01:15:41.000Z;339;0;oui
https://www.youtube.com/watch?v=WQfmNcH9dXU;The Scary Accuracy of the ‘Dark Core’ Personality Test (Take It Now);MindDepth;22;88;0.25;209;2025-12-05T07:57:39.000Z;264;0;oui
https://www.youtube.com/watch?v=QWBrlXDqIws;Stop Making This Mistake With Highly Sensitive People;Chris Blundell;1754;23300;0.08;898;2026-01-02T19:42:27.000Z;236;0;oui
https://www.youtube.com/watch?v=52wNZ9_u1lw;Tired of Being Single | FULL EPISODE | Dr. Phil;Dr. Phil;50084;6480000;0.01;2208;2026-06-25;62;0;oui
https://www.youtube.com/watch?v=TG7O6D-56xU;Find Love OFFLINE in 2026!;Matthew Hussey;112127;3420000;0.03;750;2026-02-01T10:00:00.000Z;206;0;oui
https://www.youtube.com/watch?v=wHNwC16gT9s;Pourquoi les gens au bon cœur ne gagnent jamais – Psychologie Humaine;Josh Citations;3664;93200;0.04;315;2026-02-19T15:11:37.000Z;188;0;oui
https://www.youtube.com/watch?v=StxGAH89fjs;12 Scientific Reasons Why the INFJs Brain Stands Apart;Brainy Touch ;4223;24200;0.17;1176;2025-10-04T13:01:02.000Z;326;0;oui
https://www.youtube.com/watch?v=kVWTkAnfgi0;Marriage worth less than a stamp to the Government: Dr Michael Schluter / Dr Tony Rucinski interview;CoalitionForMarriage;595;17000;0.04;2448;2026-03-21T06:30:31.000Z;158;0;oui
https://www.youtube.com/watch?v=Ppw4ug4fe1w;🧠 Empaths Explained in 5 Minutes | 5 Signs of a True Empath | Emotional Intelligence Inspired by;Goleman Thoughts ;146;9980;0.01;724;2026-07-02T13:52:34.000Z;55;0;oui
https://www.youtube.com/watch?v=iBNv-pe5uAQ;Delete Your Dating Apps Until You Watch This (2026 Reset);WingMan Plus;2896;48800;0.06;701;2026-01-13T19:00:48.000Z;225;0;oui
https://www.youtube.com/watch?v=9d3G30Aryo4;Psychology of People Who Push Others Away When They Need Love;The Tiny Sage;6189;44800;0.14;182;2025-10-23T19:24:48.000Z;307;0;oui
https://www.youtube.com/watch?v=nA6zwsoNnOA;5 Signs Of An Incompatible Relationship & 3 Signs You’ve Found “The One;Your Russian Big Sister;347;12200;0.03;631;2026-04-17T16:00:06.000Z;131;0;oui
https://www.youtube.com/watch?v=_TlXFzm0lzY;Why You Keep Attracting Unavailable Partners;Stephanie Rigg | On Attachment;1698;17500;0.1;1525;2025-12-09T13:01:35.000Z;260;0;oui
https://www.youtube.com/watch?v=-JP4QhaGfyU;Why Dating Feels So Broken Right Now;Einzelgänger;146642;2390000;0.06;1333;2025-12-06T15:00:00.000Z;263;0;oui
https://www.youtube.com/watch?v=1CpUMYtnMVU;The Hinge Algorithm Sucks.. Until You DO THIS;Austin Dunham Dating;31795;552000;0.06;624;2025-12-21T22:11:23.000Z;247;0;oui
https://www.youtube.com/watch?v=XmJiUAIqQco;DOWN Dating Mobile App Review 2026 | Pros and Cons – Honest & Unbiased;Bytes Media;1720;38700;0.04;128;2026-02-13T01:00:43.000Z;194;0;oui
https://www.youtube.com/watch?v=Z_8DtGsqafs;The Psychology Of People Who Ghost Everyone;Mindful Rage;1304;14100;0.09;619;2025-12-15T16:00:53.000Z;254;0;oui
https://www.youtube.com/watch?v=7zihNTHxJss;Andrew Tate EXPOSED the Dating Divide Hurting Men and Women;morals;774;12200;0.06;614;2026-01-25T01:00:09.000Z;213;0;oui
https://www.youtube.com/watch?v=0LQUt1c_4Zg;Episode 16: Hookup Culture;Just Ask Mrs. Hurlbut;30;58;0.52;1438;2025-09-15T16:01:21.000Z;345;0;oui
https://www.youtube.com/watch?v=Lbs1RBW3_go;Pourquoi tant d’hommes hésitent à s’engager avec une mère célibataire (analyse honnête) ?;Le cerveau des relations;111;1870;0.06;443;2026-02-24T17:00:37.000Z;183;0;oui
https://www.youtube.com/watch?v=py6I30zsAZQ;Ce que ton ex a vraiment compris sur toi — que tu n'as jamais su _ Christophe André; Dream Hustle;223;6530;0.03;3129;2026-04-05T16:00:07.000Z;143;0;oui
https://www.youtube.com/watch?v=9EZgktAfA6c;3 Signs You’re in a Relationship With the Wrong Woman | Female Psychology;Alpha Insights;181;1860;0.1;1473;2026-01-04;234;0;oui
https://www.youtube.com/watch?v=IxH-vjMfv4c;L'ATTACHEMENT ANXIEUX;Franck Diot Psychothérapeute;3722;28700;0.13;904;2025-10-24T18:53:31.000Z;306;0;oui
https://www.youtube.com/watch?v=IaTZ1h3jOMg;Největší mýty lidstva: Pravda, která vás šokuje!;Mateo Amazed;23;1080;0.02;655;2026-07-05T16:29:21.000Z;52;0;oui
https://www.youtube.com/watch?v=GP3LWOh4Oy0;How to get over heartbreak FAST;Thewizardliz;1318280;8620000;0.15;1042;2025-08-27T16:01:13.000Z;364;0;oui
https://www.youtube.com/watch?v=Oc_0bvBh1tg;Love Is Not Enough/2026 Nollywood movie;Deftouch Movies;110;13200;0.01;575;2026-08-19T14:00:06.000Z;7;0;oui
https://www.youtube.com/watch?v=Kw9GJmnV5co;Psychologist Unmasks Dangerous Personalities- 11 Signs You're in a Relationship With One! -Dr Curry;Lisa Bilyeu;281318;1650000;0.17;4851;2025-08-27T13:00:29.000Z;364;0;oui
https://www.youtube.com/watch?v=o2iaKyZCW4g;The Burnout Machine: Why Dating Apps Are Designed to Keep You Single;Mind of Power;71;474;0.15;1953;2025-12-10T10:55:57.000Z;259;0;oui
https://www.youtube.com/watch?v=W34fu9-xdmw;Give Me 25 Minutes and You Will Know if it’s Time to LEAVE Your Relationship...;Jay Shetty Podcast;851849;5950000;0.14;1423;2025-08-29T14:00:56.000Z;362;0;oui
https://www.youtube.com/watch?v=TsF7cdyCwZ4;Pourquoi tu attires toujours les mêmes partenaires ? (et comment en sortir);Psycho Séduction;16;409;0.04;709;2026-05-16T19:13:20.000Z;102;0;oui
https://www.youtube.com/watch?v=6SmkzTp6BFY;AFC : pourquoi les couples se séparent-ils ?;KTO Radio;15;570;0.03;244;2026-06-22T05:37:37.000Z;65;0;oui
https://www.youtube.com/watch?v=6mvX5s0j1Zk;Attirance ou potentiel long terme ? Le test en 3 étapes;Psycho Séduction;16;409;0.04;291;2026-05-16T16:17:35.000Z;102;0;oui
https://www.youtube.com/watch?v=mIA1ifJtex8;The League Dating App Review - Heres What To Know!;Guide Zone;57;3740;0.02;96;2026-07-07T17:04:37.000Z;50;0;oui
https://www.youtube.com/watch?v=5Q3X2_DsPH4;INTERVIEW MAXIME BAUL PAR SOPHIE CLERGUE, HYPERSENSIBILITÉ, EMPATHIE;Sophie Clergue - Amescience;199;3270;0.06;2532;2026-02-08T09:04:24.000Z;199;0;oui
https://www.youtube.com/watch?v=1JFN9qu_BZo;Why Am I the Common Denominator in All My Relationships—and How Do I Finally Find Happiness?;She Elevates with Liz;16;135;0.12;4127;2026-02-04T01:47:44.000Z;203;0;oui
https://www.youtube.com/watch?v=p-jD-lWNJPE;Criticism isn’t about cruelty… it’s about longing!;Adaptable | Behavior Explained;2626;135000;0.02;116;2026-04-11T16:01:15.000Z;137;0;oui
https://www.youtube.com/watch?v=dMFhqbfnIfQ;#1 Psychiatrist Dr. K: The #1 Reason You Keep Attracting the Wrong Men!;Jay Shetty Podcast;619561;5950000;0.1;7315;2025-09-22T14:01:07.000Z;338;0;oui
https://www.youtube.com/watch?v=JRXXfTwQs4I;L’amour aujourd’hui : comment ça marche ? | Twist | ARTE;ARTE;54474;5020000;0.01;1822;2026-05-03T18:00:27.000Z;115;0;oui
https://www.youtube.com/watch?v=KPZhpn3gfng;Les Gens Sans Amis Possèdent Ces 5 Traits de Personnalité;Thomas l'Ingénieur;3726;78200;0.05;595;2026-01-16T05:00:20.000Z;222;0;oui
https://www.youtube.com/watch?v=VerLSSYJ4m8;Blood Type Compatibility – Surprising Relationship Dynamics;Secrets of Slim, Glow & Beauty;194;561;0.35;415;2025-08-27T10:00:49.000Z;364;0;oui
https://www.youtube.com/watch?v=uDLYJt9OOL0;Pourquoi les évitants vont sur les sites de rencontres (même en étant en couple) ?;Claire Stride ;5131;47100;0.11;1024;2025-10-30T18:00:06.000Z;300;0;oui
https://www.youtube.com/watch?v=FUgf4mbzY1Y;Hily Dating App Review 2025 | Pros and Cons – Honest & Unbiased;SimplifyMentor;698;5380;0.13;94;2025-11-06T15:30:16.000Z;293;0;oui
https://www.youtube.com/watch?v=TylXiiQDpKM;Faites cela avec une personne empathique et elle disparaîtra de votre vie – Carl Jung;Temple de la Psyché;1535;34100;0.05;1726;2026-01-28T17:01:00.000Z;210;0;oui
https://www.youtube.com/watch?v=YLx7m59wWSQ;Tu peux arrêter les applis de rencontre !!;L'homme expliqué - Yann Piette;6225;294000;0.02;541;2026-03-20T17:15:06.000Z;159;0;oui
https://www.youtube.com/watch?v=8PvuG4ZALC0;Fearful Avoidant | The Childhood Pain That Nobody Talks About (HOW TO HEAL!);Thais Gibson - Personal Development School;30640;526000;0.06;2039;2025-12-06T16:00:06.000Z;263;0;oui
https://www.youtube.com/watch?v=itYxQAzDUOo;Why Dating Apps Are Getting Dangerously Good at Matching;Cupid Compass;5;9;0.56;383;2025-11-02T04:01:00.000Z;297;0;oui
https://www.youtube.com/watch?v=eYILLCN-K9Y;The Bird Theory, Predicting Divorce and Turning Toward | Dr. John Gottman;The Gottman Institute;15628;245000;0.06;400;2025-12-01T01:24:33.000Z;268;0;oui
https://www.youtube.com/watch?v=vvqOCAtlfJU;pH-1 on Why Dating Apps & Flirting in DMs Don’t Work | GET REAL S5 EP9;DIVE Studios / 다이브 스튜디오;126074;1720000;0.07;3257;2025-10-30T01:01:16.000Z;300;0;oui
https://www.youtube.com/watch?v=pVgPLixrMF4;Pourquoi j'attire TOUJOURS le même type de partenaire (et pourquoi changer de décor ne change rien);Message de ton ame;15;1000;0.01;422;2026-07-27T08:27:00.000Z;30;0;oui
https://www.youtube.com/watch?v=uNJrTq9le9E;Stop Looking For Your Other Half (The Psychology Of Attachment & Traits);Knowle;26;1120;0.02;739;2026-06-07T04:35:32.000Z;80;0;oui
https://www.youtube.com/watch?v=loJXkRafoas;Le Tinder de l’Intelligence Artificielle | Morningbull : le réveil marchés;Swissquote (en français);9492;106000;0.09;815;2025-11-04T08:46:53.000Z;295;0;oui
https://www.youtube.com/watch?v=f8d1J4m-0hk;The Most Important Character Trait To Having A Successful Relationship (201);The Conscious Couples Podcast;24;148;0.16;1980;2025-12-15T16:00:56.000Z;254;0;oui
https://www.youtube.com/watch?v=rjk601WteJA;Why You Keep Attracting the Wrong People;Beyond The Mind With Ani;1042;4900;0.21;1309;2025-09-11T19:58:51.000Z;349;0;oui
https://www.youtube.com/watch?v=nYYRIpohDpI;4 Crucial Steps to Know If That Person Is Right for You;Matthew Hussey;67042;3420000;0.02;718;2026-03-01;178;0;oui
https://www.youtube.com/watch?v=-6fZ3fksNdo;Episode 1  The Reality of Modern Relationships;heartful connect;4;99;0.04;93;2026-06-28T05:00:05.000Z;59;0;oui
https://www.youtube.com/watch?v=CLVveLdgQtA;Why Your Dating Apps Suddenly Stopped Working (And How to Fix It);Playing With Fire;10079;241000;0.04;472;2026-01-04T17:54:07.000Z;234;0;oui
https://www.youtube.com/watch?v=f3GJiM0jh7Y;♐ SAGITTAIRE — Compatibilité Amoureuse & Astrologique;horoscope zodiacal;62;9490;0.01;856;2026-08-24T17:10:51.000Z;2;0;oui
https://www.youtube.com/watch?v=a1FKcl2p4a0;Attirance toxique : pourquoi tu répètes les mêmes schémas en amour ?;La Femme Magnétique;35;590;0.06;330;2026-02-21T13:30:00.000Z;186;0;oui
https://www.youtube.com/watch?v=4DwKNWGwHNU;Test de personnalité dans le sport pour mieux se connaître (inspiré et adapté de Com Colors);Extra-Passe;53;1030;0.05;345;2026-03-02T11:43:49.000Z;177;0;non
https://www.youtube.com/watch?v=NQ559NDRyzU;02. Psychologue et chrétien: compatible?;ToutPourSaGloire.com;1977;69200;0.03;1422;2026-02-21T05:30:11.000Z;186;0;oui
https://www.youtube.com/watch?v=Ijb6FZ0sIPo;QUI DE NOUS DEUX ❤️ Le Test de Couple Qui Dit TOUT !;AlexD videos;238;11400;0.02;176;2026-04-17T16:00:36.000Z;131;0;oui
https://www.youtube.com/watch?v=gwq-xj_BJ2A;The #1 Mistake Every Busy Couple Makes Without Realizing It (Relationship Psychology);Doctor NewYork;80;1310;0.06;260;2026-01-30T18:31:21.000Z;208;0;oui
https://www.youtube.com/watch?v=myHb_nzKFgk;How to Find Someone You Met Once Even If You Don’t Know Their Name | Best Way to Find Someone;Curiosity Insight;510;11800;0.04;230;2026-01-29T14:01:25.000Z;209;0;oui
https://www.youtube.com/watch?v=l2mJ1P_qmoo;Psychology of People Who Push Others Away When They Need Love;The Tiny Sage;578;44800;0.01;231;2026-05-19T10:55:37.000Z;99;0;oui
https://www.youtube.com/watch?v=M2fSyNOrhdE;Why You Keep Choosing Emotionally Unavailable Partners;Kristin Davin, Psy.D.;44;3130;0.01;271;2026-06-29T22:41:22.000Z;57;0;oui
https://www.youtube.com/watch?v=qAdbesXj2iQ;Hily Dating App Review 2025 | Pros and Cons – Honest & Unbiased;Bytes Media;5250;38700;0.14;161;2025-09-20T23:00:52.000Z;339;0;oui
https://www.youtube.com/watch?v=r015V83qaLE;Relationship Facts: What 25 Years of Marriage Research Actually Shows;Tend Task;28;107;0.26;491;2025-10-22T23:01:03.000Z;307;0;oui
https://www.youtube.com/watch?v=AWI3rofh0BA;How Tinder Captures More Value With Tiered Pricing and Consumables — Ravi Mehta;Sub Club by RevenueCat;544;6140;0.09;3912;2025-11-26T14:00:17.000Z;273;0;oui
https://www.youtube.com/watch?v=xb3narPh_OY;NEW! Is Luxy Legit? Honest Dating App Review & Experience;Mafia Reviews;789;5430;0.15;142;2025-10-07T18:05:31.000Z;323;0;oui
https://www.youtube.com/watch?v=fMfRVW4h9LI;Weekend Update: The Couple You Can't Believe Are Together on Cuffing Season - SNL;Saturday Night Live;1131654;17200000;0.07;172;2025-10-12T05:30:22.000Z;318;0;oui
https://www.youtube.com/watch?v=XA7LrgmS62s;INFJ Love Guide | Relationships EXPLAINED;James OnType;370;12400;0.03;1381;2026-03-07T20:00:33.000Z;171;0;oui
https://www.youtube.com/watch?v=ecBvCQWj1GY;How Does Looks Compatibility Work In Dating?;Tony Gaskins;27618;562000;0.05;3676;2025-12-02T00:00:06.000Z;267;0;oui
https://www.youtube.com/watch?v=HWUPD2j-Yyc;Are you his type?🌹 Fling Vs Long Term Compatibility Synastry;Britney Taylor;2702;17800;0.15;236;2025-09-10T17:49:35.000Z;350;0;oui
https://www.youtube.com/watch?v=Gfj3ANnfzmw;L’amour vient quand vous arrêtez de le chercher;Julien Kim;16625;251000;0.07;955;2025-11-09T16:00:31.000Z;290;0;oui
https://www.youtube.com/watch?v=9f3skQWQjdc;【Reborn in the 1970s: My Hunting Ground】Full episode丨【ENG DUB】English subtitles;StardustTV;965;256000;0;7050;2026-08-25T22:00:28.000Z;0;0;oui
https://www.youtube.com/watch?v=YB_1ccd9G3E;Personne ne connaît langue des signes—femme de ménage sauve l'accord du PDG avec riche sourd-muet!;Miaou-Drama;2324;712000;0;7937;2026-08-25T13:00:22.000Z;1;0;oui
https://www.youtube.com/watch?v=XSeUcIHldiE;Faut-il se débarrasser de l'empathie ? | Les idées larges | ARTE;ARTE;369663;5020000;0.07;1536;2025-10-08T15:30:20.000Z;322;0;oui
https://www.youtube.com/watch?v=ieEncdmdTJ8&t=302s;Science of Attraction, Compatibility & Romance | Dr. Paul Eastwick | Huberman Lab;Podcast Summaries;147;14400;0.01;773;2026-06-26T16:00:38.000Z;61;0;oui
https://www.youtube.com/watch?v=TQJyEQUrx3g;SilverSingles Dating App Review 2026 | Pros and Cons – Honest & Unbiased;Bytes Media;1102;38700;0.03;154;2026-02-18T21:00:27.000Z;188;0;oui
https://www.youtube.com/watch?v=O7Df-ymZP5Y;Difference Between Empathy & Emotional Overload;Sensitive but Unstoppable;2;2;1;119;2025-10-29T14:33:12.000Z;301;0;oui
https://www.youtube.com/watch?v=JTireyUjOrM;The Truth About Situationships || what is a situationship || psychology of situationship;motivation talks ;78;1570;0.05;478;2026-02-16T19:25:48.000Z;191;0;oui
https://www.youtube.com/watch?v=IKO9ADslRs4;The Only Way to Date Successfully;The School of Life;461784;9770000;0.05;410;2025-11-12T14:00:22.000Z;287;0;oui
https://www.youtube.com/watch?v=G_-RoZvWYrs;Comment réparer Facebook Dating qui n'apparaît pas – Pas à pas (2026);Wikitheo;1008;110000;0.01;113;2026-05-30T15:48:28.000Z;88;0;oui
https://www.youtube.com/watch?v=f20cCRpeyrE;ENFJ CRUSHES: DISCOVERING 3 TYPES OF CRUSHES THEY EXPERIENCE;Tams PsychAdvice;157;4430;0.04;529;2026-02-20;187;0;oui
https://www.youtube.com/watch?v=lCVAT8Wckes;Pourquoi tu fais fuir les hommes "protecteurs" (sans le vouloir);Biiyouu Talk ;222;5640;0.04;1999;2026-02-10T11:54:12.000Z;197;0;oui
https://www.youtube.com/watch?v=r5ow6WviGbw;Ce qu’il manque à vos relations pour vraiment fonctionner;EV Grandiose – by Esther Valentin;508;61400;0.01;315;2026-06-17T06:00:13.000Z;70;0;oui
https://www.youtube.com/watch?v=cx2sO2bhYEQ;The Adrenaline Trap: Why you Keep Overthinking, Overgiving, & are Operating on Fumes w/ Dr. Bonnano;ProjectME TV with Tiffany Carter;111;7680;0.01;3629;2026-05-21T09:00:44.000Z;97;0;oui
https://www.youtube.com/watch?v=IROqbx4IAKg;Why Study Personality & Exercise? What are the Big 5?;Ask Joe DiMatteo;195;3470;0.06;448;2026-01-09;229;0;oui
https://www.youtube.com/watch?v=MteVdirxr60;Les personnes qui n’ont pas d’amis partagent ces cinq traits de personnalité | Carl Jung;Voyage Singulier;3319;36700;0.09;1333;2025-10-18T15:00:43.000Z;312;0;oui
https://www.youtube.com/watch?v=0qd10Dp_o04;Dating App Fatigue? 3 Mindset Shifts to Stop the Burnout (2026 Advice);Ruby Love;153;6240;0.02;1233;2026-03-31T13:30:01.000Z;148;0;oui
https://www.youtube.com/watch?v=vePw3Fl7nQs;Les 4 Meilleures Alternatives à Omegle en 2026 | Meilleures Applications pour Rencontrer en 2026;Decisione informata;309;2180;0.14;429;2025-10-09T17:22:28.000Z;321;0;oui
https://www.youtube.com/watch?v=_-uSwi7hyoU;Stop Dating App Fatigue: 3 Steps to Prevent Burnout in 2026;Ruby Love;142;6240;0.02;1101;2026-04-01T14:01:23.000Z;147;0;oui
https://www.youtube.com/watch?v=JIrQXSAWeUE&t=46s;The Push-Pull Cycle: Why Anxious and Avoidant Partners Can't Leave Each Other;Dr. Tracey Marks;125906;2410000;0.05;694;2025-11-05T13:45:04.000Z;294;0;oui
https://www.youtube.com/watch?v=9Pfm1YPTYhE;How Subtle Criticism Breaks Connection: Subatomic;Aubrie Sellers;174;4350;0.04;1669;2026-02-11T10:00:13.000Z;196;0;oui
https://www.youtube.com/watch?v=6VI6ol76RGI;5 Signs Of An Incompatible Relationship & 3 Signs You’ve Found “The One";Attract Girls With Your Russian Big Sister;192;10400;0.02;690;2026-04-19T04:00:06.000Z;129;0;oui
https://www.youtube.com/watch?v=_Nm3e1QWCSk;If You Shut Down During Conflict, Watch This;Jimmy on Relationships;130786;1480000;0.09;1325;2025-09-16T12:01:12.000Z;344;0;oui
https://www.youtube.com/watch?v=qa6Sa_zoNsA;How Do I Know If We Are Truly Compatible Or We Are Just Enjoying Being Together?;Edwin Biayeibo;107;11800;0.01;446;2026-07-03T10:33:16.000Z;54;0;oui
https://www.youtube.com/watch?v=HyMK_2oMIpA;Why Deleting Dating Apps Feels So Good;O'SSÉIN;103;10000;0.01;324;2026-06-25T14:00:04.000Z;62;0;oui
https://www.youtube.com/watch?v=qcJJ9ncVPMo;I HATE Tinder, Hinge & Bumble.. Dating apps have failed us;Kory Johnson;491;2600;0.19;1948;2025-09-10T23:30:29.000Z;349;0;oui
https://www.youtube.com/watch?v=fUOKgGVq0NM;Comment Calculer la Numérologie de Votre Couple ?;David Numérologie;2283;19300;0.12;565;2025-09-16T12:01:27.000Z;344;0;oui
https://www.youtube.com/watch?v=gTU0SktQf8E;Personality Tests Fully Decoded: Big Five vs MBTI - How They Work and Which is Best?;Nena Lavonne, Psy.M.;856;52200;0.02;589;2026-03-24T18:17:35.000Z;155;0;oui
https://www.youtube.com/watch?v=t1mxjpZbwWU;16 Personalities Describe What's Attractive to Them;Frank James;131870;1370000;0.1;206;2025-08-29T19:13:02.000Z;362;0;oui
https://www.youtube.com/watch?v=2dc7aiO5E5U;Incompatibility signs, Ryan Clark vs espn, the jealous best friend and more | Big Zo podcast ep110;BigZo ;143;25900;0.01;5302;2026-07-30T12:00:08.000Z;27;0;oui
https://www.youtube.com/watch?v=H7xCFq5YpC4;He Called Me His “Work Wife” Like a Sister, So I Left for Europe — Then He Cried at My Farewell;Lazy Sheep Drama;22;1420;0.02;2670;2026-06-15T06:56:21.000Z;72;0;oui
https://www.youtube.com/watch?v=b8loIUkuhI8;Comment reconnaître la mauvaise femme pour ton foyer ? 3 signes essentiels !;Cherif Anjorin ;21;252;0.08;102;2026-01-09T16:01:06.000Z;229;0;oui
https://www.youtube.com/watch?v=TN3xJ5XwU6Y;J’ai Raté 10 Premiers Rendez Vous… Voici Ce Que J’ai Compris;L'esprit Libre;21;373;0.06;202;2026-02-12T01:22:20.000Z;195;0;oui
https://www.youtube.com/watch?v=aJY3m6Ap68M;94% Accurate: Will Your Relationship Last?;Pastor Corey;116;5000;0.02;637;2026-03-28T20:00:00.000Z;150;0;oui
https://www.youtube.com/watch?v=NbQpZqhZAKM;L évolution de ta relation;Du Ciel À La Terre Eveil Des Ames;1356;34100;0.04;290;2025-12-29T09:30:14.000Z;240;0;oui
https://www.youtube.com/watch?v=0JAJa4-kSD4;Célibataires en Suisse : entre applis et agences, la quête de l'amour (diffusion 22.06.2021) | RTS;RTS - Radio Télévision Suisse;89633;1020000;0.09;3069;2025-09-15T15:00:01.000Z;345;0;oui
https://www.youtube.com/watch?v=aMRL1eBERso;Comment RENCONTRER quelqu'un SANS APPLICATION ! (Rencontrer des femmes);Maickel Cody;318;27100;0.01;121;2026-05-13T13:20:02.000Z;105;0;oui
https://www.youtube.com/watch?v=9UQzMed6BG0;FAMILY - REPEATING PATTERNS;@a.cup.of.healing with Rumi;2;64;0.03;709;2026-08-26T04:00:05.000Z;0;0;oui
https://www.youtube.com/watch?v=JViyD5dKM8k;The Only Relationship Rule That Matters;The School of Life;562593;9770000;0.06;344;2025-10-08T13:00:40.000Z;322;0;oui
https://www.youtube.com/watch?v=Ku1bg5_uOBc;Do Anxious Attachment Styles Use Sex As A Strategy for Approval?;Thais Gibson - Personal Development School;23694;526000;0.05;547;2025-11-22T16:00:26.000Z;277;0;oui
https://www.youtube.com/watch?v=_2gaC33wrrU;Why Some Couples Grow Closer While Others Drift Apart;Jenn Pinkerton;29;4150;0.01;1252;2026-08-13T17:00:08.000Z;13;0;oui
https://www.youtube.com/watch?v=RA0cy8QYowM;How to Get 3–5x More Matches in 7 Days (Without Changing Your Looks);Austin Dunham Dating;18274;552000;0.03;507;2025-12-24T17:00:24.000Z;245;0;oui
https://www.youtube.com/watch?v=DqDhQ_EIphU;Dating Over 50? How Dating App Algorithms REALLY Work — 5 Hidden Truths You Need to Know!;2nd Act TV;5510;80000;0.07;1078;2025-10-30T13:00:24.000Z;300;0;oui
https://www.youtube.com/watch?v=ZCKwyldlYL0;Conscientiousness Explained | Big Five Personality Traits Psychology;Quizlet;1887;32400;0.06;233;2025-11-24T13:32:32.000Z;275;0;oui
https://www.youtube.com/watch?v=MyGTm5XfMho;YOUR PERSONALITY TYPE DOESN'T EXIST IN THEIR DATABASE;Grim Growth;55;4350;0.01;1405;2026-06-05T18:00:30.000Z;82;0;oui
https://www.youtube.com/watch?v=x3OA9Q6u9EU;How to Get Things Done, Stay Focused, and Be More Productive;Mel Robbins;528701;6080000;0.09;4215;2025-09-04;356;0;oui
https://www.youtube.com/watch?v=oa_9Dqf9Wb4;523: Are You an Empath or Highly Sensitive Person? Here's the Difference;Michelle Chalfant;315;75100;0;1616;2026-08-13T04:12:36.000Z;13;0;oui
https://www.youtube.com/watch?v=OBLmY6N4sO8;The Truth About Ghost Hunting That No One Is Telling You;OmarGoshTV;313172;4470000;0.07;816;2025-09-23T05:16:08.000Z;337;0;oui
https://www.youtube.com/watch?v=hNEpfvhLCKE;You'll finally admit the emotional damage from hookups after watching this;REMAIN STOIC;27;2170;0.01;102;2026-06-22T17:00:02.000Z;65;0;oui
https://www.youtube.com/watch?v=DxTd6Y7nn1E;The Only Dating App You Should Be Using in 2026;Matthew Hussey;170070;3420000;0.05;620;2025-10-19T11:00:32.000Z;311;0;oui
https://www.youtube.com/watch?v=faj2EXFvzq8;The Psychology of Incompatible Relationship;Mythic Psyche;2386;27600;0.09;1859;2025-10-02T11:37:35.000Z;328;0;oui
https://www.youtube.com/watch?v=bT8IY55rgMo;POURQUOI CELA NE MARCHE PAS ENTRE NOUS ? - Tirage de Tarot à choix;Jour Du Tarot;1971;26700;0.07;921;2025-10-21T03:45:03.000Z;309;0;oui
https://www.youtube.com/watch?v=dxryEOX-dKk;QUIZ COUPLE ❤️ Test de Compatibilité : Êtes-vous Vraiment Faits l’un pour l’Autre ?;AlexD videos;248;11400;0.02;130;2026-03-13T17:01:05.000Z;166;0;oui
https://www.youtube.com/watch?v=FVeOBuPXzeQ;Marriage Prediction: The 5:1 Rule That Decides If Love Will Last |  Marriage.com;Marriage•com;227;20200;0.01;63;2026-05-12T15:30:13.000Z;106;0;oui
https://www.youtube.com/watch?v=GMZZhDAK-L0;Big Five Personality Traits (OCEAN);Ade Lissa Diary;95;5400;0.02;403;2026-04-15T13:00:06.000Z;133;0;oui
https://www.youtube.com/watch?v=RaaoHxKYPEw;Blessure d’abandon & dépendance affective : pourquoi vous attirez toujours les mêmes relations ?;Marilyne Crozier  Constellation Éveil;10;33;0.3;226;2025-10-01T16:00:59.000Z;329;0;oui
https://www.youtube.com/watch?v=0MJXNltDpEc;Les Meilleures Applications de Rencontres en 2026 | Apps pour Rencontrer du Monde;Decisione informata;357;2180;0.16;489;2025-09-07T08:30:17.000Z;353;0;oui
https://www.youtube.com/watch?v=3B0ZzFmTe7U;Où rencontrer la bonne personne en 2025 ?;Smile;34;297;0.11;230;2025-11-19T09:12:00.000Z;280;0;oui
https://www.youtube.com/watch?v=P92eeY_7iOA;Why We Keep Repeating the Same Patterns in Love (Astrology & Shadow Work);Dr. Jazz Nejat;1713;16200;0.11;1689;2025-09-25;335;0;oui
https://www.youtube.com/watch?v=cIqG00MOoAo;Why Couples Slowly Drift Apart;Bryan Vignery;5;155;0.03;238;2026-05-25T11:30:29.000Z;93;0;oui
https://www.youtube.com/watch?v=42Suwl-GEbk;How a 14-Year relationship Ended Without a Fight";PetNesTV;5;31;0.16;62;2025-12-30T16:33:52.000Z;239;0;oui
https://www.youtube.com/watch?v=QaXHrmGLukg;When Love Ends Without a Fight — A Powerful Emotional Story;Stories Men Don’t Tell;4;33;0.12;554;2026-02-04T00:00:27.000Z;203;0;oui
https://www.youtube.com/watch?v=wuv6MzJCLRE;The First 7 Minutes: 10 Red Flags That Predict Everything;Daily Read Psychology Hub;86;8200;0.01;795;2026-06-05T13:09:34.000Z;82;0;oui
https://www.youtube.com/watch?v=3nJfM4s2CUA;The Difference Between Empathy, Sensitivity & Being an Empath — Live Workshop with Rah;Rah Maria;11;1440;0.01;2348;2026-08-24T02:27:49.000Z;2;0;oui
https://www.youtube.com/watch?v=BnSXp9ny9P0;Dating apps are out as traditional alternatives are taking over | Today Show Australia;TODAY;4137;537000;0.01;331;2026-05-03T03:58:38.000Z;115;0;oui
https://www.youtube.com/watch?v=1mxS01wHc_A;What Online Dating Subscriptions Are Worth Paying For? - Your Online Dating Guru;Your Online Dating Guru;38;175;0.22;218;2025-09-16T10:07:37.000Z;344;0;oui
https://www.youtube.com/watch?v=AcoIt6HU1KQ;Are people so tired of Modern Dating that they prefer to die ALONE?;Vee Mindful;735;48400;0.02;600;2026-03-24T23:03:43.000Z;154;0;oui
https://www.youtube.com/watch?v=gZ6JGvr1bNo;These singles are tired of apps – so they’ve turned to PowerPoint dating;The Independent;9137;1290000;0.01;127;2026-05-02T07:30:17.000Z;116;0;oui
https://www.youtube.com/watch?v=zCTXyTtwd28;Why do people Ghost?;Ghosting Talks;58;682;0.09;291;2025-12-01T00:30:31.000Z;268;0;oui
https://www.youtube.com/watch?v=UX3g_KazYhs;Pourquoi les couples ne durent plus ? La numérologie dit TOUT ❤️;Le Troisième Œil;210;1330;0.16;308;2025-09-07T16:13:44.000Z;353;0;oui
https://www.youtube.com/watch?v=30COz5qNRVg;MBTI - Core Romantic Relationship Need;Practical Spirituality;122;965;0.13;408;2025-10-03T07:14:06.000Z;327;0;oui
https://www.youtube.com/watch?v=fDUohQC0W9g;5 Tips for Meeting People (From a Guy Who Couldn’t Use the Apps);Matthew Hussey;179988;3420000;0.05;722;2025-10-05T11:01:07.000Z;325;0;oui
https://www.youtube.com/watch?v=tqacGTUq4gw;15 Signs You're Forcing a Relationship That Just Isn't Right,#feel forced into a relationship,;Stoic Method;45;335;0.13;259;2025-10-18T15:01:41.000Z;312;0;oui
https://www.youtube.com/watch?v=spYg5Nfxep0;L’amour n’est pas un marché : tu n’as rien à y gagner – Sadhguru;Sadhguru Français;84532;1110000;0.08;2114;2025-09-07T15:01:26.000Z;353;0;oui
https://www.youtube.com/watch?v=pejdmyGP7ww;Psychologie ✨ Comment reconnaître un schéma répétitif (et s’en libérer);Radieuse Energie;29;122;0.24;138;2025-09-12T23:00:51.000Z;347;0;oui
https://www.youtube.com/watch?v=KNFYGqPjAQA&list=RDKNFYGqPjAQA&start_radio=1;Auctave - Bien trop fort;Auctave;21;899;0.02;278;2026-04-16T10:45:01.000Z;132;0;oui
https://www.youtube.com/watch?v=ViiF4mpwXqg;Ménopause et couple : on vous aide à traverser cette période ! - Ça commence aujourd'hui;Ça commence aujourd'hui - France Télévisions;3592;1860000;0;3480;2026-08-25T17:00:23.000Z;1;0;oui
https://www.youtube.com/watch?v=elH5GKO6XVs;Infertilité secondaire : quand le désir d'un deuxième enfant devient une épreuve;Émancipées;52;13600;0;3490;2026-08-26T04:00:38.000Z;0;0;oui
https://www.youtube.com/watch?v=DG584ILiR38;Les 16 signes de langage corporel qui prouvent qu’un homme est attiré par vous (voire amoureux);Attirer Un Homme / Fabrice Julien;8737;187000;0.05;269;2025-11-09T09:12:34.000Z;290;0;oui
https://www.youtube.com/watch?v=A0FTDhlrJfQ;Why Attraction Does Not Guarantee a Lasting Marriage...;Edwin Biayeibo;429;11800;0.04;241;2026-01-06T14:08:26.000Z;232;0;oui
https://www.youtube.com/watch?v=ah4oVHkAliY;How to Overcome Your Big 5 Weaknesses! | With William Lorey;Redemptive Psych;151;1470;0.1;2454;2025-10-19T22:47:17.000Z;310;0;oui
https://www.youtube.com/watch?v=E3idut7vHHU;A Therapist Explains the "Big Five" Personality of Future Trunks;KJMProductions;2173;52300;0.04;700;2025-11-30T19:00:23.000Z;269;0;oui
https://www.youtube.com/watch?v=gmgFWf17KzY;Tinder Dating APP Review! - Really The BEST Dating APP?;Guide Zone;32;3740;0.01;100;2026-07-07T17:04:37.000Z;50;0;oui
https://www.youtube.com/watch?v=zg0Qv__s69g;Pourquoi les applis de rencontre déçoivent ? (et comment en sortir);Véronique Kohn;7318;82200;0.09;2392;2025-09-14T17:01:22.000Z;346;0;oui
https://www.youtube.com/watch?v=yNyq4rJpjjY;Dating App Fatigue: How to Beat Burnout and Swipe Smarter;KCWX 2 Television;10;1400;0.01;110;2026-08-23T22:00:15.000Z;2;0;oui
https://www.youtube.com/watch?v=Dp1PrIihVtQ;Extroverts in the Lifestyle;Club Sapphire;1478;26700;0.06;1402;2025-11-08T17:51:04.000Z;291;0;oui
https://www.youtube.com/watch?v=B7vIyxY8wT8;Le pire des conseils pour trouver un mari;Dess K;4095;50300;0.08;977;2025-09-22T15:00:22.000Z;338;0;oui
https://www.youtube.com/watch?v=dGSeUf9e8oY;Introvert + Extrovert Marriage: How to Stop the Same Fight Every Weekend;RelationShots;134;28400;0;511;2026-07-21T18:00:27.000Z;36;0;oui
https://www.youtube.com/watch?v=f8-18O0YvtE;Pourquoi TINDER ne FONCTIONNE PAS : la raison MÉCONNUE !;Maickel Cody;206;27100;0.01;136;2026-05-29T12:17:15.000Z;89;0;oui
https://www.youtube.com/watch?v=yWcs0XgAyt4;Why Your Relationships Keep Failing 🔁🧠 Trauma Bonding Explained;Flourish with Laurin ;14615;543000;0.03;353;2025-12-23T16:04:53.000Z;246;0;oui
https://www.youtube.com/watch?v=ibRHgc1EAEM;8 Signs You and Your Partner Are Incompatible...| Psychology Explained;WiseLens;106;20300;0.01;447;2026-07-22T19:36:38.000Z;35;0;oui
https://www.youtube.com/watch?v=8bjF-gRGvv8;How to Shift from Anxious Attachment to Secure (Step-by-Step) With Trevor Hanson - Terri Cole;Terri Cole;2431;250000;0.01;2080;2026-04-09T13:00:28.000Z;139;0;oui
https://www.youtube.com/watch?v=zmoLaGzp8eE;Why Your Relationships Keep Failing | The Kirk Cameron Show Ep 54;Kirk Cameron;19208;263000;0.07;900;2025-09-15T12:01:51.000Z;345;0;oui
https://www.youtube.com/watch?v=Ym_sGbIjxWw;The Psychology of Pushing People Away: Avoidant Attachment;Kee;17378;217000;0.08;948;2025-09-07T16:58:13.000Z;353;0;oui
https://www.youtube.com/watch?v=S45eJ8h2BZI;The avoidant SLOW FADE discard;Coach Ryan;6926;90600;0.08;366;2025-09-19T21:26:39.000Z;340;0;oui
https://www.youtube.com/watch?v=FyCPemtNoIU;Compatibility Explained In 4 Minutes;LoveLens Psychology;85;2170;0.04;242;2026-01-29T16:00:19.000Z;209;0;oui
https://www.youtube.com/watch?v=yQMvSFmrvTU;MBTI, DiSC and Insights Discovery. All of it is nonsense;Luxury Academy: Insights;727;10100;0.07;930;2025-10-26T10:01:24.000Z;304;0;oui
https://www.youtube.com/watch?v=PcbW0QDUi5k;3 Tips to End Dating Fatigue: STOP Auditioning for Low-Effort Men;Alyssa Heath;168;2220;0.08;498;2025-11-12T17:00:43.000Z;287;0;oui
https://www.youtube.com/watch?v=pCBb-oa4IFI;The 'ONE KILLER QUESTION' That Predicts Relationship Failure?;The Paradox of Change;883;6940;0.13;2402;2025-09-07T17:22:26.000Z;353;0;oui
https://www.youtube.com/watch?v=J4uWM-nW0HI;Comment faire durer son couple ? Un neuropsychiatre répond après 50 ans d’études;Ombres Du Passé;510;16500;0.03;1260;2025-12-29T19:00:18.000Z;240;0;oui
https://www.youtube.com/watch?v=5XNJ8Dn9bmI;We Put Our Love To Test...;NickandCarrie;148313;12900000;0.01;1135;2026-01-25T07:30:07.000Z;213;0;oui
https://www.youtube.com/watch?v=A6RuwdDRaT8&list=RDA6RuwdDRaT8&start_radio=1;D-real - Notre Feu S’est Éteint;D-real ;5;110;0.05;142;2026-03-21T22:00:35.000Z;157;0;oui
https://www.youtube.com/watch?v=5OOdkquG4F0;Comment savoir si votre attachement est compatible avec le sien;Psycho Séduction;5;409;0.01;458;2026-07-27T14:23:43.000Z;30;0;oui
https://www.youtube.com/watch?v=UgEJ8MreFtk;Guidance Spéciale Couple - ❤️‍🔥Lien d'âme❤️‍🔥 - Fin de cycle. Belle réussite, quoi qu'il arrive 💞;AEden;24;176;0.14;2039;2025-10-22T06:34:46.000Z;308;0;oui
https://www.youtube.com/watch?v=s8qyTo3cbZU;Quiz Couple Comptabilité : Êtes-vous vraiment faits l'un pour l'autre ?;AlexD videos;76;11400;0.01;355;2026-06-18T16:00:38.000Z;69;0;oui
https://www.youtube.com/watch?v=s7mzXGGenJs;❤️ Compatibilité : Vierge + Poissons - Amour fou ou cauchemar ?;Astro Talia;134;1170;0.11;112;2025-09-24T11:01:44.000Z;336;0;oui
https://www.youtube.com/watch?v=FAjEBVWp5bw;Il vous aime… alors pourquoi ne s'engage-t-il pas ?;Leyla Medium;57;13400;0;801;2026-08-02T16:00:13.000Z;24;0;oui
https://www.youtube.com/watch?v=mqkKFU54_gM;Blessure d’abandon: comprendre les relations affectives, attachement anxieux, les impacts multiples;Line Bolduc | Santé, Émotions, Relations humaines;91;2660;0.03;2045;2026-01-16T20:38:47.000Z;221;0;oui
https://www.youtube.com/watch?v=VaUnHaykCBc;Pourquoi les empathes sont toujours épuisés (même après avoir dormi) – Carl Jung;Temple De La Psyché ;368;15700;0.02;613;2026-02-02T23:42:14.000Z;204;0;oui
https://www.youtube.com/watch?v=4lZpjn3MCHA;comment rencontrer l’amour sans passer par les applis ?;Yes, I Do ! Podcast;31;211;0.15;1266;2025-10-08T04:15:52.000Z;322;0;non
https://www.youtube.com/watch?v=opnR8sODUOs;He DELETED His APPS.. FOR ME! [1st Person] [Affirmations] [Self-Hypnosis] [Rampage] #Manifest;The Reality Reboot;45;1520;0.03;1847;2026-02-18T15:01:21.000Z;189;0;oui
https://www.youtube.com/watch?v=7SF64kgZikI;Quand l’empathie dépasse la limite — la solitude s’installe | Christophe André;Présence & Sérénité;171;6020;0.03;1969;2026-01-22T06:00:05.000Z;216;0;oui
https://www.youtube.com/watch?v=Y0JUD0M4uU0;How to Communicate While Dating: Profile, Texting, First Dates & More - Tips from Comm Coaches;Lighthouse Communications;166;61300;0;1699;2026-08-21T19:00:15.000Z;5;0;oui
https://www.youtube.com/watch?v=cXkQ93Ihmj4;Why You Keep Repeating the Same Relationship Patterns;Stephanie Rigg | On Attachment;1820;17500;0.1;1159;2025-09-03T06:32:44.000Z;357;0;oui
https://www.youtube.com/watch?v=gfT4OJfAo24;Top 10 Signs You Have A Dismissive Avoidant Attachment Style;Thais Gibson - Personal Development School;9507;526000;0.02;1383;2026-01-17T16:00:06.000Z;221;0;oui
https://www.youtube.com/watch?v=VnIE5A8UUMA;💫Why Couples Drift Apart Emotionally ✨Shocking Reality of Married Life@Niyaharoonvlogs;Niya Haroon ;44;2970;0.01;855;2026-04-20T12:00:57.000Z;128;0;non
https://www.youtube.com/watch?v=uz1DhmIgScc;Attraction vs Compatibility;Godwin Nwaokike;7;21;0.33;495;2025-09-15T22:43:28.000Z;344;0;oui
https://www.youtube.com/watch?v=IVAEtmFg4Mo;“Every Collapsing Marriage Shows This Pattern (Dr. Gottman Proved It) and a Biblical Warning”;Streams of Life;23;596;0.04;490;2026-02-12T05:55:02.000Z;195;0;oui
https://www.youtube.com/watch?v=XnXVOlUDjKM&t=822s;Feeling Lost? Understand Your Personality To Find The Path That Is Meant For YOU;Becoming Bamboo;32;276;0.12;1155;2025-10-27;303;0;oui
https://www.youtube.com/watch?v=_Aem--Qe9d4;MARS & VENUS REVISITED — Why Men & Women Misunderstand Love;PsicoFactos;93;1310;0.07;1112;2025-11-13T23:01:20.000Z;285;0;oui
https://www.youtube.com/watch?v=ZrnMwp3nSuk;Why Are Shared Values Important For Compatibility?;LGBTQ Love and Dating;14;134;0.1;182;2025-12-02T01:06:11.000Z;267;0;oui
https://www.youtube.com/watch?v=FZDzJdIkgK8;Install OpenCode: The FREE Local Alternative to Claude Code (Build a Dating App in Minutes);ALMA STUDIO;282;18900;0.01;46;2026-03-16T03:42:31.000Z;163;0;oui
https://www.youtube.com/watch?v=wvYrvyKzPxg;6 Signs You’re a True Empath, Not Just a Sensitive Person;Время Действовать;2;105;0.02;1269;2026-08-25T18:24:38.000Z;1;0;oui
https://www.youtube.com/watch?v=8epom5XJ-c4;The BEST Places to Meet Partners (Not on Apps);The Dating Labyrinth;4;14;0.29;467;2025-10-22T19:42:57.000Z;308;0;oui
https://www.youtube.com/watch?v=M4v4woKpqYo;3 Flirting Tactics Women ACTUALLY Love (Works Great on 1st Dates);Marni Your Personal Wing Girl;46036;1460000;0.03;571;2025-11-11T19:30:06.000Z;288;0;oui
https://www.youtube.com/watch?v=7IwF1WQvRQw;[EP.3] 🇧🇷 Love in the Age of AI: Tinder's Marketing Director ❤️  Papo de CEO;Provital;21;784;0.03;1901;2026-03-19T08:00:07.000Z;160;0;oui
https://www.youtube.com/watch?v=IIH1LHq2TGw;Jordan Peterson tells his daughter why lesbian relationships don’t last.;byGio;23;1800;0.01;50;2026-04-26T23:56:15.000Z;121;0;oui
https://www.youtube.com/watch?v=_sSwSmyAWu4;Why my relationships never work.  ( my opinion);RealDadMindset;3;118;0.03;292;2026-06-13T16:12:19.000Z;74;0;oui
https://www.youtube.com/watch?v=dyR_dMMLY6s;4 Tips to Make Dating Apps ACTUALLY Work;Matthew Hussey;46997;3420000;0.01;800;2026-01-11T12:01:12.000Z;227;0;oui
https://www.youtube.com/watch?v=Vdramz363Hw;Why Your Leadership Niceness is Killing Your Team: The Adverse Selection Trap;Nathan Crockett;15413;1280000;0.01;389;2026-01-21T01:15:04.000Z;217;0;oui
https://www.youtube.com/watch?v=430S6zl7W9c;La vérité sur la vie après une séparation à 45 ans en 2026;Nathalie MARCOT;195;38000;0.01;680;2026-06-17T16:00:06.000Z;70;0;oui
https://www.youtube.com/watch?v=zApM03bUWTw;Récuperer un ex avec un attachement désorganisé;Antoine Peytavin;6606;279000;0.02;802;2025-12-15T17:30:18.000Z;254;0;oui
https://www.youtube.com/watch?v=Gg-d1U5QHws;Your Ring Broke? This Spiritual Meaning Might Change Everything;Dreamwalker Journeys;151;12000;0.01;436;2026-03-30T13:15:06.000Z;149;0;oui
https://www.youtube.com/watch?v=wduMkGekQ9M;L'Amour Inconditionnel, Clé d'un Couple Solide (Valeurs Supérieures et Lien Spirituel);Magali Anya;659;12200;0.05;1586;2025-10-26T00:01:18.000Z;304;0;oui
https://www.youtube.com/watch?v=zR5ecJIFcaM;Pourquoi votre passé amoureux sabote encore vos relations (même quand vous avez “travaillé sur vous”;Elixir de confiance;23;457;0.05;1470;2026-01-05T17:27:06.000Z;233;0;oui
https://www.youtube.com/watch?v=ZSdqTmmbhD0;Will Your Anxious Partner Meltdown | and should you let them;Two Mind Method;1372;57400;0.02;1686;2025-12-24T16:00:58.000Z;245;0;oui
https://www.youtube.com/watch?v=mqdeuppzlh0;Relation pour la vie : Pourquoi c’est fini ?;L'homme expliqué - Yann Piette;11964;294000;0.04;557;2025-10-13T17:45:05.000Z;317;0;oui
https://www.youtube.com/watch?v=_bxGRwb24aU;Pourquoi les relations ne durent pas... et comment s'écouter;Hugo Borrell;6;82;0.07;316;2026-01-16T17:00:46.000Z;222;0;oui
https://www.youtube.com/watch?v=j8jNV60GWkw;Are You Dating with a PARTNERSHIP Mindset or in a RELATIONSHIP Trap;Courtney Schand;592;7090;0.08;651;2025-09-10T19:00:47.000Z;350;0;oui
https://www.youtube.com/watch?v=rkFplddKRmI;Pourquoi il se ferme après 6 mois de relation (la science l'explique);Psycho Séduction;5;409;0.01;530;2026-07-02T08:50:34.000Z;55;0;oui
https://www.youtube.com/watch?v=wKsyilVhcRM;Ouahhh … un message de dingue;Du Ciel À La Terre Eveil Des Ames;2848;34100;0.08;195;2025-08-29T02:29:01.000Z;362;0;oui
https://www.youtube.com/watch?v=qRt1R8szYmY;Bulletin Missionnaire Sabbat 07 Février 2026 Dieu ne m'a jamais abandonné;Charles & Carole SAINT-LOUIS;139;6250;0.02;157;2026-02-05T09:22:07.000Z;202;0;oui
https://www.youtube.com/watch?v=ywAmeM_JVKs;The Big Five Personality Traits Explained (OCEAN Model) | Psychology🧠;Neurovia;20;472;0.04;198;2026-01-19T11:48:22.000Z;219;0;oui
https://www.youtube.com/watch?v=Cudzo4F9PhU;Le don rare de l’empathie — l’aura révélée par Jung | Psychologie de l’empathe;Voyage Singulier;1587;36700;0.04;1647;2025-11-02T15:00:20.000Z;297;0;oui
https://www.youtube.com/watch?v=lif_R8iEZjw;Dating App Fatigue - Why Dating Apps Are Not The Way!;Skill of Attraction;188;38300;0;699;2026-06-16T21:45:52.000Z;70;0;oui
https://www.youtube.com/watch?v=H_TOz75hvHc;How to Use Double Date on Tinder in 2026;Fixbotics;16;1890;0.01;85;2026-06-24T23:10:35.000Z;62;0;oui
https://www.youtube.com/watch?v=dQvQENE8MC4;Introvert / Extrovert Marriage || How Couples can Thrive in Marriage || Relationship tips in 2026.;Edwin Biayeibo;312;11800;0.03;427;2026-01-03T14:07:05.000Z;235;0;oui
https://www.youtube.com/watch?v=hAT9aFpKi2M;Our Relationship Reset: How Self-Awareness Healed What History Couldn’t (Part One);The P-I-G Podcast;5;24;0.21;7249;2025-10-22T12:45:54.000Z;308;0;oui
https://www.youtube.com/watch?v=bjmKAHyH1t0;Is It Anxious Attachment or Are You Just With the Wrong Person?;Thais Gibson - Personal Development School;3507;526000;0.01;526;2026-04-12T15:00:58.000Z;136;0;oui
https://www.youtube.com/watch?v=rswGchY9mA8;This Is Why Your Relationships Never Feel Different || Grace Olusesi;Grace Olusesi;15;1100;0.01;2920;2026-05-14T17:00:06.000Z;104;0;oui
https://www.youtube.com/watch?v=_gITCxfILxQ;8 Signs Your Partner’s Love Is Fading | Psychology of Relationships | Carl Jung;Truthin;6;18;0.33;917;2025-09-03T23:30:11.000Z;356;0;oui
https://www.youtube.com/watch?v=jczeBCxc-aY;Financial Red Flags in Dating (Never Settle on These!);Rachel Cruze;29708;647000;0.05;479;2025-09-22T13:01:33.000Z;338;0;oui
https://www.youtube.com/watch?v=cpFad6dRtqo;How Each Attachment Style Reacts to No Contact;Thais Gibson - Personal Development School;8047;526000;0.02;703;2026-01-06;232;0;oui
https://www.youtube.com/watch?v=f_zdnzmLvIE&t=208s;Sadia Khan: The Dating Red Flags No One Talks About | GlowLab with Susan Yara;Mixed Makeup;2157;1470000;0;3202;2026-08-25T10:00:37.000Z;1;0;oui
https://www.youtube.com/watch?v=OppwlMKDns4;Dating Apps Are Designed to Keep You Single (Stop Blaming Yourself);April Davis | LUMA Luxury Matchmaking;401;30600;0.01;286;2026-03-06T19:00:33.000Z;173;0;oui
https://www.youtube.com/watch?v=nyCUdgPHJBo;Why You Are Stuck in an Endless Cycle of Dating! (And How to Fix it!);Jay Shetty Podcast;273101;5950000;0.05;4636;2025-09-03T14:01:20.000Z;357;0;oui
https://www.youtube.com/watch?v=u6RSj3PLlTY;Release the Fear of Ending Up Alone | EFT Tapping for Love 💞;Spiritual Alchemy With Mariana;131;1840;0.07;595;2025-10-18T16:01:35.000Z;312;0;oui
https://www.youtube.com/watch?v=geNl233CiRw;Why NOBODY Wants to Commit Anymore | Sabrina Zohar;Sabrina Zohar;6295;117000;0.05;566;2025-09-17T15:01:26.000Z;343;0;oui
https://www.youtube.com/watch?v=SM_38EHb4DU;Big Five Personality Theory;Sociologylearners;162;14800;0.01;525;2026-03-24T18:23:23.000Z;155;0;oui
https://www.youtube.com/watch?v=mMD76aPH4sg;Créer la rencontre : où et comment trouver l’amour quand on n’ose pas sortir;Xavier-Alexandre – Pour des relations plus justes;93;1820;0.05;703;2025-11-10T15:31:37.000Z;289;0;oui
https://www.youtube.com/watch?v=BErsFcGkBPw;Why Most Relationships End In 3 Months;AlexTheReactor;25;1490;0.02;1508;2026-03-12T22:00:21.000Z;166;0;oui
https://www.youtube.com/watch?v=OdjIW8IdbIM;Why Gen Z is Quitting Dating Apps;The Infographics Show;265072;15500000;0.02;1248;2025-11-05T19:11:01.000Z;294;0;oui
https://www.youtube.com/watch?v=ukyop-SjYOM;🎙️Magik Galactik•Et si on parlait le même langage?Aimer ne suffit pas. Encore faut-il se comprendre;Lily Solaïs;254;15300;0.02;777;2026-02-05T15:28:54.000Z;202;0;oui
https://www.youtube.com/watch?v=XzFRI_eOpqM;La psychologie derrière ceux qui tombent toujours sur les mauvaises personnes;Josh Citations;559;93200;0.01;364;2026-04-23T15:50:03.000Z;125;0;oui
https://www.youtube.com/watch?v=JzScW55-iaM;EMISSION SOS FAMILIAL: L'incompatibilité de caractère sexuel dans le couple || PASTEUR DURICE MERCI.;KeyFRAME PRODUCTION;72;16800;0;2048;2026-06-21T20:00:16.000Z;65;0;oui
https://www.youtube.com/watch?v=o3B9ho9DZvU;Episode 34 - Alliance et attachement;Laurence Roux-Fouillet;67;749;0.09;777;2025-10-04T15:39:18.000Z;326;0;oui
https://www.youtube.com/watch?v=M3LSA3o4D2Q;Chemistry vs. Compatibility: Why You're Attracted to the Wrong People with Sabrina Bendory;Bela Gandhi;15;4360;0;3073;2026-08-24T14:12:54.000Z;2;0;oui
https://www.youtube.com/watch?v=cnSAckYuT1s;Qu'est-ce que la blessure de l'Abandon ? 💔;Un Runner parle à Un Chaser;154;2870;0.05;167;2025-10-17T18:35:55.000Z;313;0;oui
https://www.youtube.com/watch?v=M_E6cR1HfS8;JM Date Avis : J'ai testé, je vous dis TOUT ! (Rencontre, Prix, Paiement Client..);Avis Consommateurs;1427;108000;0.01;804;2026-02-06T16:20:40.000Z;201;0;oui
https://www.youtube.com/watch?v=9PvmtF_LNVg;Dating App Alternatives - Part 2;Skill of Attraction;144;38300;0;1245;2026-06-16T22:31:33.000Z;70;0;oui
https://www.youtube.com/watch?v=vsWAvMSgf98;Best Free Dating Apps in 2026 | Free Dating Apps Without Payment | 4 Apps to Meet New People;GetAssist_net – Smart Tech Help, Made Simple;130;71700;0;276;2026-08-23T06:12:41.000Z;3;0;oui
https://www.youtube.com/watch?v=hM9jxblqglg;Step-by-Step Guide to Build a Dating App Like Tinder | Cost, Features & Monetization Plan;Mayankal ;89;5700;0.02;124;2026-02-17T13:56:15.000Z;190;0;oui
https://www.youtube.com/watch?v=ozvNEBY8Ei0;Ep 377 Three Traits That Predict Relationship Happiness - Dr. Shannon Curry;Marriage Therapy Radio;9;405;0.02;1556;2026-03-18T11:57:07.000Z;161;0;oui
https://www.youtube.com/watch?v=qW8ag2R4jow;Bowlby Attachment Theory Evaluated | AQA Psychology;David Meaker;44;1870;0.02;240;2026-02-05T21:40:40.000Z;201;0;oui
https://www.youtube.com/watch?v=k7z215VLu9I;How to Know When You've Found a Great Partner;The School of Life;226429;9770000;0.02;197;2025-10-22T13:01:38.000Z;308;0;oui
https://www.youtube.com/watch?v=n205dToxcB4;Save Your Love Life by Learning THIS: For Avoidants & Anxious Attachment Styles;Thais Gibson - Personal Development School;4456;526000;0.01;660;2026-02-19T16:01:10.000Z;188;0;oui
https://www.youtube.com/watch?v=LLO80EnO-LE;Healing the Dismissive Avoidant Style | The Journey to Secure Attachment;Thais Gibson - Personal Development School;5817;526000;0.01;678;2026-01-21T16:00:27.000Z;217;0;oui
https://www.youtube.com/watch?v=4E5iP7PlBzY;Personality Psychology Explained | Big Five Traits & What Makes You Unique | Podcast Ep.4;THE ST BOOK;20;138;0.14;228;2025-09-21T06:48:56.000Z;339;0;oui
https://www.youtube.com/watch?v=VOWR3MY7btY;What Actually Predicts a Fulfilling Marriage? | The Science of Lasting Love;Between_minds;2;127;0.02;485;2026-08-11T18:15:25.000Z;15;0;oui
https://www.youtube.com/watch?v=JlissiGRF90;Are you emotional person or logical? (Personality test) #youtubevideo #personalitytest;Quiz Buzz9t9;217;4930;0.04;244;2025-11-04T14:26:46.000Z;295;0;oui
https://www.youtube.com/watch?v=lxHg3GKANfM;Duet Dating App Review Better Alternative to Tinder and Bumble | Full Guide 2026;Quick Digital Help;68;2660;0.03;96;2026-01-11T16:40:51.000Z;227;0;oui
https://www.youtube.com/watch?v=SyjKXS0s11E;ChatGPT's Surprising List of Places to Meet People (No Apps Needed!);Tanya | Love Lawyer;578;16300;0.04;1332;2025-11-05T12:10:43.000Z;294;0;oui
https://www.youtube.com/watch?v=UJOGeG8alr8&t=427s;Ep. 185: The Science of Wise and Fierce Relationships;Dr. Diana Hill;72;4510;0.02;2775;2026-02-17T18:46:20.000Z;190;0;oui
https://www.youtube.com/watch?v=fZSH183kBDQ;The Dark Truth About Online Dating - Paradox of choice - Chapter 1 Audiobook;Jamaal Cox ;21;6180;0;242;2026-08-23T10:13:11.000Z;3;0;oui
https://www.youtube.com/watch?v=78LQMq-kWQo;How Dating Became an Addiction;Donald Lee;297;3720;0.08;1181;2025-09-13T17:24:01.000Z;347;0;oui
https://www.youtube.com/watch?v=ZUVZO-b2Ej4;Modern Dating Terms Explained: Situationships, Ghosting & The Ick (2026 Guide);The FoundHers Podcast;100;1780;0.06;225;2025-10-29T08:35:14.000Z;301;0;oui
https://www.youtube.com/watch?v=iBy-o-aqZIs;Leçon de COMPATIBILITÉ AMOUREUSE | l'importance du GROUPE SANGUIN [ SECRETS ];CAMER24 - CAMEROONIAN NEWS;1416;142000;0.01;317;2026-01-30T16:41:48.000Z;208;0;oui
https://www.youtube.com/watch?v=UI3krOYAeWE;Comment RENCONTRER QUELQU'UN quand on est TIMIDE : le moyen que j'ai utilisé !;Maickel Cody;132;27100;0;357;2026-05-10T04:00:28.000Z;108;0;oui
https://www.youtube.com/watch?v=VYm2UUHtr5s;MBTI Types’ Secret Love Languages – How Each Type Shows Love;James OnType;503;12400;0.04;1126;2025-10-08T22:00:39.000Z;321;0;oui
https://www.youtube.com/watch?v=-w-YO9wpjBc;Uyumsuz Bir İlişkinin 7 İşareti (KİŞİSEL GELİŞİM VİDEOLARI);Bilalhan ÇAĞATAY;811;17300;0.05;558;2025-09-10T13:30:00.000Z;350;0;oui
https://www.youtube.com/watch?v=7hxcNuOaa0s;Why Dating Destroys Your Mental Health;The School of Life;181323;9770000;0.02;338;2025-10-01T13:00:21.000Z;329;0;oui
https://www.youtube.com/watch?v=BNAk_3CowOU;Why People Slowly Give Up In Relationships;Susurros de Sadia;15;1770;0.01;162;2026-05-16T19:05:20.000Z;102;0;oui
https://www.youtube.com/watch?v=RxIoOwDbH_U;When Differences Become Incompatibility (What most People Miss);Jake Maddock;164;17500;0.01;967;2026-03-09T21:00:26.000Z;169;0;oui
https://www.youtube.com/watch?v=U3jnY8qat4A&t=494s;Et si mon ex avait définitivement tourné la page ?;Antoine Peytavin;9711;279000;0.03;899;2025-09-15T16:30:18.000Z;345;0;oui
https://www.youtube.com/watch?v=_MpOSRmyCQ4;Arrêtez de Vous Sentir Coupable de Partir;Wisdom in Action;23;303;0.08;140;2025-10-08T17:59:53.000Z;322;0;oui
https://www.youtube.com/watch?v=TXyrWXJzIsY;Les 5 vraies raisons pour lesquelles les couples se séparent;Le Labo Des Couples;10;68;0.15;32;2025-09-04T06:00:31.000Z;356;0;oui
https://www.youtube.com/watch?v=FXsXDysTxk4;Why Moving Slow in Dating Gets You Commitment FASTER;Love Strategies;5301;653000;0.01;551;2026-01-22T14:30:00.000Z;216;0;oui
https://www.youtube.com/watch?v=yWcg7Alws3I;🌍 [HandiGame]Diablo 4 – Horde infernale : 3 Boss, des vagues sans fin… et une fin épuisante;Système Sentinelles de Léna;5;71;0.07;6751;2025-12-05T10:32:32.000Z;264;0;non
https://www.youtube.com/watch?v=oawyRx4roMY;She Caught Him Texting Another Woman… Then They Took a Compatibility Test 😳;Harmony Lebechi;12;2080;0.01;1039;2026-06-30T04:54:38.000Z;57;0;oui
https://www.youtube.com/watch?v=q1-jKAbdpGM;Comment savoir si son téléphone est compatible eSIM (GUIDE COMPLET);Comment Faire;946;16400;0.06;65;2025-09-03T19:51:12.000Z;357;0;oui
https://www.youtube.com/watch?v=K2XFV8ymbxI;Enneagram Vs. Myers-Brigs (MBTI) | PSYCHOLOGIST Explains;Dr. Phil Sarpong;640;24300;0.03;484;2025-11-16T18:00:21.000Z;283;0;oui
https://www.youtube.com/watch?v=rRbApHq3lBM;Les langages de l'amour : la science qui booste votre couple;Next Gen Love & Learn;4;38;0.11;335;2025-11-20T23:01:17.000Z;278;0;oui
https://www.youtube.com/watch?v=va_Pk1haTY8;Les Valeurs dans une  Relation Amoureuse;Harmonie intérieure;17;155;0.11;186;2025-09-04T14:15:13.000Z;356;0;oui
https://www.youtube.com/watch?v=HOL0JGhVi9U;La lutte des applications de rencontres contre la "dating fatigue" - La chronique de Manon Mariani;France Inter;4053;1430000;0;207;2026-05-21T17:27:45.000Z;97;0;non
https://www.youtube.com/watch?v=pow3bi7TII0;Dating App Alternatives - Part 1;Skill of Attraction;137;38300;0;704;2026-06-16T21:52:09.000Z;70;0;oui
https://www.youtube.com/watch?v=GCrqkFxUhIU;The Soulmate Algorithm – When AI knows who’s truly right for you;My Thoughts on AI;75;1050;0.07;979;2025-10-01T17:29:50.000Z;329;0;oui
https://www.youtube.com/watch?v=ISjxUf5bG30;Hypersensibilité et émotions;Manuella Yvano Myhappychange;229;5290;0.04;358;2025-10-20T16:11:20.000Z;310;0;oui
https://www.youtube.com/watch?v=LyBK6j0Hs3Q;Mon avis sur les sites de rencontres.;Sabrina B.;1390;24000;0.06;553;2025-08-27T16:00:41.000Z;364;0;oui
https://www.youtube.com/watch?v=n2wyYBfHquY;Portrait de nos membres: Parrainage jeunesse;SMQ Chaudière-Appalaches;16;203;0.08;218;2025-10-23T19:02:16.000Z;307;0;oui
https://www.youtube.com/watch?v=pYY409h1mPk;DOWN Dating App Review 2026 | Features, Pricing & Is It Worth It?;MILLIONAIRE IN 1 DAY;63;8560;0.01;172;2026-04-18T09:58:08.000Z;130;0;oui
https://www.youtube.com/watch?v=fd9ihHkorz8;Cœur brisé. Ou simplement des cœurs qui se quittent.;FATOU DIAKITE;4;102;0.04;684;2026-02-19T16:38:34.000Z;188;0;non
https://www.youtube.com/watch?v=dNWKYK0pb2s;Meetic Avis : J'ai testé 3 mois, je vous dis TOUT ! (Rencontre, Gratuit ?, Négatif, Prix, App...);Avis Consommateurs;987;108000;0.01;546;2026-02-05T17:13:56.000Z;202;0;oui
https://www.youtube.com/watch?v=KFPcejlPSuo;Trouver un équipage avec crew sailing;Damien all over the world;67;1790;0.04;65;2025-11-12T10:59:30.000Z;287;0;oui
https://www.youtube.com/watch?v=LPq0m70rXCE;Pure Dating App Review - What They Don’t Tell You | Full Guide 2026;Quick Digital Help;54;2660;0.02;143;2026-01-06T16:05:56.000Z;232;0;oui
https://www.youtube.com/watch?v=_UjGtm41PcU;💡 Gamophobia: When Love Feels Scary | Fear of Commitment Explained;Listen & Repeat and Learn;121;2400;0.05;139;2025-10-22T11:22:58.000Z;308;0;oui
https://www.youtube.com/watch?v=sVCoQ48-Ms8;The Big Five Personality Model | Psychology’s Most Powerful Tool;The Book Nook;27;294;0.09;2467;2025-09-28T13:01:37.000Z;332;0;oui
https://www.youtube.com/watch?v=tvzWZJ9JRSQ;Attraction Vs Compatibility;Oqui W Maestro ;2;94;0.02;847;2026-06-22T04:35:20.000Z;65;0;oui
https://www.youtube.com/watch?v=37HFohRRrh0;The Dark Tetrad: analysis of profiles and relationship with the Big Five personality factors;krk91;6;136;0.04;1113;2026-01-21T14:39:06.000Z;217;0;oui
https://www.youtube.com/watch?v=GYoV-nMFqhE;We Took a Personality Test To See if We Are Actually Compatible;SLICE n RICE;49448;1820000;0.03;2280;2025-09-12T18:59:05.000Z;348;0;oui
https://www.youtube.com/watch?v=1fGKbyJOQ3o;How to have a healthy relationship  | Jillian Turecki | TEDxNashville;TEDx Talks;234058;44600000;0.01;995;2026-01-21T17:56:22.000Z;217;0;oui
https://www.youtube.com/watch?v=PFrq8jRPPoU;The Science of Lasting Love | Couples Therapy Tips;Archie AJ Travel Diaries;83;4500;0.02;473;2025-12-31T16:20:58.000Z;238;0;oui
https://www.youtube.com/watch?v=MpeSb3mUkAg;Interpersonal Relationships With Ryan McPherson;Ryan McPherson;42;487;0.09;492;2025-08-29T19:00:19.000Z;362;0;oui
https://www.youtube.com/watch?v=K0RWcM8USS0;Quit dating apps and just enjoying life and see what happens!;Mr. OH WOW!!;149;2800;0.05;1915;2025-10-12T18:24:15.000Z;318;0;oui
https://www.youtube.com/watch?v=n744W3SLmzE;What Type of Love Story Would You Star In? | Personality Quiz ✨Fun Test ✨ | #quiz #personalitytest;Happy Tests;542;15000;0.04;538;2025-10-26T13:45:05.000Z;304;0;non
https://www.youtube.com/watch?v=g1kGEPqe4vg;The Dark Side Of AGREEABLENESS And How It Ruins Your Dating Life;Alex Valmont;35;327;0.11;1645;2025-09-08T12:23:53.000Z;352;0;oui
https://www.youtube.com/watch?v=0kU0gvAgOMY;What Kind of Lover Are You? | Personality Quiz Test |✨Fun Test ✨| Aesthetics;Happy Tests;301;15000;0.02;546;2025-12-19T13:45:00.000Z;250;0;oui
https://www.youtube.com/watch?v=isM1bQDo2a0;Which Water Sign Is the Most Sensitive?;Zodiac Talks;2203;268000;0.01;263;2026-02-03T23:00:06.000Z;203;0;oui
https://www.youtube.com/watch?v=BFw5JHSp_f8;WHAT'S YOUR SOULMATE INITIAL? Love Personality Test Quiz - 1 Million Tests;1 Million Tests;6598;263000;0.03;484;2025-10-12T13:00:06.000Z;318;0;oui
https://www.youtube.com/watch?v=HE9ouGm4fWA;I Paid for Every Dating App to See if it's Worth it for the Average Guy;Teachingmensfashion;28083;7410000;0;678;2026-03-13T14:30:22.000Z;166;0;oui
https://www.youtube.com/watch?v=opbJYc_X2hs;What’s Your Aesthetic Love Story? 🌸📖 | Romantic Personality Test Quiz for Girls;Aesthetic Nim;1413;73700;0.02;511;2025-11-12T13:01:44.000Z;287;0;oui
https://www.youtube.com/watch?v=sqFMQ7oTwsQ;Does your crush love you back? (personality test/quiz);Mr.GalaxyGMR07;62;2230;0.03;118;2025-11-17T12:48:00.000Z;282;0;oui
https://www.youtube.com/watch?v=QwjbcPfLtgc;Épidémie Des Femme, J'ai marre D'être Célibataire à 23 Ans +;Mind7 chaine ;38;1980;0.02;400;2025-11-30T10:51:28.000Z;269;0;oui
https://www.youtube.com/watch?v=FOGuHKD6yYs;The Vanoss Crew Test Their Love In GTA 5 Online!;Nogla;159188;7410000;0.02;1272;2025-09-10T18:25:10.000Z;350;0;oui
https://www.youtube.com/watch?v=MlImtJ-OReI;The 3-Month Curse: Why Relationships End Fast (And How to Break It);Empathy Connect;9;96;0.09;387;2025-09-25T13:09:23.000Z;335;0;oui
https://www.youtube.com/watch?v=OMrd3ek1WSY;Psychology of People Who Don't Go on Dates;PsychologyAboutYou;1739;118000;0.01;400;2025-11-15T18:30:23.000Z;284;0;oui
https://www.youtube.com/watch?v=pY06enFE6tA;Pourquoi l’amour ne suffit pas à faire durer un couple ❌;Yannick TM;119;5500;0.02;857;2025-12-07T10:15:08.000Z;262;0;oui
https://www.youtube.com/watch?v=zGUSMjXlejo;Someone Filed a Separation Curse Between You | How to Cancel Isichitho With 36 Eggs;Sangoma Nene;18;6040;0;493;2026-07-12T18:52:42.000Z;45;0;oui
https://www.youtube.com/watch?v=nDDuQnUiXtA;EMISSION SOS FAMILIAL: La gestion de l'incompatibilité de caractère || PASTEUR DURICE MERCI.;KeyFRAME PRODUCTION;46;16800;0;1874;2026-06-14T20:00:11.000Z;72;0;oui
https://www.youtube.com/watch?v=kE0GSR_8J4A;Someone Filed a Separation Curse Between You | How to Cancel Isichitho With 36 Eggs;Sangoma Nene;16;6040;0;460;2026-07-11T22:38:53.000Z;45;0;oui
https://www.youtube.com/watch?v=ztpxqYkueM8&list=RDztpxqYkueM8&start_radio=1;Shattered Without You - Dicky Malbaw || Heartbreaking Love Song;Dicky Malbaw;201;11800;0.02;214;2025-11-27T12:02:06.000Z;272;0;oui
https://www.youtube.com/watch?v=SuecpSTMpwo;Briser les schémas répétitifs en amour #amour #coaching #shémasrépétitifs;AMAÏA ;13;224;0.06;390;2025-10-05T09:03:25.000Z;325;0;non
https://www.youtube.com/watch?v=qKMmPVliUp0;Vais-je retrouver l'amour après la rupture ?;Antoine Peytavin;4975;279000;0.02;405;2025-09-22T16:30:21.000Z;338;0;oui
https://www.youtube.com/watch?v=ArKYEXp1v3c;L amour d attachement;Sébastien Daxi;6;101;0.06;344;2025-12-06T13:18:31.000Z;263;0;oui
https://www.youtube.com/watch?v=Wfy5-ngfrRg;VÉRIFIER SI VOTRE PC EST COMPATIBLE WINDOWS 11 (COURS INFORMATIQUE DÉBUTANT SÉNIOR);Initiation Informatique;5192;213000;0.02;728;2025-09-30T21:40:35.000Z;329;0;oui
https://www.youtube.com/watch?v=bfYAzkG9dik;Big 5 vs. Enneagram vs. MBTI: Which Personality Test is Scientifically Legit?;Pulse Rundown;26;408;0.06;1039;2025-09-20T16:00:57.000Z;340;0;oui
https://www.youtube.com/watch?v=MM8r35pIiHY;Ne te Marie Pas sans Poser ces 4 Questions à ton Partenaire;Psyché Féminine;194;10200;0.02;559;2025-11-25;274;0;oui
https://www.youtube.com/watch?v=6bJKrEPnehw;N appréhende pas ce changement !;Du Ciel À La Terre Eveil Des Ames;785;34100;0.02;299;2025-10-10T05:00:14.000Z;320;0;oui
https://www.youtube.com/watch?v=_9_toDNu9bE;🧠 Les 5 traits de ta PERSONNALITÉ 🛠️ (et comment les CHANGER à tout âge);Mind Parachutes;3225;231000;0.01;964;2025-11-02T08:00:28.000Z;297;0;oui
https://www.youtube.com/watch?v=3CQQ3b54oEs;💔 Quand la blessure d’abandon prend le contrôle…;Normand Faubert, Thérapeute en relation d'aide;19;1310;0.01;3025;2026-01-18T21:55:38.000Z;219;0;oui
https://www.youtube.com/watch?v=LUxaSCRPzek;Why Fearful-Avoidants Can’t Fully Commit (One Foot In, One Foot Out);Let's Laugh Together;87;11700;0.01;353;2026-02-05T09:41:18.000Z;202;0;oui
https://www.youtube.com/watch?v=ZMggCjuja4o;La Blessure d'Abandon : Comprendre, Guérir & Devenir Invincible (Freud);Philosopheasy en français;91;3210;0.03;1388;2025-10-05T16:00:55.000Z;325;0;oui
https://www.youtube.com/watch?v=RN-Gd-dnsyg;D Meets C in DISC: The Love Match of Power, Precision, and Hidden Conflict;Mature Glamor;19;3500;0.01;1932;2026-05-20;98;0;oui
https://www.youtube.com/watch?v=3RYPLMclur0;I Deleted My Dating Apps For THIS!;Rock LaManna® | Life After 70;66;3280;0.02;292;2025-12-19T19:15:01.000Z;250;0;oui
https://www.youtube.com/watch?v=bxos0KcoWTE;Parent et célibataire : comment rencontrer quelqu'un sans se perdre;RestoryCoach;28;4650;0.01;837;2026-04-21T19:01:37.000Z;127;0;oui
https://www.youtube.com/watch?v=wnGF4QxxOO8;Dating Apps Hijacked Connection  The Real Problem;Legion Clips;42;6840;0.01;239;2026-04-04T19:00:00.000Z;144;0;oui
https://www.youtube.com/watch?v=uun0h_jMiok;Can an Introvert and Extrovert Have a Healthy Marriage ? | Bro Zac Poonen;Divine Inspirer;40;4020;0.01;570;2026-02-19T14:01:30.000Z;188;0;oui
https://www.youtube.com/watch?v=XyQmNU0Fk5A;INTROVERT'S Holiday Survival Guide (and the spouses who love them.);Dear Young Married Couple;145;9870;0.01;2355;2025-12-17T20:06:55.000Z;251;0;oui
https://www.youtube.com/watch?v=g1Q8MPo_GXs;Ce nouveau format de dating dérange… mais il fonctionne !;REVEIL RELATIONNEL;57;17500;0;462;2026-05-18T14:59:01.000Z;100;0;oui
https://www.youtube.com/watch?v=jSfl3PeV-k0;Expose Your Friend's CRUSH 😉 Build ULTIMATE Prank WEBSITE 🔥;Geeky Script;443;131000;0;293;2026-03-25T21:33:11.000Z;153;0;oui
https://www.youtube.com/watch?v=tFaI_7YeNUU;Which Gay Dating App Is Best for Serious Relationships?;Global Insights 24;11;1930;0.01;149;2026-05-01T14:49:01.000Z;117;0;oui
https://www.youtube.com/watch?v=Q40p5dndSFI;WHAT IS YOUR SOULMATE'S INITIAL? Love Magic Quiz - Pick One Personality Test;Magic Quiz;971;47000;0.02;498;2025-09-30T13:00:06.000Z;330;0;oui
https://www.youtube.com/watch?v=9T5dTdAx4TM;The Shocking Way You Keep Pushing People Away (And Don’t Even Know It);Crappy Childhood Fairy;18394;1010000;0.02;774;2025-10-20T14:17:31.000Z;310;0;oui
https://www.youtube.com/watch?v=mcxygKzsgS8;BEFORE YOU GIVE UP ON LOVE, WATCH THIS;Psych2Go;31648;13100000;0;406;2026-04-09T08:58:22.000Z;139;0;oui
https://www.youtube.com/watch?v=x9CsVmOWPP8;Why Relationship fail,DIFFERENT VALUES AND GOALS (part 5);LUCKY EYENANAOTU;62;960;0.06;527;2025-08-31T20:30:17.000Z;359;0;oui
https://www.youtube.com/watch?v=O1IZHo3s6tw;The Secret Pain of A Dismissive Avoidant That Shapes Them in Childhood;Thais Gibson - Personal Development School;4890;526000;0.01;741;2025-12-12T16:00:47.000Z;257;0;oui
https://www.youtube.com/watch?v=YChbh_AdOGY;Why Modern Relationships Keep Failing | The #1 Reason Nobody Talks About;The Classic Codes;16;10600;0;1387;2026-08-26T03:30:12.000Z;0;0;oui
https://www.youtube.com/watch?v=Rwpf3O2LEXs;The Big 5 Personality Model Explained Explained in 6 Minutes;Blank Frame React;41;924;0.04;340;2025-10-28T10:44:35.000Z;302;0;oui
https://www.youtube.com/watch?v=zJLvYiUsZ0k;Emotionally Unavailable Without Realizing It? 7 Signs to Notice;Kati Morton;28812;1550000;0.02;493;2025-10-13T12:31:16.000Z;317;0;oui
https://www.youtube.com/watch?v=IuNE--6eriI;How Do Dating App Algorithms Work? (Explained Simply) - Your Online Dating Guru;Your Online Dating Guru;18;175;0.1;183;2025-08-26T13:25:28.000Z;365;0;oui
https://www.youtube.com/watch?v=hD-sn679D_k;Real Couples Take Compatibility Tests!;REACT;62880;20200000;0;1490;2026-02-14T17:00:00.000Z;193;0;oui
https://www.youtube.com/watch?v=et24j4LhKjs;More dating apps turn to A.I. to fight 'swipe fatigue';NBC News;8343;12100000;0;339;2026-08-17T23:05:54.000Z;8;0;oui
https://www.youtube.com/watch?v=GAv2ZnpkmBM;Why People Are QUITTING Dating Apps;Warwick Business School;481;10100;0.05;120;2025-09-04T06:30:14.000Z;356;0;oui
https://www.youtube.com/watch?v=R_bpR8TzNWo;Highly Sensitive Spouses: What You Need to Know;Focus on the Family Canada;68;2890;0.02;1122;2025-12-09T04:49:42.000Z;260;0;oui
https://www.youtube.com/watch?v=9pc4YHFosJc;The One Communication Habit That Predicts Relationship Success Dr. Yacob Tekie, Psychologist;DrYacobTekie;59;4500;0.01;38;2026-01-29T21:29:03.000Z;208;0;non
https://www.youtube.com/watch?v=uztsTML_FFQ;TQ 3232;Psychoanalytic Self Awareness Quotes;6;429;0.01;9456;2026-04-04T11:34:10.000Z;144;0;oui
https://www.youtube.com/watch?v=X3Fv_eZxChY;How to Meet Someone in Real Life in the Age of Dating Apps;TODAY with Jenna & Sheinelle;6326;243000;0.03;314;2025-09-12T15:16:10.000Z;348;0;oui
https://www.youtube.com/watch?v=bnaKVLoTcow;Bumble moves away from swiping as dating apps face burnout concerns;ABC News;29049;19800000;0;430;2026-05-14T21:32:51.000Z;103;0;oui
https://www.youtube.com/watch?v=wmJJWcPsUrg;Why Is Values Alignment Crucial For LGBTQ+ Couples? - LGBTQ Love and Dating;LGBTQ Love and Dating;10;134;0.07;141;2025-09-28T11:49:18.000Z;332;0;oui
https://www.youtube.com/watch?v=rTIjiiQalPU;Hinge Dating App Review: Worth the Hype in 2026?;Tinkr | Reviews & Guides;392;141000;0;148;2026-04-26T13:01:34.000Z;122;0;oui
https://www.youtube.com/watch?v=-bpRsF3pNP0;Swipe Fatigue Is Training You To Be Single | 30 Day Courtship Reset;JUSTIN G;15;186;0.08;851;2025-09-29T21:48:56.000Z;330;0;oui
https://www.youtube.com/watch?v=xN8gmI7VpmY;Swiping Killed Real Dating. | Why Nobody Commits Anymore |;Flips.Corner;36;1650;0.02;271;2025-12-27T15:55:13.000Z;242;0;oui
https://www.youtube.com/watch?v=cUHvhLE4iRs;Modern Dating is Scary… Here’s Why No One Commits Anymore;Dear Alie;5;89;0.06;3669;2025-12-10T04:15:06.000Z;259;0;oui
https://www.youtube.com/watch?v=SdvvZVwLv5U;Technology and Modern Relationships;Human Relationships | Ανθρώπων Σχέσεις;6;185;0.03;1457;2026-01-08T02:49:44.000Z;230;0;oui
https://www.youtube.com/watch?v=cPuxUsmsOYE;Love In The Digital Age: What's Really Going On With Dating Apps?;It's The Real Jay Anthony;24;396;0.06;759;2025-09-11T19:15:59.000Z;349;0;oui
https://www.youtube.com/watch?v=p7FrKdkccLI;Ep 15: From Swipe to Success? Finding Love in the Age of Dating Apps;The Grown-Ups Are Talking Podcast;6;69;0.09;2692;2025-09-22T12:54:30.000Z;338;0;oui
https://www.youtube.com/watch?v=BHEoj0PnN64;Finding love in the age of AI this Valentine’s Day;WRIC ABC 8News;105;16200;0.01;181;2026-02-13T04:16:49.000Z;194;0;oui
https://www.youtube.com/watch?v=3P5HlQxeHGs;Pattern des big five.;Guillaume Dulude;1510;66300;0.02;493;2025-09-06T16:00:09.000Z;354;0;oui
https://www.youtube.com/watch?v=4fqeKM3T8kc;AVANT DE TE MARIER, REGARDE ÇA ! (CONSEILS POUR CÉLIBATAIRES);Ezékias Mindset;158;8500;0.02;142;2025-10-22T17:00:14.000Z;308;0;oui
https://www.youtube.com/watch?v=64DVbbm4hFE;Big 5 Personality Traits – What Makes You Who You Are  (Jordan Peterson);MrMentalist;92;5320;0.02;420;2025-10-13T21:31:37.000Z;316;0;oui
https://www.youtube.com/watch?v=2_MPs0BA5ww;Pourquoi Tant D'HOMMES Restent Célibataire Pendant Des Années;Les Top 1%;66;11800;0.01;902;2026-01-25T14:00:06.000Z;213;0;oui
https://www.youtube.com/watch?v=ge8CWskSO6w;HOW MANY KIDS WILL YOU HAVE? Love Personality Test Quiz | 1 Million Tests;1 Million Tests;1027;263000;0;497;2026-01-07T15:00:50.000Z;231;0;oui
https://www.youtube.com/watch?v=X9Oq1K_gMCg;COMPATIBILITÉ AMOUREUSE – Vont-elles trouver l’amour sur le plateau ? – C’est Mon Choix;C'est mon choix - La chaîne officielle;4484;1470000;0;3239;2026-01-05T17:00:53.000Z;233;0;oui
https://www.youtube.com/watch?v=ZmPj-k5k6TM;Comment trouver l'amour à 20 ans (Mon plan d'action en 5 étapes);Maickel Cody;21;27100;0;517;2026-07-31T21:46:50.000Z;25;0;oui
https://www.youtube.com/watch?v=OSCTutAhAJM;WHICH BOYFRIEND IS YOUR PERFECT MATCH? Love Personality Test Quiz - 1 Million Tests;1 Million Tests;1197;263000;0;489;2025-12-03T10:43:43.000Z;266;0;oui
https://www.youtube.com/watch?v=U8PHLxHoYi8;Does your crush love you back? (personality test/quiz);Mr.GalaxyGMR07;8;2230;0;118;2026-04-10T13:59:30.000Z;138;0;oui
https://www.youtube.com/watch?v=xqriEYexh1k;Get rid of tense relationships with these 2 Trust-Building Steps;Vanessa Van Edwards;6743;1260000;0.01;102;2025-12-05T19:30:12.000Z;264;0;oui
https://www.youtube.com/watch?v=Iu1JG1Q3AjU;Por que não dou certo em relacionamentos?;Vieira Junior;807;73300;0.01;619;2025-10-07T22:00:19.000Z;322;0;oui
https://www.youtube.com/watch?v=CwzvVDIuuGI;THE 3-MONTH CURSE THAT KEEPS ENDING YOUR RELATIONSHIPS (AND HOW TO BREAK IT) | MATTHEW HUSSEY;Misterios y;4;98;0.04;1543;2025-10-05T19:00:10.000Z;325;0;oui
https://www.youtube.com/watch?v=aytSGfchQPE;Why Toxic Relationships Never Last (and What Healthy Love Looks Like) 💔➡️❤️;Ellie Taylor;26;1570;0.02;447;2025-09-23T03:56:09.000Z;337;0;oui
https://www.youtube.com/watch?v=XDs2u8GHbsk;Quiz: Who’s Actually Compatible With You? (Self-Test);Psych2Go;76280;13100000;0.01;453;2025-09-01T21:25:00.000Z;358;0;oui
https://www.youtube.com/watch?v=su8GsplgOOY;Si Elle Te Cache Ces 4 Choses, Ne L’Épouse Jamais | Psychologie Féminine & Relations;Esprit Stoïque;263;48900;0.01;955;2026-02-04T17:20:02.000Z;203;0;oui
https://www.youtube.com/watch?v=1JJvMU3Kn0w;François raconte sa vision du couple et de la famille;Franck Nourrisson;9;3820;0;195;2026-07-08T14:30:05.000Z;49;0;oui
https://www.youtube.com/watch?v=KU-XNMJfrUI;LE DÉFAUT QUI DÉTRUIT VOTRE COUPLE (SANS QUE VOUS LE SACHIEZ);Mélodie Es;153;20400;0.01;223;2025-12-29T17:00:28.000Z;240;0;oui
https://www.youtube.com/watch?v=PRRY0xmA0Uc&list=RDPRRY0xmA0Uc&start_radio=1;Warrior - Toll of the Navy   (Lyrics in the Comments);WarriorPresents;182;27400;0.01;228;2025-12-29T23:34:09.000Z;239;0;oui
https://www.youtube.com/watch?v=iEKN3F2aY3g;10 HABITUDES qui rendent les COUPLES plus UNI et plus HEUREUX chaque jour;La Voie de la Sérénité;83;4560;0.02;791;2025-10-07T17:40:52.000Z;323;0;oui
https://www.youtube.com/watch?v=whS-PXdEvAs;Comment identifier une personne incompatible ? 5 Signes Clés ❗️;Demander Et Répondre;13;752;0.02;74;2025-11-14T12:59:58.000Z;285;0;oui
https://www.youtube.com/watch?v=_MvCJugD_rk;Le style d’attachement anxieux;Marc Pistorio - Topic;26;1180;0.02;402;2025-09-23T17:22:50.000Z;337;0;non
https://www.youtube.com/watch?v=9SQlNARK_rE;Pourquoi ton couple ne change pas malgré tous tes efforts;Pascal Quionquion ⎪Couple heureux;10;3080;0;1057;2026-04-10T04:07:32.000Z;138;0;oui
https://www.youtube.com/watch?v=SiNNYXKk08M;Le style d'attachement anxieux;Marc Pistorio - Topic;21;1180;0.02;402;2025-09-22T12:45:41.000Z;338;0;non
https://www.youtube.com/watch?v=ojh9gxLzTNw;Toulon : Gael Dréan détaille son retour après une opération cardiaque;Vibrez Rugby;3;2810;0;47;2026-08-25T20:33:39.000Z;0;0;oui
https://www.youtube.com/watch?v=WPBKZlw1XNg;Comment les Personnes Intelligentes Choisissent leur Partenaire;Psyché Féminine;216;10200;0.02;602;2025-10-12T12:00:54.000Z;318;0;oui
https://www.youtube.com/watch?v=ZCXWMapUG8E;THE OCEAN MODEL OF PERSONALITY TRAITS #drmbashu #drissambashu;Dr Issa Mbashu MD | PMP;6;642;0.01;278;2026-04-02T18:21:40.000Z;146;0;oui
https://www.youtube.com/watch?v=SK-_jtn2N_c;Elle tombe amoureuse de vous… mais elle a peur | 15 signes psychologiques cachés;Mentalité de Réussite;81;8740;0.01;797;2026-01-07T19:30:06.000Z;231;0;oui
https://www.youtube.com/watch?v=gMkbMfrSr4w;quelques signes pour savoir si on est compatible - pasteur Joelle Kabasele;la maison familiale;26;3540;0.01;1546;2026-02-04T19:00:53.000Z;203;0;oui
https://www.youtube.com/watch?v=Wce3mjFVj8Q;Comment faire la différence entre attirance intense et vraie compatibilité ?;La Télé du Développement Personnel;34;29700;0;507;2026-07-14T14:00:04.000Z;43;0;oui
https://www.youtube.com/watch?v=FaYWdJDcuUk;GEN Z : La fin des relations longues;Kyooju ;4;1850;0;230;2026-08-07T13:55:41.000Z;19;0;oui
https://www.youtube.com/watch?v=9VR86epAmLQ;L’Attirance Magnétique Entre Deux Êtres – Le Mystère Invisible Qui Défie la Raison;Elevate_and_Achieve;85;29200;0;271;2026-02-20;187;0;oui
https://www.youtube.com/watch?v=i0kZoCHk_sY;They’re Your Type, But Are They Right for You?;Israel Onadare;18;32400;0;540;2026-08-24T08:41:54.000Z;2;0;oui
https://www.youtube.com/watch?v=A-_peBkA5JU;7 Habits Of Couples Who DON'T Break Up - According To Science;The Love Scientist;50;6610;0.01;404;2025-11-08T22:00:10.000Z;290;0;oui
https://www.youtube.com/watch?v=XFjbhMGrulQ;Why I Deleted the Dating Apps | Ep. 137;Taboo to Truth;56;4800;0.01;608;2025-12-19T13:01:13.000Z;250;0;oui
https://www.youtube.com/watch?v=OTSYaE58zb4;Pure Dating App Review || Is It Worth It (Full Guide);Charles Rivera;51;9650;0.01;136;2026-03-01T08:05:08.000Z;178;0;oui
https://www.youtube.com/watch?v=Sq20cwMhSn4&t=25s;How Couples Accidentally Become Introverts (And How to Fix It!);Armani Talks;19;11800;0;229;2026-07-08T13:01:07.000Z;49;0;oui
https://www.youtube.com/watch?v=9VAHllYu0p8;Trafic de drogue: le gramme de cocaïne coûte-t-il 30 euros ?;Le Figaro;15362;982000;0.02;159;2025-08-28T16:30:07.000Z;363;0;oui
https://www.youtube.com/watch?v=Ux7R3cqd7Sc;What Couples Can Learn from BD$M Communities;Sexual Health Alliance;51;2960;0.02;236;2025-10-30;300;0;oui
https://www.youtube.com/watch?v=5baauKKUykc;"What Happens When Couples Are Too Different" - Jordan Peterson;Logos University;3063;232000;0.01;320;2025-09-17T22:13:00.000Z;342;0;oui
https://www.youtube.com/watch?v=2IYOQ7Z2JC0;S and C DISC Personalities in Love: When Loyalty Meets Precision;Mature Glamor;10;3500;0;1065;2026-05-25T08:45:01.000Z;93;0;oui
https://www.youtube.com/watch?v=KUnQCI31mJ8;Pourquoi aller sur Tinder après une rupture ?;Antoine Peytavin;3345;279000;0.01;360;2025-09-08T16:30:07.000Z;352;0;oui
https://www.youtube.com/watch?v=GVCm6Xe0K28;How To Know If Someone Unmatched You Bumble Tutorial;Quick FAQ;29;4010;0.01;126;2025-12-26T16:44:00.000Z;243;0;oui
https://www.youtube.com/watch?v=1bB6GC_y9YY&list=RD1bB6GC_y9YY&start_radio=1;We Loved Each Other;Candy Box;74;10700;0.01;200;2026-02-12T15:53:06.000Z;195;0;non
https://www.youtube.com/watch?v=yqZs5z1_pqc;Why Couples Drift Apart (And How to Feel Close Again);Happily Committed;170;190000;0;738;2026-07-27T12:56:14.000Z;30;0;oui
https://www.youtube.com/watch?v=uLsxfNISKQ8;Love Expert: Why Relationships Keep Failing (& How To Fix It);Lewis Howes;42122;5000000;0.01;4838;2025-10-13;317;0;oui
https://www.youtube.com/watch?v=tt4IwCxbk30;Why Couples Drift Apart After Marriage | Toxic Relationships | Gulsana Mansha | Cyber Tv Podcast;Cyber Tv Podcast;551;1020000;0;3244;2026-07-27T13:25:41.000Z;30;0;oui
https://www.youtube.com/watch?v=ByZ76enBl68;How To Tell If Dating Values Are Incompatible?;LGBTQ Love and Dating;4;134;0.03;226;2025-12-04T13:39:11.000Z;265;0;oui
https://www.youtube.com/watch?v=JJ7FUkaza_I;Why your relationships keep failing (The Hidden Cause No One Talks About);I AM always loved - (ChanMyae LinLatt);63;4780;0.01;1511;2025-09-16T23:57:05.000Z;343;0;oui
https://www.youtube.com/watch?v=lS5qdIyye6U;The 3 Pillars of Love: What Makes Relationships Truly Last;Audilia ~Alchemize Shadow into Wisdom ;3;18;0.17;319;2025-08-26T04:31:02.000Z;365;0;oui
https://www.youtube.com/watch?v=Ui3vz1s_WNQ;265. RALPH PIEDMONT: The Big Five Personality Types;Andrew G Marshall - Therapy;46;2360;0.02;3389;2025-11-10T08:00:42.000Z;289;0;oui
https://www.youtube.com/watch?v=y4gumAw7GyU;Swiping fatigue: Why more singles say dating apps are leaving them burned out;WJCL News;484;115000;0;207;2026-02-12T16:48:39.000Z;195;0;oui
https://www.youtube.com/watch?v=qNV60hNXWfE;What Is A Matchmaking Algorithm And Why Does It Matter For Dating? - Your Online Dating Guru;Your Online Dating Guru;7;175;0.04;228;2025-10-26T14:44:43.000Z;304;0;oui
https://www.youtube.com/watch?v=WkB1EXkM9PI;Would You Choose Attraction or Compatibility in a Relationship?;NTV Kenya;1110;3170000;0;4771;2026-08-11T13:35:25.000Z;15;0;oui
https://www.youtube.com/watch?v=7ehEZmhD8NE;Couples Compatibility Quiz 💑❤️ | How Well Do You Really Know Each Other? 😏🔥;Guesser Quiz;107;32900;0;758;2026-02-03T16:38:03.000Z;204;0;oui
https://www.youtube.com/watch?v=b1vplkU5j3k;How AI Reads Your Face to Reveal Personality and Relationship Compatibility;Sugira Rubasha;34;32000;0;2115;2026-06-05T03:00:16.000Z;82;0;oui
https://www.youtube.com/watch?v=RvJNnsYUNe4;How to know if you are compatible with your partner or lover?;The Roving Messenger;9;1560;0.01;292;2026-02-13T21:19:34.000Z;193;0;oui
https://www.youtube.com/watch?v=snuqWrLEqp0;Jordan Peterson: “You’re Not Where You Want to Be”;Jordan Peterson Rules for Life;3092;500000;0.01;1250;2025-10-05T19:00:45.000Z;325;0;oui
https://www.youtube.com/watch?v=4z-hBgLKA4Q;Why Is Conscientiousness An Important Personality Trait? - The Everyday Why;The Everyday Why;6;176;0.03;165;2025-09-16T12:53:07.000Z;344;0;oui
https://www.youtube.com/watch?v=PPjM0rPkKDY;Ryan’s Relationship Review Notes (Key Review 7);Ryan McPherson;13;487;0.03;397;2025-08-30T19:00:31.000Z;361;0;oui
https://www.youtube.com/watch?v=qu44LapIbMs;Tinder Review 2025: Still The Ultimate Hookup App? 🤫;StopNWatch;17;1830;0.01;77;2026-02-13T11:18:13.000Z;194;0;oui
https://www.youtube.com/watch?v=Czpt55Yu5mg;Why Emotional Availability Predicts Relationship Success | Thursday Theories;Isabel Montenegro;11;1490;0.01;229;2026-03-20T08:43:20.000Z;159;0;oui
https://www.youtube.com/watch?v=Ak7yCCAHbuQ;5 Daily Habits to Help You Meet People In Real Life;Hayley Quinn;1873;112000;0.02;289;2025-09-21T16:15:00.000Z;339;0;oui
https://www.youtube.com/watch?v=PwDq0uCIdJQ;What’s Your SECRET Love Language? Quiz!;Psych2Go;88558;13100000;0.01;615;2025-11-02T20:12:56.000Z;297;0;oui
https://www.youtube.com/watch?v=WE9YqaR6DqA;Why Being Too Nice Makes You Forgettable (Romance);Grumpy & Annoyed;10;573;0.02;319;2025-11-19T18:00:40.000Z;280;0;oui
https://www.youtube.com/watch?v=5Gs1biB9ZRE;What Is Values Alignment In Queer Relationship Goals? - LGBTQ Love and Dating;LGBTQ Love and Dating;5;134;0.04;168;2025-09-28T12:51:20.000Z;332;0;oui
https://www.youtube.com/watch?v=DupjzjIQtko;How Your Personality Type Affects Your Relationships | Psychology of Love and Connection;Smart Money invest;32;5160;0.01;827;2025-12-29T00:53:08.000Z;240;0;oui
https://www.youtube.com/watch?v=k5wltu1UUgU;Shared Values: The Secret to Building a Strong Foundation for Love;Worry Less Life;4;82;0.05;910;2025-09-13T16:01:13.000Z;347;0;oui
https://www.youtube.com/watch?v=43GIkiPplSM;Stop Being "Nice": The Dark Side of Agreeableness;Depth Architect;25;8050;0;665;2026-02-25T22:30:00.000Z;181;0;oui
https://www.youtube.com/watch?v=8i4fc6P05J8;Tinder’s CMO Talks Dating App Burnout And How AI Is Changing How We Meet;Forbes;1715;2180000;0;2558;2026-04-03T21:15:32.000Z;144;0;oui
https://www.youtube.com/watch?v=GTN4kLEs47U;This Is Why Nobody Commits in America Anymore (Date Stacking);Rich Motion;749;84800;0.01;176;2025-11-29T02:30:23.000Z;270;0;oui
https://www.youtube.com/watch?v=11WNVJ5PTv8;Will Real Love Become a Luxury in the Age of AI?;Matrizeum;4;53;0.08;402;2025-08-31T10:24:04.000Z;360;0;oui
https://www.youtube.com/watch?v=VU9LaQ6c7S4;'The gender divide with Gen Z is wider than the Grand Canyon': Enten on changing demographics;CNN;130506;19800000;0.01;199;2025-09-09T17:00:42.000Z;351;0;oui
https://www.youtube.com/watch?v=5S57nnlhi18;Has Social Media and Dating Apps Completely Destroyed the Dating Market?;Haakon the Good;918;88300;0.01;1589;2025-09-12T22:00:11.000Z;347;0;oui
https://www.youtube.com/watch?v=dTInaFAKkTg;Arrête IMMÉDIATEMENT les Applis de Rencontre (voici pourquoi);Psyché Féminine;89;10200;0.01;381;2025-09-12T14:52:31.000Z;348;0;oui
https://www.youtube.com/watch?v=J71q7UXzFyY;Why do people fall out of love?;reginald stroud;33;29900;0;431;2025-08-29T00:07:16.000Z;362;0;oui
https://www.youtube.com/watch?v=IiwifgKwlGc;Comment connaître sa compatibilité amoureuse ? | Test, signes et émotions 💫;Connaitre l La chaîne Officielle;7;5750;0;67;2025-10-05T23:48:26.000Z;324;0;oui
https://www.youtube.com/watch?v=rM8DcgfpxCg;🧠 What 100 Questions Revealed About My Personality | Big Five BFAS-100;Mallacoota2020;1;1710;0;309;2026-08-25T19:10:16.000Z;1;0;oui
https://www.youtube.com/watch?v=XFNK2ZmqnUg;What Happens When A Long Term Relationship Ends After A Year;Psych2Go;62522;13100000;0;316;2025-09-06;354;0;oui
https://www.youtube.com/watch?v=2ixkB1iGRHw;Why don't dating apps work better? | Joanna Montgomery | TEDxSt Albans;TEDx Talks;20448;44600000;0;711;2026-01-19T18:00:06.000Z;219;0;oui
https://www.youtube.com/watch?v=dFnaTqt6wAk;Working through the hard seasons in relationships;Radio 702;69;126000;0;1940;2026-02-13T10:45:22.000Z;194;0;oui
https://www.youtube.com/watch?v=eMAXQxVWCc0;DITCH THE DATING APPS: DO THIS 1 THING EVERY DAY TO FIND LOVE | Melissa Dishell | TEDxPacific Avenue;TEDx Talks;21891;44600000;0;502;2025-10-22T15:47:12.000Z;308;0;oui
https://www.youtube.com/watch?v=_rxG2hhT4sU;Se Ti Tratta Così… NON È LA PERSONA GIUSTA: I 9 Segnali Che Nessuno Vuole Ammettere;massimo taramasco;101;291000;0;523;2025-11-26T07:00:36.000Z;273;0;oui
https://www.youtube.com/watch?v=WDL4UeLwkXY;Rimjhim Actors Yashika Sharma & Himanshu Awasthi Take Compatibility Test;TellyChakkar;;7750000;;350;2026-01-22T10:56:07.000Z;216;0;oui
https://www.youtube.com/watch?v=K3cchoD58Mw;For Years, My Relationships Never Lasted More than Three Months Until I Found a Photo of Myself....;D-Story;1;1750;0;819;2026-04-03T08:32:09.000Z;145;0;oui
https://www.youtube.com/watch?v=eKH65-wNURQ;Comment sortir des schémas répétitifs en amour ?;Alexandre CORMONT (officiel);2404;1770000;0;209;2026-01-24T10:28:51.000Z;214;0;oui
https://www.youtube.com/watch?v=4JjQVKaOxzU;Les styles d’attachement insécurisant anxieux, évitant et désorganisé;Marc Pistorio - Topic;13;1180;0.01;101;2025-09-23T17:24:39.000Z;337;0;non
https://www.youtube.com/watch?v=FjaItgJHme0;“Compatibilité Spirituelle Avant le Mariage. Découvre si ton Couple est BÉNI ou BLOQUÉ;Psalmist Kingdom;45;16200;0;384;2025-10-20T09:30:07.000Z;310;0;oui
https://www.youtube.com/watch?v=FL1NEbUjcBc;Love isn’t enough.;The Relationship Code;54;189000;0;189;2025-10-20T07:38:43.000Z;310;0;oui
https://www.youtube.com/watch?v=S3JMOhpSW8M;*7 erreurs à éviter dans une relation amoureuse – Ne les fais plus jamais !*;CINÉMA STUDIO ;1;42;0.02;641;2025-12-28T15:00:51.000Z;241;0;non
https://www.youtube.com/watch?v=MPGF4GEc0V0;Conflit en Dating : Est-ce Sain ? Le Secret des Relations Qui Durent;Drapeaux Rouges et Roses;3;0;;230;2026-01-31T13:57:32.000Z;207;0;oui
https://www.youtube.com/watch?v=yEvnWIZ_VSM;Rupture : comment calmer ton système nerveux par la respiration;Nora holistic Coaching;1;222;0;198;2026-07-20T08:01:34.000Z;37;0;oui
https://www.youtube.com/watch?v=5ZwE7lhBtmE;ENGAGE IN THE WORLD;rithy sak;1;1100;0;740;2026-03-13T12:00:09.000Z;166;0;oui
https://www.youtube.com/watch?v=ybAsZTiZO7M;Introvert Dating Myths;Uber Mind;23;31500;0;257;2026-06-11T05:18:30.000Z;76;0;oui
https://www.youtube.com/watch?v=uPdSSg0HCWw;Conseils amoureux pour faire durer son couple;Coaching Couple - Team Couple method®;8;1460;0.01;1058;2026-01-07T17:01:30.000Z;231;0;oui
https://www.youtube.com/watch?v=kULsKky0D80;Comment savoir si mon téléphone est compatible 5G;Asrikh;398;289000;0;60;2026-01-22T14:01:12.000Z;216;0;oui
https://www.youtube.com/watch?v=NVm_mAUVAYA;Why the Big 5 Personality Test Is Failing Us – Sherlock's Take;Ben Cardall;103;13200;0.01;2028;2025-08-29T13:01:55.000Z;362;0;oui
https://www.youtube.com/watch?v=MuHMfUey0g0;Quinlan Walther on the Truth About Chemistry vs Compatibility in Love 🔥❤️‍🩹;Jay Shetty Fan Channel;463;182000;0;346;2025-10-26T12:30:25.000Z;304;0;oui
https://www.youtube.com/watch?v=FIRzRZ7E0-4;Comment savoir si son téléphone est compatible 5g Android;Asrikh;599;289000;0;65;2025-11-09T10:47:23.000Z;290;0;oui
https://www.youtube.com/watch?v=2W26YzKSmcc;Ce qui fait tenir un couple : la vérité que personne ne dit;EspritCaptivant;8;1530;0.01;226;2025-11-10T15:00:05.000Z;289;0;oui
https://www.youtube.com/watch?v=VVhAMUS0sVI;🖥️✅ Windows 11 : Comment Savoir si Votre PC est Compatible ! ⚡;WayToLearnX;87;79500;0;116;2025-11-11T19:08:48.000Z;288;0;oui
https://www.youtube.com/watch?v=ttks3NuLYIA;Amoureux et Langoureux (Quelle Diff.);Français Dévoilé;7;7320;0;88;2026-01-14T17:11:09.000Z;224;0;oui
https://www.youtube.com/watch?v=U8xrdt7Xahg;Comment savoir si une femme est compatible;Dr Stone ;0;1510;;453;2025-11-15T00:23:27.000Z;284;0;oui
https://www.youtube.com/watch?v=lOY1cztWeHQ;OCEAN Personality Profile;Melissa Bahena;7;0;;123;2026-03-05T03:14:21.000Z;174;0;oui
https://www.youtube.com/watch?v=95yq_K9t21g;35. Chemistry vs. Compatibility;Janice Formichella;0;1480;;5299;2026-01-26T17:50:47.000Z;212;0;oui
https://www.youtube.com/watch?v=XOEpF8MwHko;7 habitudes qui prouvent que votre couple est solide;Koupl;33;0;;330;2026-03-31T17:40:12.000Z;148;0;oui
https://www.youtube.com/watch?v=GF5Xc3iB5yY;Faire Durer l'Amour;Vie idéale;1;674;0;94;2025-11-29T09:33:14.000Z;270;0;oui
https://www.youtube.com/watch?v=7UZWce2CPis;Hinge vs OkCupid | Honest Dating App Review 2025;Know How 101;17;1730;0.01;64;2025-11-08T20:24:39.000Z;290;0;oui
https://www.youtube.com/watch?v=myREaYXG2wA;Épisode 1  Pourquoi les Apps de Rencontre Sabotent Votre Vie Amoureuse ?;Comment trouver l'Amour ?;6;454;0.01;846;2025-11-04T11:33:38.000Z;295;0;oui
https://www.youtube.com/watch?v=CvLMCHhYTB0;Meetic ou Tinder Avis : Quelle app choisir ? Les différences ? (celle qui marche VRAIMENT);Avis Consommateurs;146;108000;0;697;2026-02-07T15:15:00.000Z;200;0;oui
https://www.youtube.com/watch?v=ZhxdHDk8VYA;The Introvert & The Extrovert: Love in Opposite Directions;Uber Mind;71;31500;0;235;2025-10-31T03:21:57.000Z;299;0;oui
https://www.youtube.com/watch?v=-Oy4iJEAamQ;Les Meilleures Applications pour Trouver l’Amour aux États-Unis 2026 | Meilleures Apps Rencontres;Decisione informata;13;2180;0.01;431;2025-09-15T13:48:27.000Z;345;0;oui
https://www.youtube.com/watch?v=oylgxfcuoOw&t=671s;Introversion vs. Extroversion | Why Most People Get It Wrong? | Behind The Mind | Ep 13;SEN - South Era Network;43;106000;0;919;2026-03-08T23:00:58.000Z;170;0;oui
https://www.youtube.com/watch?v=dzDhuM7tIVA;Balancing Neatness and Chaos at Home;Roseville Rappers;2;232;0.01;476;2025-10-30T18:55:15.000Z;300;0;oui
https://www.youtube.com/watch?v=zZbfYulI8aA;Can an Introvert & Extrovert Truly Make a Relationship Work?;TheRelationshipReport;3;433;0.01;85;2025-09-25T17:01:22.000Z;335;0;oui
https://www.youtube.com/watch?v=CswRURK369s;Tinder vs Hinge | App Comparison 2025;Quickstruct;11;5660;0;82;2025-10-22;308;0;oui
https://www.youtube.com/watch?v=uNQkzcHUoYo;DiHola Latino Dating App Review 2026 | Features, Pricing & Is It Worth It?;MILLIONAIRE IN 1 DAY;3;8560;0;157;2026-04-28T14:18:40.000Z;120;0;oui
https://www.youtube.com/watch?v=A3rYSvRRxOo;Tinder vs Hinge 2025 – Which Dating App Is Actually Better?;Mafia Reviews;6;5430;0;113;2025-09-29T21:53:24.000Z;330;0;oui
https://www.youtube.com/watch?v=DVbJOBbN8cI;«Dating fatigue» : pourquoi les célibataires désertent-ils les applications de rencontres ?;Europe 1;448;2290000;0;79;2025-10-26T11:00:37.000Z;304;0;oui
https://www.youtube.com/watch?v=yn77TedASzg;Decoding the Imperial Algorithm Part 1|Paulino Martínez Gallaga;El Linaje de la Luz;7;48100;0;312;2026-01-22T18:59:28.000Z;216;0;oui
https://www.youtube.com/watch?v=qvgkXiVh-SQ;How Introverts & Extroverts Can Make a Relationship Work (Proven Tips);MindSprout-Psychology;1;3;0.33;293;2026-03-14T19:55:37.000Z;165;0;oui
https://www.youtube.com/watch?v=pM-Du4FPZXQ&list=RDpM-Du4FPZXQ&start_radio=1;22 juillet 2026;S M;15;0;;200;2026-07-22T19:00:06.000Z;35;0;oui
https://www.youtube.com/watch?v=7awnctn_bKU;L'Amour Sous Algorithme : Quand l'IA Décide Pour Nous;Evoluvi;17;0;;250;2025-09-22T15:26:15.000Z;338;0;oui
https://www.youtube.com/watch?v=XM4HLEtoSf0;Meltym — Le réseau social des activités réelles;Meltym;1;0;;60;2026-08-25T12:49:03.000Z;1;0;oui
https://www.youtube.com/watch?v=IWbsxBDo_NU;5 Signs of an Incompatible Relationship;Marian Hanson Counselling Service;34;3150;0.01;242;2025-09-24T08:41:03.000Z;336;0;oui
https://www.youtube.com/watch?v=JswuBFaqOmY;The Friendship That Ended Without A Fight (Nobody Talks About This);Vivian Omoke;2;2860;0;176;2026-07-28T16:45:09.000Z;29;0;oui
https://www.youtube.com/watch?v=5FlHFFVdMjk;Why Do We Attract The Wrong Partners;TheSpiritualLibrary;182;416000;0;204;2025-11-20T22:01:55.000Z;278;0;oui
https://www.youtube.com/watch?v=fDqywRFIAmE;HIDDEN Reasons You Push People Away (That Your Brain Does To "Protect" You);Psychvella;16;0;;243;2026-06-22T14:27:31.000Z;65;0;oui
https://www.youtube.com/watch?v=Rp-1GYthyrI&list=RDRp-1GYthyrI&start_radio=1;We Loved Each Other, But Not Ourselves;Release - Topic;138;0;;124;2026-03-09T20:23:11.000Z;169;0;non
https://www.youtube.com/watch?v=ehhKgjEjVkg&list=RDehhKgjEjVkg&start_radio=1;We Loved Each Other at Different Speeds;Release - Topic;150;0;;148;2026-03-09T18:59:27.000Z;170;0;non
https://www.youtube.com/watch?v=32-QJ5OUHuo;Why You Keep Attracting the Wrong Partner (Attachment Theory Explained);IntimIQ;6;0;;291;2026-06-29T07:00:32.000Z;58;0;oui
https://www.youtube.com/watch?v=JbtVLm0-KII;The Uncomfortable Truth About Why Your Last Relationship Failed;The Soft Reset | First-Time Motherhood;3;0;;245;2026-07-27T08:00:59.000Z;30;0;oui
https://www.youtube.com/watch?v=GChwdqK9gCA;The Marriage That Ended Without a Single Fight;Movie Decode;1;54;0.02;403;2026-03-22T07:48:33.000Z;157;0;oui
https://www.youtube.com/watch?v=5jg1CQ-tuP8;Why Relationships End Without Fighting!;Three Vessels;1;0;;247;2025-12-25T04:00:06.000Z;244;0;oui
https://www.youtube.com/watch?v=yjKqyFB8viY;Love Is Not Enough: What Actually Sustains a Relationship in 2026;Life Advice Solutions;9;0;;655;2026-06-03T09:46:13.000Z;84;0;oui
https://www.youtube.com/watch?v=-YoznqzXddU&list=RD-YoznqzXddU&start_radio=1;We Loved Each Other At Wrong Time;Aly G - Topic;6;0;;240;2026-08-14T10:03:38.000Z;12;0;non
https://www.youtube.com/watch?v=KOklxWNY60s;"Single at 40 and Never Had a Relationship Over 5 Months!";Limitless Hustle;10;0;;1248;2025-09-03T12:25:19.000Z;357;0;oui
https://www.youtube.com/watch?v=7k0AyKurAqw;Can our relationship work if we have different values?;Love Your Values;1;1;1;61;2026-02-17T22:26:06.000Z;189;0;oui
https://www.youtube.com/watch?v=gV2IswPDuB0;7 Signs of an Incompatible Relationship;BladHeart;1;0;;225;2025-11-29T00:22:34.000Z;270;0;oui
https://www.youtube.com/watch?v=FLWYFbNeOGw;Relationship Anarchy Series: Find Your Core Set of Relationship Values;All The Love Podcast;0;4;;3815;2026-08-13T04:02:39.000Z;13;0;oui
https://www.youtube.com/watch?v=ULBtKaHrteQ;7 Signs of an Incompatible Relationship;Signals In Love;8;0;;493;2026-01-19T17:43:39.000Z;219;0;oui
https://www.youtube.com/watch?v=3W0u3yRikUk;She Stopped Believing in Love… Then This Happened;OliviaTales;1;1;1;793;2026-08-25;1;0;oui
https://www.youtube.com/watch?v=i4Tn_UophYY;She Stopped Believing in Love—Until One Silent Cowboy Changed Everything;RancheroTales;0;0;;2043;2026-08-01T03:00:03.000Z;25;0;oui
https://www.youtube.com/watch?v=pNGQuigNNrI;Why Do People Fear Commitment in Relationships? | Psychology Explained;the_psychology_of_people;49;0;;195;2026-06-02T18:48:21.000Z;85;0;oui
https://www.youtube.com/watch?v=Py_a3G-EB1k;Why Some People Can't Believe They're Truly Loved;Us And Money;4;5670;0;207;2026-06-30T13:58:12.000Z;57;0;oui
https://www.youtube.com/watch?v=pQDEHAcO4LY;Opposites Attract - Science vs Instinct | The Author’s Mind;Author Lindsey Pogue;24;4260;0.01;541;2025-08-27T07:00:54.000Z;364;0;oui
https://www.youtube.com/watch?v=yS4doMFAD68;Big Five No More? New Study Reveals Hidden Personality Traits;Omarsoide;3;525;0.01;331;2025-09-07T16:00:06.000Z;353;0;oui
https://www.youtube.com/watch?v=mBOuzVUAX3Y;You Are Not Your MBTI | Hyeyoon Jang | TEDxIGBIS Youth;TEDx Talks;454;44600000;0;199;2026-06-08T16:57:38.000Z;79;0;oui
https://www.youtube.com/watch?v=tIsTIB1OO6c;Day4 - The Truth About Opposites Attract—Science Says No #relationshippsychology #relationshiptips;LiveED;0;601;;220;2026-08-21T03:30:08.000Z;5;0;oui
https://www.youtube.com/watch?v=ITp0N3SFr3U;The Science of Lasting Love;Stronger Strings;2;0;;150;2026-07-12T15:15:29.000Z;45;0;oui
https://www.youtube.com/watch?v=azWqt6rNRzc;The Science of Lasting Love;Eeyore's Temperament;14;0;;377;2025-12-08T05:00:09.000Z;261;0;oui
https://www.youtube.com/watch?v=thsaKkLZmKg;The Hidden Patterns That Predict Divorce;pfn;0;0;;579;2025-09-22T16:36:01.000Z;338;0;oui
https://www.youtube.com/watch?v=QWrvwuET3sk;What does a personality test say about you?;Micah Antick-Oslund;60;0;;274;2025-09-16T20:03:47.000Z;344;0;oui
https://www.youtube.com/watch?v=opavfDwnkKk;Personality Test: What Do You See First? (Free Quiz);Mobile Games & Utilities;0;0;;40;2026-08-26T08:13:28.000Z;0;0;non
https://www.youtube.com/watch?v=hHf6kXSa--U;Unlocking Your Potential  The Power of the Big Five Personality Test;Love Not Fear;0;117;;37;2026-04-13T09:58:18.000Z;135;0;oui
https://www.youtube.com/watch?v=jEv-If4vcIg;Personality Tests Are Lying to You—Here's Which Actually Work;Armchair Diagnosis;1;12;0.08;846;2026-03-10T00:45:04.000Z;169;0;oui
https://www.youtube.com/watch?v=L1enuZCORMA;You Didn’t Miss the Red Flags… You Ignored Them;LoveOrlie;1;0;;65;2026-04-14T17:00:35.000Z;134;0;oui
https://www.youtube.com/watch?v=MXGMhSK1aMM;5 Red Flags Disguised As Green Flags In Early Dating;Ms. Peterson;1;0;;385;2026-08-06T18:45:11.000Z;20;0;oui
https://www.youtube.com/watch?v=q91knf2HAxU;Ocean Model and Strengthsfinder;Lore Guzaro;7;0;;685;2026-04-10T04:29:37.000Z;138;0;oui
https://www.youtube.com/watch?v=DHC55k82qdM;Understanding OCEAN: The Only Personality Model Backed By Science | S4 EP118;Around the Kinky Kampfire;1;40;0.03;1740;2026-03-05T15:29:59.000Z;174;0;oui
https://www.youtube.com/watch?v=_ibtyzTAork;The Big Five Personality Traits Relationship physclogy;Inside the American Mind;1;1070;0;318;2026-02-14T11:46:20.000Z;193;0;oui
https://www.youtube.com/watch?v=ExMOE6GNGiU;Swipe Right on This: How Dating App Algorithms Shape Who We Meet;Vivianne Julia Zhou;6;0;;309;2026-03-10T04:20:28.000Z;169;0;oui
https://www.youtube.com/watch?v=2QNKGQKTH8w;Compatibility Explained in 8 Minutes;Modern Love Exposed;1;936;0;421;2025-12-31T01:00:04.000Z;238;0;oui
https://www.youtube.com/watch?v=_n0AeFlcLJc;The Hidden Psychology of Relationship Compatibility.;Pattern Shift Tv;3;0;;399;2026-02-12T14:01:01.000Z;195;0;oui
https://www.youtube.com/watch?v=oEvMfggJa2Q;The Strong Brew: Conscientious Partner;The Strong Brew;0;193000;;892;2025-09-07T08:39:53.000Z;353;0;oui
https://www.youtube.com/watch?v=YBJVkFCmJaA;Rising level of dating app burnout strikes 78 percent of all users: Report;MS NOW;10712;9960000;0;324;2026-02-12T16:03:18.000Z;195;0;oui
https://www.youtube.com/watch?v=a349WHtAOuA;Bumble Review: Worth Swiping in 2026?;Tinkr | Reviews & Guides;135;141000;0;158;2026-04-20T14:20:48.000Z;128;0;oui
https://www.youtube.com/watch?v=IRw8YFAZFnc;Why I Quit Using Dating Apps;LuxGreen;20;1100;0.02;570;2025-08-31T05:52:42.000Z;360;0;oui
https://www.youtube.com/watch?v=jXwJ75-TzGg;How soon will you find your soulmate? | Personality test| #funquiz #love #quiz #games #gamechallenge;Quiz quiz;7;16000;0;209;2026-08-25T12:58:12.000Z;1;0;non
https://www.youtube.com/watch?v=3XmrQfKK57k;Tinder Review 2025: Still the Best FREE Dating App?;StopNWatch;8;1830;0;73;2026-01-21T11:11:50.000Z;217;0;oui
https://www.youtube.com/watch?v=GsiL47dRSDw;💖The Science of Relationship Magnetism | How to Become Truly Irresistible;The Selfography;2;46;0.04;303;2025-09-29T09:00:31.000Z;331;0;oui
https://www.youtube.com/watch?v=QFO5iolNMWk;Should I Pay For A Dating App Subscription?;Your Online Dating Guru;2;175;0.01;202;2025-12-23T12:59:40.000Z;246;0;oui
https://www.youtube.com/watch?v=ewk1teVaxmM;The Paradox of Attraction: Why Do Men Always Agree When Women Get Bored? (Shocking Truth);Magnetic Masculinity;4;1510;0;2780;2026-02-27T04:30:00.000Z;180;0;oui
https://www.youtube.com/watch?v=fpPH63Iu8H4;Tinder Review: Still the Best Dating App in 2026?;Tinkr | Reviews & Guides;41;141000;0;191;2026-03-30T21:45:40.000Z;148;0;oui
https://www.youtube.com/watch?v=IgndBbs8YgY;How Do Shared Values Build A Strong Marriage? - Better Family Relationships;Better Family Relationships;5;865;0.01;174;2025-09-12T08:54:47.000Z;348;0;oui
https://www.youtube.com/watch?v=6KnQOxNfPKc;Inside the multibillion‑dollar business of dating apps | Econ World;Reuters;870;4290000;0;1707;2026-02-11T16:30:12.000Z;196;0;oui
https://www.youtube.com/watch?v=6ZbIkgLZDl0;Why Are Shared Values Crucial For Families? - Better Family Relationships;Better Family Relationships;4;865;0;193;2025-09-21T01:21:29.000Z;339;0;oui
https://www.youtube.com/watch?v=2Ju-VGiScnM;Introvert Meets Extrovert: Marriage Survival Guide #shorts;Ardy Roberto Author;3;6160;0;176;2026-01-29T11:57:48.000Z;209;0;oui
https://www.youtube.com/watch?v=NfZ_GSD_98o;Empath or Highly Sensitive? What Energy Sensitivity Actually Is | Healing Through Thoughts;Healing Through Thoughts;0;36;;343;2026-08-24T18:00:08.000Z;2;0;oui
https://www.youtube.com/watch?v=RXbeL1H2GOA;Why Dating Apps Are Engineered to Keep You Single;Engineered to Hook;0;18;;651;2026-08-23T13:00:05.000Z;3;0;oui
https://www.youtube.com/watch?v=5o0dgajDoek;Relationships dating apps and also social media are all designed to keep you single.;Isiah Moshier;3;0;;1026;2026-08-24T15:28:49.000Z;2;0;oui
https://www.youtube.com/watch?v=IjlSv5jopqs;The Science of Love with LA Sigmas | Dr. Ryeal Simms;Dr. Ryeal Simms;1;10;0.1;3765;2026-06-27T22:09:27.000Z;59;0;oui
https://www.youtube.com/watch?v=Denglvlzslw;Healthy Relationship Tips | Dr. Ryeal Simms;Dr. Ryeal Simms;1;10;0.1;1902;2026-06-27T22:21:31.000Z;59;0;oui
https://www.youtube.com/watch?v=AS3VAKTdZnc;Dating Apps Are Designed to Keep You Single (Here's The Proof);Aria's Diaries;10;0;;1701;2026-02-07T14:44:17.000Z;200;0;oui
https://www.youtube.com/watch?v=DYVwivD_0iA;The Psychological Trap of Being Too Agreeable;THE LAST RULE;1;0;;206;2026-01-18T17:02:50.000Z;220;0;oui
https://www.youtube.com/watch?v=mc6bXm2fViY;Top 5 Personality Traits Scientist Found Kills Love Satisfaction;Love Compatibility;16;0;;1026;2026-08-03;23;0;oui
https://www.youtube.com/watch?v=MRw3xGdekn4;Character Explained in 8 Minutes Character Explained in 8 Minutes;Modern Love Exposed;1;936;0;281;2025-12-06T02:30:31.000Z;263;0;oui
https://www.youtube.com/watch?v=zXlv3qxCJwk;Stop Swiping: 5 Genius Places to Meet New People in Real Life;MindBurst;0;2;;13;2026-07-31T03:45:01.000Z;26;0;non
https://www.youtube.com/watch?v=mFOPn365PcQ;Every Communication Habit That Predicts Relationship Success Explained In Detail;Curiosity Love Relationship;0;1;;858;2026-01-15T15:01:38.000Z;223;0;oui
https://www.youtube.com/watch?v=VE_lQ0-pEGQ;Why Dating Apps Are Designed to Keep You Single;The Social Autopsy;1;0;;446;2026-07-14T15:36:48.000Z;43;0;oui
https://www.youtube.com/watch?v=GW3RSNyUZ9Y;Situationship Explained in 6 Minutes;Modern Love Exposed;4;936;0;178;2026-03-19T19:00:23.000Z;160;0;oui
https://www.youtube.com/watch?v=DzcQT6EJL2c;Polyamory isn’t what you think—here’s why | David Hague | TEDxUKY;TEDx Talks;118956;44600000;0;1000;2025-10-13T17:00:26.000Z;317;0;oui
https://www.youtube.com/watch?v=hB7oYOd_wYA;Utah singles talk modern dating: Highs, lows & swipe fatigue;KSL News Utah;1085;475000;0;193;2025-11-14T21:28:05.000Z;284;0;oui
https://www.youtube.com/watch?v=h6ceA8_TEvg;Dating Paradox: Why Dating Apps Make You Feel More Lonely Than Ever;Grumpy & Annoyed;3;573;0.01;354;2025-11-22T12:01:33.000Z;277;0;oui
https://www.youtube.com/watch?v=ccjLurkDHRo&list=RDccjLurkDHRo&start_radio=1;Modern Romance – Original Song About Love in the Age of Apps & DMs;OregonTrailBand;7;61700;0;261;2026-03-03T01:23:42.000Z;176;0;oui
https://www.youtube.com/watch?v=QsSK4oAxIxw;THE UNCOMFORTABLE TRUTH ABOUT MODERN RELATIONSHIPS;Jack Miller;1;13;0.08;348;2026-01-04T14:23:59.000Z;234;0;oui
https://www.youtube.com/watch?v=W428PaFevxg;I Am 38 and Afraid | Single, Successful & Scared of Ending Up Alone;She Knows;4;0;;485;2026-02-18T17:00:48.000Z;189;0;oui
https://www.youtube.com/watch?v=fNV60ncgGuM&list=RDfNV60ncgGuM&start_radio=1;Swipe Fatigue;Phatty Gyrlz - Topic;31;0;;93;2026-01-09T10:01:50.000Z;229;0;non
https://www.youtube.com/watch?v=OOsbeXYy2Gg;The Situationship Explained; The Z Files;0;0;;177;2026-06-22T19:00:11.000Z;65;0;oui
https://www.youtube.com/watch?v=sTmY-6IhyRQ;A Random Reddit Comment Beats the "Relationship Experts" | Married Off Record #1;Married, Off-Record;4;0;;3220;2026-08-19T08:45:26.000Z;7;0;oui